latitude,longitude,elevation,utc_offset_seconds,timezone,timezone_abbreviation
34.059753,-118.2375,91.0,0,GMT,GMT

time,temperature_2m (°C),precipitation (mm),dew_point_2m (°C),relative_humidity_2m (%),wind_speed_10m (km/h),wind_direction_10m (°)
2020-01-01T00:00,18.9,0.00,12.4,66,4.2,110
2020-01-01T01:00,19.9,0.00,6.6,42,4.9,107
2020-01-01T02:00,14.9,0.00,6.8,58,3.4,18
2020-01-01T03:00,11.9,0.00,5.6,65,4.1,15
2020-01-01T04:00,9.9,0.00,4.9,71,4.3,24
2020-01-01T05:00,9.1,0.00,4.2,71,4.7,23
2020-01-01T06:00,8.8,0.00,3.7,71,5.6,27
2020-01-01T07:00,7.7,0.00,3.7,76,4.9,17
2020-01-01T08:00,7.5,0.00,3.1,74,6.0,33
2020-01-01T09:00,7.2,0.00,2.8,73,8.3,2
2020-01-01T10:00,9.5,0.00,1.3,57,6.4,322
2020-01-01T11:00,10.3,0.00,0.6,51,3.6,84
2020-01-01T12:00,7.8,0.00,2.0,66,10.3,78
2020-01-01T13:00,7.9,0.00,2.5,68,11.7,45
2020-01-01T14:00,7.6,0.00,1.5,65,9.0,355
2020-01-01T15:00,7.1,0.00,1.1,66,8.5,62
2020-01-01T16:00,9.7,0.00,2.8,62,9.8,66
2020-01-01T17:00,12.7,0.00,4.3,57,4.4,35
2020-01-01T18:00,15.1,0.00,4.6,49,1.1,108
2020-01-01T19:00,16.5,0.00,4.4,45,5.6,105
2020-01-01T20:00,17.1,0.00,4.7,44,4.1,105
2020-01-01T21:00,17.6,0.00,5.2,44,5.2,115
2020-01-01T22:00,17.7,0.00,5.6,45,1.9,292
2020-01-01T23:00,17.8,0.00,7.2,50,7.8,202
2020-01-02T00:00,17.3,0.00,9.8,61,7.3,213
2020-01-02T01:00,14.1,0.00,10.7,80,8.4,239
2020-01-02T02:00,12.4,0.00,9.8,84,5.1,274
2020-01-02T03:00,13.6,0.00,8.2,70,2.7,337
2020-01-02T04:00,13.4,0.00,7.9,69,4.5,209
2020-01-02T05:00,11.1,0.00,8.4,84,5.2,115
2020-01-02T06:00,9.6,0.00,7.9,89,7.6,85
2020-01-02T07:00,9.2,0.00,7.7,90,7.7,79
2020-01-02T08:00,8.8,0.00,7.7,93,6.9,81
2020-01-02T09:00,8.4,0.00,7.6,94,6.0,57
2020-01-02T10:00,7.9,0.00,7.1,95,5.5,79
2020-01-02T11:00,7.4,0.00,6.6,95,6.1,93
2020-01-02T12:00,8.9,0.00,7.9,94,9.1,81
2020-01-02T13:00,8.7,0.00,8.1,96,8.4,65
2020-01-02T14:00,8.4,0.00,7.5,94,5.4,48
2020-01-02T15:00,7.3,0.00,6.8,97,5.8,83
2020-01-02T16:00,8.2,0.00,7.9,98,14.0,108
2020-01-02T17:00,9.9,0.00,8.6,91,13.7,95
2020-01-02T18:00,12.1,0.00,9.2,82,8.4,59
2020-01-02T19:00,13.9,0.00,10.0,77,7.5,325
2020-01-02T20:00,15.4,0.00,9.6,68,5.4,274
2020-01-02T21:00,16.9,0.00,10.1,65,7.8,202
2020-01-02T22:00,17.1,0.00,11.4,69,10.5,184
2020-01-02T23:00,16.8,0.00,11.4,71,7.8,193
2020-01-03T00:00,17.0,0.00,10.8,67,2.4,333
2020-01-03T01:00,13.9,0.00,10.6,80,7.4,317
2020-01-03T02:00,13.7,0.00,10.3,80,7.7,298
2020-01-03T03:00,15.3,0.00,10.6,74,4.5,299
2020-01-03T04:00,13.2,0.00,9.7,79,4.1,45
2020-01-03T05:00,10.9,0.00,8.2,84,8.0,54
2020-01-03T06:00,10.4,0.00,6.6,78,7.3,33
2020-01-03T07:00,9.9,0.00,5.6,75,9.0,29
2020-01-03T08:00,13.6,0.00,3.8,52,5.7,18
2020-01-03T09:00,14.1,0.00,3.5,49,5.4,42
2020-01-03T10:00,13.9,0.00,3.2,49,6.6,22
2020-01-03T11:00,13.2,0.00,3.2,51,3.6,37
2020-01-03T12:00,13.2,0.00,3.0,50,4.4,305
2020-01-03T13:00,12.9,0.00,3.0,51,5.6,63
2020-01-03T14:00,11.2,0.00,3.2,58,8.1,58
2020-01-03T15:00,12.5,0.00,2.6,51,6.0,33
2020-01-03T16:00,12.9,0.00,2.5,49,4.3,336
2020-01-03T17:00,13.6,0.00,4.9,55,2.4,27
2020-01-03T18:00,16.3,0.00,6.3,52,4.2,31
2020-01-03T19:00,18.5,0.00,6.3,45,4.3,66
2020-01-03T20:00,20.0,0.00,6.6,42,3.8,107
2020-01-03T21:00,20.8,0.00,6.6,40,3.9,158
2020-01-03T22:00,20.9,0.00,7.1,41,5.4,172
2020-01-03T23:00,20.5,0.00,8.0,45,6.2,173
2020-01-04T00:00,19.5,0.00,13.8,69,5.4,180
2020-01-04T01:00,18.1,0.00,9.0,55,6.8,252
2020-01-04T02:00,14.4,0.00,9.3,71,8.0,297
2020-01-04T03:00,13.7,0.00,8.4,70,4.4,351
2020-01-04T04:00,14.0,0.00,7.7,66,1.9,22
2020-01-04T05:00,13.3,0.00,7.3,67,4.1,52
2020-01-04T06:00,12.0,0.00,7.2,72,7.1,75
2020-01-04T07:00,13.0,0.00,7.1,67,6.3,59
2020-01-04T08:00,14.0,0.00,6.7,61,2.7,23
2020-01-04T09:00,13.9,0.00,6.6,61,2.3,51
2020-01-04T10:00,13.8,0.00,6.4,61,2.8,50
2020-01-04T11:00,13.8,0.00,5.7,58,5.6,50
2020-01-04T12:00,11.8,0.00,5.0,63,7.6,71
2020-01-04T13:00,10.0,0.00,4.2,67,9.6,77
2020-01-04T14:00,12.3,0.00,3.2,54,5.9,38
2020-01-04T15:00,12.2,0.00,2.5,52,3.3,49
2020-01-04T16:00,11.0,0.00,5.1,67,5.2,106
2020-01-04T17:00,12.2,0.00,5.3,63,3.4,122
2020-01-04T18:00,13.9,0.00,6.9,63,4.1,105
2020-01-04T19:00,15.7,0.00,7.2,57,2.9,90
2020-01-04T20:00,17.2,0.00,7.2,51,2.2,99
2020-01-04T21:00,18.3,0.00,7.3,49,0.4,180
2020-01-04T22:00,19.0,0.00,7.7,48,2.8,220
2020-01-04T23:00,18.9,0.00,8.4,51,5.2,236
2020-01-05T00:00,16.9,0.00,11.8,72,8.7,246
2020-01-05T01:00,13.3,0.00,10.8,85,7.6,265
2020-01-05T02:00,13.9,0.00,9.6,76,5.0,300
2020-01-05T03:00,13.8,0.00,9.4,75,1.9,68
2020-01-05T04:00,11.1,0.00,8.9,86,7.2,87
2020-01-05T05:00,10.1,0.00,8.2,88,9.0,74
2020-01-05T06:00,9.6,0.00,7.2,85,9.5,61
2020-01-05T07:00,10.9,0.00,6.6,75,7.4,39
2020-01-05T08:00,10.6,0.00,5.6,71,7.6,19
2020-01-05T09:00,10.8,0.00,4.9,67,7.3,11
2020-01-05T10:00,10.1,0.00,4.3,67,5.5,349
2020-01-05T11:00,8.1,0.00,3.8,74,7.3,340
2020-01-05T12:00,10.5,0.00,4.6,67,6.4,308
2020-01-05T13:00,11.4,0.00,4.1,60,5.9,313
2020-01-05T14:00,11.3,0.00,3.8,60,5.2,25
2020-01-05T15:00,9.2,0.00,3.5,68,7.9,3
2020-01-05T16:00,11.9,0.00,3.4,56,3.6,37
2020-01-05T17:00,12.4,0.00,5.4,63,6.1,130
2020-01-05T18:00,13.7,0.00,5.7,58,5.7,125
2020-01-05T19:00,15.4,0.00,5.8,53,6.4,142
2020-01-05T20:00,17.0,0.00,5.8,48,8.0,153
2020-01-05T21:00,18.6,0.00,7.4,48,6.5,161
2020-01-05T22:00,20.0,0.00,7.9,46,3.6,233
2020-01-05T23:00,19.5,0.00,7.8,47,6.5,3
2020-01-06T00:00,16.1,0.00,11.6,75,9.0,178
2020-01-06T01:00,13.7,0.00,11.4,86,3.7,119
2020-01-06T02:00,12.9,0.00,10.9,88,5.4,42
2020-01-06T03:00,11.1,0.00,8.6,85,5.4,37
2020-01-06T04:00,10.2,0.00,6.9,80,4.7,23
2020-01-06T05:00,8.9,0.00,5.4,79,3.7,29
2020-01-06T06:00,7.8,0.00,4.3,79,1.5,14
2020-01-06T07:00,7.2,0.00,3.0,74,2.1,31
2020-01-06T08:00,7.1,0.00,2.2,71,6.7,54
2020-01-06T09:00,6.7,0.00,2.0,72,6.2,36
2020-01-06T10:00,6.9,0.00,0.6,64,2.2,360
2020-01-06T11:00,5.9,0.00,0.2,67,1.8,11
2020-01-06T12:00,7.1,0.00,-0.1,60,4.2,20
2020-01-06T13:00,6.4,0.00,-0.4,61,3.4,18
2020-01-06T14:00,7.1,0.00,-1.5,55,4.9,17
2020-01-06T15:00,7.5,0.00,-1.8,52,6.6,29
2020-01-06T16:00,9.4,0.00,0.2,52,4.6,45
2020-01-06T17:00,13.4,0.00,4.0,53,8.1,69
2020-01-06T18:00,16.1,0.00,5.3,49,5.9,128
2020-01-06T19:00,17.7,0.00,4.2,41,4.8,117
2020-01-06T20:00,19.2,0.00,3.0,34,3.3,103
2020-01-06T21:00,20.3,0.00,3.7,33,2.6,236
2020-01-06T22:00,21.0,0.00,4.0,33,5.9,227
2020-01-06T23:00,21.1,0.00,4.8,34,5.2,214
2020-01-07T00:00,19.1,0.00,12.3,65,5.0,69
2020-01-07T01:00,19.3,0.00,7.7,47,2.6,16
2020-01-07T02:00,14.2,0.00,7.7,65,5.1,4
2020-01-07T03:00,10.8,0.00,5.3,69,6.1,3
2020-01-07T04:00,9.1,0.00,4.0,70,3.0,14
2020-01-07T05:00,8.4,0.00,3.5,72,5.1,39
2020-01-07T06:00,8.1,0.00,2.7,68,5.0,30
2020-01-07T07:00,7.5,0.00,1.9,68,3.8,17
2020-01-07T08:00,6.8,0.00,1.8,71,5.0,21
2020-01-07T09:00,6.5,0.00,1.5,70,5.6,27
2020-01-07T10:00,6.6,0.00,0.9,67,5.6,15
2020-01-07T11:00,6.3,0.00,0.6,67,5.9,14
2020-01-07T12:00,6.1,0.00,0.5,67,5.4,20
2020-01-07T13:00,6.1,0.00,-0.2,64,4.2,20
2020-01-07T14:00,5.4,0.00,-0.2,67,3.8,17
2020-01-07T15:00,5.2,0.00,-0.3,67,4.2,20
2020-01-07T16:00,8.1,0.00,1.5,63,5.0,30
2020-01-07T17:00,12.6,0.00,4.8,59,4.6,39
2020-01-07T18:00,16.0,0.00,4.1,45,1.8,349
2020-01-07T19:00,18.9,0.00,5.0,40,3.1,339
2020-01-07T20:00,21.2,0.00,4.3,33,4.0,355
2020-01-07T21:00,22.5,0.00,3.2,28,2.9,353
2020-01-07T22:00,23.0,0.00,2.5,26,1.0,45
2020-01-07T23:00,22.5,0.00,6.8,36,4.0,185
2020-01-08T00:00,20.8,0.00,8.0,44,4.7,238
2020-01-08T01:00,16.9,0.00,8.4,57,7.9,294
2020-01-08T02:00,13.9,0.00,8.1,68,8.0,342
2020-01-08T03:00,15.0,0.00,4.8,50,2.3,18
2020-01-08T04:00,14.1,0.00,5.7,57,5.1,82
2020-01-08T05:00,11.1,0.00,7.2,76,7.9,90
2020-01-08T06:00,10.6,0.00,7.4,81,8.8,102
2020-01-08T07:00,9.6,0.00,7.1,84,8.3,90
2020-01-08T08:00,9.7,0.00,6.2,79,9.5,79
2020-01-08T09:00,9.6,0.00,6.3,80,11.2,94
2020-01-08T10:00,8.9,0.00,6.4,85,8.8,78
2020-01-08T11:00,9.1,0.00,7.9,92,13.4,85
2020-01-08T12:00,8.5,0.00,6.6,88,8.1,77
2020-01-08T13:00,8.4,0.00,5.8,84,7.6,87
2020-01-08T14:00,8.1,0.00,5.2,82,7.8,77
2020-01-08T15:00,7.1,0.00,4.1,81,8.4,65
2020-01-08T16:00,9.7,0.00,4.2,68,3.0,346
2020-01-08T17:00,12.4,0.00,5.3,62,2.9,7
2020-01-08T18:00,13.9,0.00,8.4,69,7.6,115
2020-01-08T19:00,14.9,0.00,7.7,62,10.7,130
2020-01-08T20:00,16.1,0.00,6.5,53,10.4,136
2020-01-08T21:00,16.8,0.00,7.6,55,6.5,146
2020-01-08T22:00,17.3,0.00,7.8,54,8.7,204
2020-01-08T23:00,15.4,0.00,9.3,67,18.6,224
2020-01-09T00:00,14.1,0.00,10.9,81,10.3,245
2020-01-09T01:00,12.7,0.00,10.6,87,7.6,245
2020-01-09T02:00,11.4,0.00,10.1,92,5.5,281
2020-01-09T03:00,11.5,0.00,9.6,88,5.6,243
2020-01-09T04:00,11.4,0.00,7.8,78,3.4,252
2020-01-09T05:00,8.3,0.00,7.4,94,7.6,45
2020-01-09T06:00,8.0,0.00,7.4,96,5.6,40
2020-01-09T07:00,7.7,0.00,6.9,95,5.1,39
2020-01-09T08:00,7.6,0.00,6.5,93,4.9,36
2020-01-09T09:00,8.4,0.00,6.4,88,4.7,9
2020-01-09T10:00,8.1,0.00,5.8,85,2.3,18
2020-01-09T11:00,7.2,0.00,5.1,87,2.3,18
2020-01-09T12:00,10.6,0.00,9.4,92,2.6,106
2020-01-09T13:00,9.4,0.00,8.9,96,3.0,14
2020-01-09T14:00,9.2,0.00,7.8,91,3.6,354
2020-01-09T15:00,9.3,0.00,7.1,86,3.3,13
2020-01-09T16:00,9.4,0.00,7.1,85,4.5,14
2020-01-09T17:00,11.4,0.00,7.7,77,1.5,194
2020-01-09T18:00,12.8,0.00,6.4,65,5.5,238
2020-01-09T19:00,13.9,0.00,6.9,63,6.8,245
2020-01-09T20:00,14.9,0.00,6.8,58,9.1,252
2020-01-09T21:00,15.8,0.00,5.9,52,10.4,256
2020-01-09T22:00,15.9,0.00,5.3,50,13.4,276
2020-01-09T23:00,15.8,0.00,6.1,52,12.6,273
2020-01-10T00:00,14.6,0.00,8.6,67,10.0,201
2020-01-10T01:00,12.9,0.00,10.5,85,8.4,223
2020-01-10T02:00,11.1,0.00,8.6,85,9.2,301
2020-01-10T03:00,10.1,0.00,7.3,83,5.0,21
2020-01-10T04:00,9.2,0.00,6.2,82,4.1,15
2020-01-10T05:00,8.0,0.00,5.2,82,2.9,7
2020-01-10T06:00,7.8,0.00,4.8,82,3.7,11
2020-01-10T07:00,7.2,0.00,4.7,84,4.1,15
2020-01-10T08:00,6.6,0.00,4.2,85,5.4,53
2020-01-10T09:00,5.2,0.00,4.0,92,4.6,18
2020-01-10T10:00,4.6,0.00,2.7,87,5.9,38
2020-01-10T11:00,4.5,0.00,2.8,89,6.1,93
2020-01-10T12:00,5.1,0.00,5.1,100,5.6,75
2020-01-10T13:00,6.3,0.00,5.1,92,8.9,21
2020-01-10T14:00,6.6,0.00,4.3,86,8.1,45
2020-01-10T15:00,6.1,0.00,3.2,81,7.9,43
2020-01-10T16:00,7.8,0.00,3.2,73,6.7,36
2020-01-10T17:00,9.8,0.00,3.1,63,3.6,53
2020-01-10T18:00,11.9,0.00,3.4,56,6.0,57
2020-01-10T19:00,13.6,0.00,5.9,60,5.2,74
2020-01-10T20:00,14.9,0.00,6.9,59,5.4,90
2020-01-10T21:00,15.8,0.00,6.6,54,5.4,94
2020-01-10T22:00,16.4,0.00,6.2,51,4.0,90
2020-01-10T23:00,16.5,0.00,5.9,49,1.6,63
2020-01-11T00:00,16.9,0.00,6.4,50,3.3,193
2020-01-11T01:00,13.4,0.00,9.7,78,7.5,235
2020-01-11T02:00,12.2,0.00,9.9,86,6.1,270
2020-01-11T03:00,11.4,0.00,8.9,85,6.9,317
2020-01-11T04:00,11.9,0.00,7.8,76,3.1,36
2020-01-11T05:00,9.2,0.00,6.4,83,5.0,60
2020-01-11T06:00,8.2,0.00,5.2,82,5.9,47
2020-01-11T07:00,7.9,0.00,4.6,79,6.6,45
2020-01-11T08:00,7.8,0.00,4.4,79,7.1,41
2020-01-11T09:00,8.1,0.00,4.1,76,7.6,45
2020-01-11T10:00,7.3,0.00,3.2,75,8.9,58
2020-01-11T11:00,7.0,0.00,2.5,73,9.7,51
2020-01-11T12:00,8.1,0.00,2.8,69,5.4,37
2020-01-11T13:00,8.2,0.00,2.2,65,5.7,55
2020-01-11T14:00,6.4,0.00,2.5,76,8.6,75
2020-01-11T15:00,5.8,0.00,2.8,81,9.4,86
2020-01-11T16:00,8.1,0.00,4.1,76,8.5,78
2020-01-11T17:00,10.4,0.00,6.4,77,8.3,92
2020-01-11T18:00,12.4,0.00,8.6,78,9.1,108
2020-01-11T19:00,14.0,0.00,9.7,75,7.7,127
2020-01-11T20:00,14.8,0.00,10.2,74,8.7,128
2020-01-11T21:00,15.4,0.00,10.2,71,7.7,118
2020-01-11T22:00,15.8,0.00,9.9,68,9.0,119
2020-01-11T23:00,15.6,0.00,9.9,68,9.8,126
2020-01-12T00:00,15.6,0.00,9.8,68,8.7,185
2020-01-12T01:00,13.1,0.00,11.1,87,5.5,203
2020-01-12T02:00,12.1,0.00,10.9,92,5.4,217
2020-01-12T03:00,12.1,0.00,10.8,92,3.9,338
2020-01-12T04:00,11.8,0.00,10.4,91,5.4,274
2020-01-12T05:00,10.6,0.00,9.6,93,2.2,9
2020-01-12T06:00,8.7,0.00,8.1,96,7.7,79
2020-01-12T07:00,9.1,0.00,8.4,95,11.6,74
2020-01-12T08:00,8.9,0.00,7.6,92,9.3,28
2020-01-12T09:00,8.9,0.00,7.6,92,10.2,18
2020-01-12T10:00,8.4,0.00,7.3,92,7.6,19
2020-01-12T11:00,7.9,0.00,6.7,91,4.9,17
2020-01-12T12:00,8.6,0.00,7.8,95,5.2,25
2020-01-12T13:00,8.4,0.00,7.9,97,9.0,5
2020-01-12T14:00,8.6,0.00,7.8,95,6.3,13
2020-01-12T15:00,8.1,0.00,7.2,94,6.1,28
2020-01-12T16:00,9.4,0.00,8.2,92,9.2,51
2020-01-12T17:00,10.9,0.00,8.1,83,4.7,23
2020-01-12T18:00,12.1,0.00,7.8,75,1.8,180
2020-01-12T19:00,13.4,0.00,8.2,71,4.6,135
2020-01-12T20:00,14.6,0.00,7.6,62,4.6,108
2020-01-12T21:00,15.6,0.00,7.3,58,4.8,167
2020-01-12T22:00,16.0,0.00,7.8,58,7.2,217
2020-01-12T23:00,15.6,0.00,7.4,58,9.8,242
2020-01-13T00:00,14.9,0.00,8.6,66,8.8,251
2020-01-13T01:00,12.6,0.00,8.9,78,8.7,253
2020-01-13T02:00,11.0,0.00,9.4,90,5.4,266
2020-01-13T03:00,10.3,0.00,8.8,90,2.9,7
2020-01-13T04:00,9.4,0.00,7.5,88,3.6,37
2020-01-13T05:00,8.6,0.00,6.3,85,3.6,45
2020-01-13T06:00,8.1,0.00,5.8,85,4.8,63
2020-01-13T07:00,7.6,0.00,5.7,87,7.2,72
2020-01-13T08:00,7.1,0.00,5.2,88,9.1,72
2020-01-13T09:00,7.8,0.00,5.1,83,6.4,47
2020-01-13T10:00,7.9,0.00,4.9,81,4.4,9
2020-01-13T11:00,7.6,0.00,4.8,83,5.0,339
2020-01-13T12:00,10.1,0.00,6.7,79,5.3,28
2020-01-13T13:00,9.4,0.00,6.7,83,5.9,52
2020-01-13T14:00,8.9,0.00,6.0,82,5.1,39
2020-01-13T15:00,7.1,0.00,4.8,86,4.6,39
2020-01-13T16:00,8.0,0.00,5.2,83,6.9,51
2020-01-13T17:00,10.6,0.00,6.7,77,5.1,82
2020-01-13T18:00,12.4,0.00,6.4,67,5.3,118
2020-01-13T19:00,13.5,0.00,7.2,66,7.0,102
2020-01-13T20:00,14.4,0.00,7.1,62,3.1,111
2020-01-13T21:00,15.6,0.00,6.3,54,3.3,221
2020-01-13T22:00,16.5,0.00,5.9,50,8.5,216
2020-01-13T23:00,15.9,0.00,8.8,63,13.6,217
2020-01-14T00:00,14.6,0.00,10.1,74,11.8,230
2020-01-14T01:00,12.4,0.00,9.9,85,7.2,264
2020-01-14T02:00,10.9,0.00,9.3,90,4.1,315
2020-01-14T03:00,10.1,0.00,8.8,91,3.0,14
2020-01-14T04:00,9.6,0.00,8.2,91,4.3,24
2020-01-14T05:00,8.9,0.00,7.6,92,5.9,43
2020-01-14T06:00,8.5,0.00,6.9,90,7.1,30
2020-01-14T07:00,8.6,0.00,6.4,86,6.1,28
2020-01-14T08:00,8.0,0.00,5.6,85,6.4,38
2020-01-14T09:00,9.6,0.00,5.7,77,5.1,45
2020-01-14T10:00,10.4,0.00,5.8,73,3.9,22
2020-01-14T11:00,7.4,0.00,5.2,86,7.3,340
2020-01-14T12:00,8.4,0.00,4.8,78,6.4,308
2020-01-14T13:00,7.6,0.00,4.0,78,7.0,325
2020-01-14T14:00,9.5,0.00,4.0,69,4.5,346
2020-01-14T15:00,9.1,0.00,3.8,69,5.5,328
2020-01-14T16:00,8.6,0.00,3.9,72,1.5,166
2020-01-14T17:00,10.1,0.00,5.2,71,4.5,104
2020-01-14T18:00,12.4,0.00,6.1,66,6.5,96
2020-01-14T19:00,14.1,0.00,8.2,68,6.1,118
2020-01-14T20:00,15.4,0.00,9.4,67,6.8,148
2020-01-14T21:00,15.6,0.00,9.6,68,7.4,137
2020-01-14T22:00,15.4,0.00,9.4,67,4.3,132
2020-01-14T23:00,15.7,0.00,9.2,65,1.0,45
2020-01-15T00:00,15.4,0.00,10.2,71,8.4,223
2020-01-15T01:00,13.0,0.00,10.8,87,7.9,240
2020-01-15T02:00,11.6,0.00,9.8,89,5.4,270
2020-01-15T03:00,10.5,0.00,9.0,90,5.3,332
2020-01-15T04:00,11.2,0.00,8.9,86,2.2,351
2020-01-15T05:00,9.6,0.00,8.4,93,5.1,86
2020-01-15T06:00,8.9,0.00,8.0,94,5.4,53
2020-01-15T07:00,8.4,0.00,7.2,92,6.9,43
2020-01-15T08:00,8.3,0.00,6.8,90,6.2,36
2020-01-15T09:00,7.7,0.00,6.2,90,4.3,5
2020-01-15T10:00,7.8,0.00,6.0,88,5.8,338
2020-01-15T11:00,9.6,0.00,6.3,80,5.0,330
2020-01-15T12:00,10.6,0.00,6.8,78,0.8,27
2020-01-15T13:00,10.1,0.00,6.8,80,2.1,31
2020-01-15T14:00,9.5,0.00,6.8,83,5.4,42
2020-01-15T15:00,6.4,0.00,5.3,92,9.0,37
2020-01-15T16:00,9.0,0.00,7.2,88,3.0,14
2020-01-15T17:00,11.1,0.00,7.8,80,0.8,27
2020-01-15T18:00,13.1,0.00,8.1,72,1.6,27
2020-01-15T19:00,14.8,0.00,7.6,62,2.6,286
2020-01-15T20:00,16.2,0.00,7.2,55,3.1,291
2020-01-15T21:00,17.5,0.00,7.0,50,2.9,210
2020-01-15T22:00,18.0,0.00,7.7,51,7.2,207
2020-01-15T23:00,17.2,0.00,9.1,59,10.7,230
2020-01-16T00:00,15.9,0.00,10.1,68,10.4,224
2020-01-16T01:00,13.7,0.00,9.8,77,7.4,227
2020-01-16T02:00,11.6,0.00,9.1,85,5.6,243
2020-01-16T03:00,10.2,0.00,8.6,90,7.4,293
2020-01-16T04:00,10.1,0.00,8.2,89,6.2,280
2020-01-16T05:00,9.8,0.00,8.1,89,5.7,235
2020-01-16T06:00,10.6,0.00,8.6,88,1.5,45
2020-01-16T07:00,8.1,0.00,6.5,90,4.8,63
2020-01-16T08:00,8.6,0.00,7.1,90,5.8,112
2020-01-16T09:00,7.8,0.00,7.5,98,5.1,86
2020-01-16T10:00,6.3,0.00,5.8,96,7.6,90
2020-01-16T11:00,6.6,0.00,6.3,99,7.4,104
2020-01-16T12:00,8.9,0.00,8.9,100,5.5,157
2020-01-16T13:00,8.8,0.10,8.8,100,4.3,85
2020-01-16T14:00,9.1,0.10,8.6,97,3.6,53
2020-01-16T15:00,9.4,0.00,7.3,87,1.1,360
2020-01-16T16:00,9.6,0.00,7.4,86,6.6,319
2020-01-16T17:00,10.8,0.10,9.1,89,3.1,306
2020-01-16T18:00,11.9,0.10,9.9,87,2.6,196
2020-01-16T19:00,13.1,0.00,9.9,81,7.8,158
2020-01-16T20:00,14.1,0.10,9.0,71,11.2,176
2020-01-16T21:00,14.2,0.10,8.9,71,14.2,216
2020-01-16T22:00,13.4,0.10,8.2,71,15.9,231
2020-01-16T23:00,13.4,0.00,7.0,65,13.3,213
2020-01-17T00:00,13.2,0.00,7.3,67,14.1,218
2020-01-17T01:00,11.9,0.00,7.3,73,10.3,241
2020-01-17T02:00,10.6,0.00,7.7,82,7.0,249
2020-01-17T03:00,10.4,0.00,7.1,80,4.4,81
2020-01-17T04:00,10.2,0.00,7.4,83,9.4,88
2020-01-17T05:00,10.4,0.40,7.9,85,4.8,77
2020-01-17T06:00,10.3,1.50,8.1,86,8.7,60
2020-01-17T07:00,10.1,1.00,8.2,89,11.4,55
2020-01-17T08:00,9.9,2.10,8.9,94,13.2,68
2020-01-17T09:00,10.1,1.40,8.8,92,14.6,74
2020-01-17T10:00,10.3,0.10,9.1,92,11.0,49
2020-01-17T11:00,10.4,0.00,8.9,90,7.1,41
2020-01-17T12:00,9.9,0.00,8.3,89,4.9,54
2020-01-17T13:00,9.9,0.00,8.0,88,4.7,351
2020-01-17T14:00,8.9,0.00,7.7,92,6.2,306
2020-01-17T15:00,10.1,0.00,8.0,87,1.8,11
2020-01-17T16:00,9.8,0.00,8.3,90,5.4,86
2020-01-17T17:00,11.0,0.00,8.9,87,6.8,87
2020-01-17T18:00,12.7,0.00,5.3,61,9.7,75
2020-01-17T19:00,14.0,0.00,5.1,55,8.1,77
2020-01-17T20:00,14.6,0.00,5.3,54,7.5,73
2020-01-17T21:00,15.1,0.00,6.1,55,9.0,85
2020-01-17T22:00,15.9,0.00,7.1,56,8.0,82
2020-01-17T23:00,16.1,0.00,7.1,55,5.1,135
2020-01-18T00:00,15.4,0.00,8.3,62,8.9,207
2020-01-18T01:00,13.4,0.00,10.1,81,6.6,257
2020-01-18T02:00,12.1,0.00,9.2,83,6.6,311
2020-01-18T03:00,11.1,0.00,7.8,80,6.4,333
2020-01-18T04:00,9.8,0.00,6.8,82,5.2,344
2020-01-18T05:00,8.1,0.00,5.9,87,4.3,360
2020-01-18T06:00,7.5,0.00,4.9,84,4.0,27
2020-01-18T07:00,7.2,0.00,4.1,81,5.2,16
2020-01-18T08:00,7.2,0.00,3.4,77,5.8,30
2020-01-18T09:00,6.7,0.00,2.8,76,6.1,28
2020-01-18T10:00,6.9,0.00,2.1,71,6.4,16
2020-01-18T11:00,8.8,0.00,1.0,58,4.4,35
2020-01-18T12:00,9.4,0.00,0.9,56,7.8,326
2020-01-18T13:00,8.2,0.00,0.7,59,5.8,356
2020-01-18T14:00,5.9,0.00,0.8,69,4.6,18
2020-01-18T15:00,4.6,0.00,0.6,75,3.6,53
2020-01-18T16:00,6.4,0.00,1.4,70,6.7,74
2020-01-18T17:00,9.9,0.00,3.3,64,5.2,115
2020-01-18T18:00,12.1,0.00,2.5,52,3.1,54
2020-01-18T19:00,15.1,0.00,2.0,41,3.9,304
2020-01-18T20:00,17.6,0.00,1.2,33,5.7,252
2020-01-18T21:00,19.1,0.00,2.7,33,6.4,223
2020-01-18T22:00,19.8,0.00,4.7,37,7.9,219
2020-01-18T23:00,19.4,0.00,6.1,42,7.5,215
2020-01-19T00:00,18.1,0.00,8.2,52,6.4,218
2020-01-19T01:00,15.1,0.00,10.2,73,7.3,200
2020-01-19T02:00,15.6,0.00,8.4,62,1.8,360
2020-01-19T03:00,11.2,0.00,7.2,76,3.4,18
2020-01-19T04:00,9.8,0.00,4.6,70,2.2,9
2020-01-19T05:00,8.6,0.00,3.2,69,2.2,9
2020-01-19T06:00,7.5,0.00,2.8,72,2.6,34
2020-01-19T07:00,6.8,0.00,2.5,74,4.6,39
2020-01-19T08:00,6.7,0.00,1.8,71,6.6,41
2020-01-19T09:00,6.8,0.00,0.9,66,4.7,23
2020-01-19T10:00,6.6,0.00,0.0,63,3.8,17
2020-01-19T11:00,5.6,0.00,0.2,68,3.9,22
2020-01-19T12:00,6.1,0.00,0.4,67,7.4,23
2020-01-19T13:00,6.8,0.00,0.2,63,6.2,7
2020-01-19T14:00,7.6,0.00,-1.2,54,4.7,9
2020-01-19T15:00,7.1,0.00,-1.2,56,3.8,17
2020-01-19T16:00,9.4,0.00,3.2,65,5.6,63
2020-01-19T17:00,12.6,0.00,1.7,47,3.3,193
2020-01-19T18:00,14.7,0.00,1.7,41,2.3,129
2020-01-19T19:00,16.9,0.00,1.9,36,0.8,27
2020-01-19T20:00,19.3,0.00,1.1,30,3.3,347
2020-01-19T21:00,20.7,0.00,-0.5,24,5.9,281
2020-01-19T22:00,20.4,0.00,-0.6,24,0.4,270
2020-01-19T23:00,20.1,0.00,2.0,30,5.8,240
2020-01-20T00:00,18.4,0.00,7.9,51,7.0,235
2020-01-20T01:00,16.2,0.00,10.3,68,5.2,196
2020-01-20T02:00,14.8,0.00,10.9,77,7.2,117
2020-01-20T03:00,16.2,0.00,8.6,61,6.1,140
2020-01-20T04:00,16.2,0.00,8.1,58,0.4,360
2020-01-20T05:00,16.2,0.00,7.4,56,1.5,225
2020-01-20T06:00,12.5,0.00,8.4,76,5.7,145
2020-01-20T07:00,11.8,0.00,8.1,78,7.3,99
2020-01-20T08:00,12.7,0.00,7.3,70,6.2,83
2020-01-20T09:00,12.6,0.00,6.8,67,6.1,50
2020-01-20T10:00,11.6,0.00,6.7,72,7.2,84
2020-01-20T11:00,12.6,0.00,6.1,65,4.2,200
2020-01-20T12:00,11.0,0.00,6.8,75,6.1,225
2020-01-20T13:00,11.0,0.00,6.6,74,5.3,332
2020-01-20T14:00,11.1,0.00,6.2,72,6.5,199
2020-01-20T15:00,9.4,0.00,6.7,83,6.2,263
2020-01-20T16:00,11.1,0.00,6.7,75,3.9,326
2020-01-20T17:00,12.4,0.00,7.7,73,4.6,108
2020-01-20T18:00,13.8,0.00,8.3,69,5.1,129
2020-01-20T19:00,14.6,0.00,9.5,71,4.5,61
2020-01-20T20:00,15.8,0.00,9.9,68,4.9,126
2020-01-20T21:00,16.1,0.00,10.7,70,8.3,162
2020-01-20T22:00,16.4,0.00,11.4,73,10.5,172
2020-01-20T23:00,15.9,0.00,11.2,74,9.0,164
2020-01-21T00:00,16.1,0.00,10.3,68,6.6,131
2020-01-21T01:00,14.9,0.00,11.3,79,5.0,159
2020-01-21T02:00,14.6,0.00,11.1,79,5.0,180
2020-01-21T03:00,13.7,0.00,11.7,88,6.1,208
2020-01-21T04:00,13.5,0.00,11.6,89,5.0,201
2020-01-21T05:00,12.1,0.00,11.0,93,6.8,205
2020-01-21T06:00,13.1,0.00,10.6,85,0.5,45
2020-01-21T07:00,12.9,0.00,10.6,86,2.6,146
2020-01-21T08:00,12.2,0.00,10.7,90,3.7,79
2020-01-21T09:00,12.4,0.10,10.1,86,9.1,83
2020-01-21T10:00,12.2,0.10,9.4,82,5.8,83
2020-01-21T11:00,12.1,0.00,9.4,83,4.3,90
2020-01-21T12:00,12.1,0.10,11.7,97,4.5,299
2020-01-21T13:00,12.1,0.00,11.6,97,4.1,322
2020-01-21T14:00,12.8,0.10,11.2,90,3.2,243
2020-01-21T15:00,11.9,0.00,11.3,96,3.6,135
2020-01-21T16:00,12.4,0.00,11.7,96,7.1,139
2020-01-21T17:00,13.3,0.00,11.5,89,6.1,130
2020-01-21T18:00,14.1,0.00,10.8,80,1.8,143
2020-01-21T19:00,14.9,0.00,10.2,73,3.8,139
2020-01-21T20:00,15.8,0.00,9.6,67,5.9,194
2020-01-21T21:00,16.0,0.20,9.1,64,7.9,210
2020-01-21T22:00,15.6,0.10,10.3,70,9.0,233
2020-01-21T23:00,15.2,0.00,10.6,74,7.1,229
2020-01-22T00:00,14.8,0.00,10.0,73,14.0,241
2020-01-22T01:00,13.6,0.00,9.8,77,10.1,264
2020-01-22T02:00,12.6,0.00,10.1,85,4.4,261
2020-01-22T03:00,11.9,0.00,10.1,88,4.8,257
2020-01-22T04:00,11.3,0.00,9.6,90,5.7,288
2020-01-22T05:00,10.8,0.00,9.2,90,5.8,300
2020-01-22T06:00,9.8,0.00,8.5,92,7.6,301
2020-01-22T07:00,10.0,0.00,8.2,89,5.8,292
2020-01-22T08:00,10.1,0.00,8.3,89,2.2,180
2020-01-22T09:00,8.2,0.00,7.7,96,5.6,105
2020-01-22T10:00,8.6,0.00,8.6,100,9.8,84
2020-01-22T11:00,9.1,0.00,8.8,98,7.6,87
2020-01-22T12:00,9.3,0.00,8.6,96,5.2,25
2020-01-22T13:00,8.9,0.00,7.8,92,5.9,14
2020-01-22T14:00,8.8,0.00,7.2,90,3.6,45
2020-01-22T15:00,8.4,0.00,7.1,92,5.3,62
2020-01-22T16:00,8.8,0.00,7.9,94,9.8,54
2020-01-22T17:00,10.4,0.00,8.3,87,8.5,62
2020-01-22T18:00,12.1,0.00,8.6,79,8.6,92
2020-01-22T19:00,13.8,0.00,8.9,73,7.9,93
2020-01-22T20:00,15.3,0.00,9.1,66,4.2,121
2020-01-22T21:00,16.3,0.00,9.6,65,4.0,180
2020-01-22T22:00,16.9,0.00,10.2,65,4.6,198
2020-01-22T23:00,16.8,0.00,10.6,67,3.4,212
2020-01-23T00:00,17.5,0.00,11.1,66,6.1,180
2020-01-23T01:00,15.4,0.00,11.8,79,6.8,180
2020-01-23T02:00,13.3,0.00,11.8,90,4.9,216
2020-01-23T03:00,12.1,0.00,10.9,93,7.1,294
2020-01-23T04:00,11.5,0.00,10.0,91,4.9,324
2020-01-23T05:00,12.1,0.00,9.9,87,2.3,18
2020-01-23T06:00,10.4,0.00,9.4,93,4.1,38
2020-01-23T07:00,9.8,0.00,9.0,95,5.1,45
2020-01-23T08:00,9.1,0.00,8.0,93,5.9,38
2020-01-23T09:00,8.9,0.00,7.2,90,7.0,35
2020-01-23T10:00,8.8,0.00,6.4,85,8.4,43
2020-01-23T11:00,9.5,0.00,5.7,77,7.4,39
2020-01-23T12:00,9.0,0.00,5.3,78,4.9,54
2020-01-23T13:00,9.9,0.00,4.8,71,4.2,31
2020-01-23T14:00,12.4,0.00,4.6,59,2.2,351
2020-01-23T15:00,13.1,0.00,4.7,57,3.7,331
2020-01-23T16:00,12.9,0.00,5.8,62,3.8,311
2020-01-23T17:00,14.5,0.00,6.3,58,2.2,261
2020-01-23T18:00,16.6,0.00,6.8,53,1.1,288
2020-01-23T19:00,19.1,0.00,7.6,47,1.1,270
2020-01-23T20:00,21.1,0.00,7.8,42,1.4,270
2020-01-23T21:00,22.4,0.00,7.8,39,2.8,230
2020-01-23T22:00,22.5,0.00,9.1,42,6.6,229
2020-01-23T23:00,21.1,0.00,10.4,51,9.9,237
2020-01-24T00:00,19.0,0.00,9.8,55,7.6,245
2020-01-24T01:00,16.1,0.00,12.1,77,3.1,201
2020-01-24T02:00,14.3,0.00,10.9,80,2.9,120
2020-01-24T03:00,13.2,0.00,10.4,83,6.5,93
2020-01-24T04:00,12.8,0.00,9.8,82,6.8,58
2020-01-24T05:00,12.4,0.00,9.1,80,5.8,30
2020-01-24T06:00,12.2,0.00,8.1,76,6.0,33
2020-01-24T07:00,11.4,0.00,7.3,76,8.9,43
2020-01-24T08:00,11.6,0.00,5.7,67,8.9,27
2020-01-24T09:00,12.0,0.00,4.0,58,6.9,351
2020-01-24T10:00,14.0,0.00,2.7,46,5.2,348
2020-01-24T11:00,14.4,0.00,1.8,42,4.2,20
2020-01-24T12:00,13.9,0.00,1.8,44,5.9,14
2020-01-24T13:00,13.9,0.00,1.6,43,8.4,80
2020-01-24T14:00,14.4,0.00,0.9,40,7.4,51
2020-01-24T15:00,14.6,0.00,0.8,39,5.0,21
2020-01-24T16:00,14.6,0.00,1.0,40,3.0,14
2020-01-24T17:00,15.4,0.00,3.0,43,1.8,90
2020-01-24T18:00,17.2,0.00,3.8,41,5.5,122
2020-01-24T19:00,18.6,0.00,3.8,37,5.2,124
2020-01-24T20:00,20.1,0.00,4.0,35,4.8,132
2020-01-24T21:00,21.6,0.00,5.7,35,8.9,166
2020-01-24T22:00,21.8,0.00,8.9,44,12.2,180
2020-01-24T23:00,20.5,0.00,10.4,52,11.3,189
2020-01-25T00:00,19.2,0.00,11.3,60,5.6,230
2020-01-25T01:00,16.9,0.00,11.1,69,5.9,223
2020-01-25T02:00,14.6,0.00,10.2,75,5.6,220
2020-01-25T03:00,13.3,0.00,10.4,82,4.7,113
2020-01-25T04:00,12.2,0.00,11.9,98,10.2,98
2020-01-25T05:00,11.4,0.00,11.4,100,9.0,90
2020-01-25T06:00,10.9,0.00,10.6,98,7.0,55
2020-01-25T07:00,10.2,0.00,9.2,94,8.5,54
2020-01-25T08:00,9.7,0.00,7.2,85,4.8,27
2020-01-25T09:00,9.6,0.00,5.6,76,4.8,13
2020-01-25T10:00,9.4,0.00,5.0,74,6.4,16
2020-01-25T11:00,10.2,0.00,5.3,71,6.0,327
2020-01-25T12:00,12.2,0.00,6.3,67,0.4,270
2020-01-25T13:00,11.9,0.00,6.3,69,2.9,180
2020-01-25T14:00,11.6,0.00,6.4,71,4.1,105
2020-01-25T15:00,8.6,0.00,5.6,82,9.4,88
2020-01-25T16:00,11.3,0.00,8.1,81,3.4,32
2020-01-25T17:00,13.1,0.00,7.0,66,1.1,18
2020-01-25T18:00,15.3,0.00,7.2,58,5.4,110
2020-01-25T19:00,17.5,0.00,7.2,51,6.3,114
2020-01-25T20:00,19.2,0.00,8.4,49,2.5,180
2020-01-25T21:00,20.6,0.00,9.3,48,3.3,221
2020-01-25T22:00,21.4,0.00,10.2,49,6.9,219
2020-01-25T23:00,20.7,0.00,12.1,58,9.2,219
2020-01-26T00:00,19.3,0.00,11.8,62,9.7,228
2020-01-26T01:00,16.3,0.00,12.8,80,9.8,246
2020-01-26T02:00,14.1,0.00,11.9,87,4.5,241
2020-01-26T03:00,12.7,0.00,11.3,91,3.4,198
2020-01-26T04:00,12.4,0.00,11.0,91,3.7,169
2020-01-26T05:00,11.4,0.00,10.9,97,4.5,104
2020-01-26T06:00,10.4,0.00,10.3,99,7.7,101
2020-01-26T07:00,12.3,0.00,11.4,95,4.7,99
2020-01-26T08:00,11.7,0.00,11.1,96,4.7,94
2020-01-26T09:00,10.9,0.00,10.6,98,4.7,90
2020-01-26T10:00,10.4,0.00,10.3,100,4.3,95
2020-01-26T11:00,9.6,0.00,9.6,100,4.8,77
2020-01-26T12:00,10.1,0.00,10.0,99,4.2,110
2020-01-26T13:00,10.6,0.00,10.6,100,5.3,118
2020-01-26T14:00,11.1,0.00,11.1,100,4.3,132
2020-01-26T15:00,11.2,0.00,11.1,100,1.8,101
2020-01-26T16:00,11.5,0.00,11.3,99,1.1,270
2020-01-26T17:00,12.0,0.00,11.4,96,1.1,90
2020-01-26T18:00,12.4,0.00,11.2,92,1.1,90
2020-01-26T19:00,13.4,0.00,11.1,86,1.1,270
2020-01-26T20:00,15.2,0.00,11.4,78,1.4,180
2020-01-26T21:00,16.6,0.00,11.4,71,3.4,198
2020-01-26T22:00,17.1,0.00,11.1,67,2.7,203
2020-01-26T23:00,17.0,0.00,11.0,68,6.7,196
2020-01-27T00:00,15.9,0.00,10.7,71,8.1,225
2020-01-27T01:00,14.1,0.00,11.0,81,7.4,241
2020-01-27T02:00,12.6,0.00,11.1,91,3.3,221
2020-01-27T03:00,11.6,0.00,10.8,95,8.7,204
2020-01-27T04:00,10.8,0.00,10.2,96,5.2,196
2020-01-27T05:00,11.0,0.00,10.4,96,6.0,115
2020-01-27T06:00,10.4,0.00,10.4,100,15.5,94
2020-01-27T07:00,9.6,0.00,9.4,99,11.0,71
2020-01-27T08:00,9.7,0.00,8.8,94,6.3,66
2020-01-27T09:00,9.8,0.00,8.2,90,5.2,56
2020-01-27T10:00,9.7,0.00,8.3,91,7.9,74
2020-01-27T11:00,8.6,0.00,7.8,95,8.2,75
2020-01-27T12:00,10.4,0.00,8.5,88,5.0,69
2020-01-27T13:00,9.8,0.00,9.1,96,14.5,84
2020-01-27T14:00,9.1,0.00,8.6,97,6.5,56
2020-01-27T15:00,8.8,0.00,7.4,92,5.4,48
2020-01-27T16:00,9.6,0.00,7.3,86,4.2,59
2020-01-27T17:00,12.8,0.00,8.4,75,2.4,153
2020-01-27T18:00,16.1,0.00,7.8,58,2.1,211
2020-01-27T19:00,18.6,0.00,7.9,50,5.4,127
2020-01-27T20:00,19.5,0.00,8.4,48,11.4,152
2020-01-27T21:00,20.5,0.00,6.5,40,9.8,163
2020-01-27T22:00,22.0,0.00,5.3,34,9.0,164
2020-01-27T23:00,22.4,0.00,7.6,39,13.0,175
2020-01-28T00:00,20.7,0.00,11.4,55,11.3,211
2020-01-28T01:00,18.0,0.00,14.1,78,3.6,135
2020-01-28T02:00,16.2,0.00,11.6,74,6.0,25
2020-01-28T03:00,15.7,0.00,6.7,55,9.8,352
2020-01-28T04:00,13.8,0.00,5.0,55,8.4,353
2020-01-28T05:00,13.1,0.00,4.3,55,9.0,355
2020-01-28T06:00,12.1,0.00,4.4,59,7.6,5
2020-01-28T07:00,11.1,0.00,4.5,64,6.2,7
2020-01-28T08:00,10.4,0.00,4.2,66,4.9,17
2020-01-28T09:00,10.0,0.00,4.2,67,5.3,28
2020-01-28T10:00,9.2,0.00,4.3,72,5.9,38
2020-01-28T11:00,8.9,0.00,4.2,73,6.3,59
2020-01-28T12:00,9.1,0.00,3.3,67,6.9,9
2020-01-28T13:00,9.1,0.00,2.8,64,6.6,49
2020-01-28T14:00,8.9,0.00,2.5,64,6.7,36
2020-01-28T15:00,7.8,0.00,2.5,69,5.1,356
2020-01-28T16:00,11.2,0.00,3.0,57,3.3,347
2020-01-28T17:00,15.8,0.00,3.2,43,4.9,107
2020-01-28T18:00,18.5,0.00,3.6,37,6.1,130
2020-01-28T19:00,20.8,0.00,3.5,32,6.1,152
2020-01-28T20:00,22.5,0.00,3.7,29,7.8,167
2020-01-28T21:00,23.9,0.00,4.2,28,9.4,187
2020-01-28T22:00,24.0,0.00,5.9,31,14.0,203
2020-01-28T23:00,22.2,0.00,5.3,33,18.6,223
2020-01-29T00:00,19.9,0.00,2.3,31,12.0,226
2020-01-29T01:00,18.1,0.00,2.3,35,7.2,217
2020-01-29T02:00,16.5,0.00,3.5,42,7.2,264
2020-01-29T03:00,15.6,0.00,2.3,41,7.6,329
2020-01-29T04:00,14.1,0.00,0.6,40,8.9,333
2020-01-29T05:00,12.9,0.00,-0.4,40,8.1,339
2020-01-29T06:00,12.1,0.00,-1.8,38,8.3,342
2020-01-29T07:00,10.2,0.00,0.2,50,9.4,358
2020-01-29T08:00,9.8,0.00,-0.5,49,6.8,3
2020-01-29T09:00,10.0,0.00,-1.5,45,9.6,326
2020-01-29T10:00,9.1,0.00,0.5,55,11.0,328
2020-01-29T11:00,8.8,0.00,0.2,55,9.2,349
2020-01-29T12:00,10.5,0.00,-0.1,48,12.9,342
2020-01-29T13:00,10.2,0.00,0.3,50,10.0,345
2020-01-29T14:00,8.6,0.00,1.1,59,7.2,6
2020-01-29T15:00,8.3,0.00,1.4,62,7.1,60
2020-01-29T16:00,10.4,0.00,2.7,59,6.9,81
2020-01-29T17:00,13.4,0.00,4.3,54,5.5,148
2020-01-29T18:00,17.5,0.00,3.8,40,9.9,260
2020-01-29T19:00,22.0,0.00,0.1,23,12.0,309
2020-01-29T20:00,23.0,0.00,-4.7,15,13.0,3
2020-01-29T21:00,22.8,0.00,-3.5,17,5.4,42
2020-01-29T22:00,22.9,0.00,-3.8,17,2.1,59
2020-01-29T23:00,23.0,0.00,-6.8,13,2.9,330
2020-01-30T00:00,23.6,0.00,-7.6,12,3.9,56
2020-01-30T01:00,21.2,0.00,1.3,27,5.8,120
2020-01-30T02:00,20.5,0.00,-2.3,21,4.4,215
2020-01-30T03:00,15.9,0.00,1.5,38,9.7,301
2020-01-30T04:00,15.3,0.00,-1.2,32,7.7,332
2020-01-30T05:00,14.3,0.00,-3.0,30,8.2,331
2020-01-30T06:00,13.9,0.00,-4.8,27,10.6,332
2020-01-30T07:00,12.6,0.00,-6.2,27,12.0,344
2020-01-30T08:00,11.6,0.00,-7.0,27,12.4,350
2020-01-30T09:00,10.8,0.00,-6.6,29,11.2,356
2020-01-30T10:00,9.2,0.00,-5.7,34,9.1,7
2020-01-30T11:00,9.8,0.00,-6.2,32,12.6,357
2020-01-30T12:00,8.1,0.00,-5.6,37,7.3,20
2020-01-30T13:00,8.2,0.00,-4.2,41,8.6,75
2020-01-30T14:00,7.7,0.00,-2.5,48,8.2,52
2020-01-30T15:00,7.8,0.00,-4.0,43,7.8,13
2020-01-30T16:00,11.9,0.00,-6.2,28,4.9,17
2020-01-30T17:00,15.4,0.00,-6.2,22,7.1,60
2020-01-30T18:00,18.4,0.00,-7.2,17,5.5,67
2020-01-30T19:00,20.5,0.00,-9.6,12,3.2,63
2020-01-30T20:00,22.2,0.00,-10.7,10,4.7,94
2020-01-30T21:00,23.3,0.00,-10.8,9,5.8,120
2020-01-30T22:00,23.8,0.00,-9.1,11,7.2,174
2020-01-30T23:00,22.5,0.00,-4.6,16,9.7,225
2020-01-31T00:00,20.8,0.00,-3.4,19,9.4,274
2020-01-31T01:00,19.2,0.00,-3.8,21,6.5,276
2020-01-31T02:00,16.9,0.00,-2.2,27,4.7,270
2020-01-31T03:00,17.1,0.00,-2.2,27,0.7,90
2020-01-31T04:00,16.5,0.00,-1.5,29,4.5,76
2020-01-31T05:00,13.9,0.00,-0.6,37,4.3,24
2020-01-31T06:00,12.4,0.00,-0.6,41,5.2,25
2020-01-31T07:00,11.2,0.00,-0.3,45,4.6,45
2020-01-31T08:00,11.2,0.00,-0.4,45,2.4,27
2020-01-31T09:00,10.0,0.00,-0.1,50,6.6,41
2020-01-31T10:00,12.7,0.00,-0.3,41,4.9,36
2020-01-31T11:00,14.6,0.00,-0.9,34,3.8,41
2020-01-31T12:00,16.7,0.00,-1.8,28,2.2,351
2020-01-31T13:00,9.3,0.00,-0.1,52,4.8,27
2020-01-31T14:00,9.2,0.00,0.2,53,9.7,59
2020-01-31T15:00,10.1,0.00,0.2,50,7.9,39
2020-01-31T16:00,12.8,0.00,0.7,44,4.1,15
2020-01-31T17:00,17.5,0.00,0.3,31,3.9,56
2020-01-31T18:00,20.5,0.00,-0.6,24,3.5,66
2020-01-31T19:00,23.1,0.00,-1.5,19,2.7,67
2020-01-31T20:00,24.9,0.00,-2.5,16,2.3,72
2020-01-31T21:00,26.0,0.00,-2.5,15,3.2,153
2020-01-31T22:00,26.6,0.00,-2.2,15,3.3,193
2020-01-31T23:00,26.8,0.00,-1.4,16,7.1,246
2020-02-01T00:00,24.5,0.00,2.8,24,13.8,231
2020-02-01T01:00,21.5,0.00,5.5,35,12.0,224
2020-02-01T02:00,20.1,0.00,7.2,43,5.6,207
2020-02-01T03:00,17.2,0.00,6.6,50,4.9,54
2020-02-01T04:00,15.8,0.00,4.6,47,8.4,65
2020-02-01T05:00,14.6,0.00,1.7,42,4.7,32
2020-02-01T06:00,14.4,0.00,-1.8,33,4.8,27
2020-02-01T07:00,13.8,0.00,-2.8,32,5.8,30
2020-02-01T08:00,13.1,0.00,-3.0,32,4.8,13
2020-02-01T09:00,12.4,0.00,-2.8,34,6.2,7
2020-02-01T10:00,13.1,0.00,-2.7,33,5.8,22
2020-02-01T11:00,16.1,0.00,-2.7,28,6.1,45
2020-02-01T12:00,17.0,0.00,-2.2,27,3.8,73
2020-02-01T13:00,16.8,0.00,-1.8,28,4.3,85
2020-02-01T14:00,16.4,0.00,-1.4,30,4.8,63
2020-02-01T15:00,16.8,0.00,-1.4,29,2.9,360
2020-02-01T16:00,16.9,0.00,-1.6,28,0.8,27
2020-02-01T17:00,18.2,0.00,-1.5,26,1.1,180
2020-02-01T18:00,21.2,0.00,-2.2,21,1.1,198
2020-02-01T19:00,24.3,0.00,-3.2,16,1.6,153
2020-02-01T20:00,26.5,0.00,-3.3,14,3.5,156
2020-02-01T21:00,27.9,0.00,-3.3,13,3.6,186
2020-02-01T22:00,28.5,0.00,-3.5,12,4.2,211
2020-02-01T23:00,28.1,0.00,-2.3,14,7.1,221
2020-02-02T00:00,27.0,0.00,0.9,18,9.4,247
2020-02-02T01:00,23.9,0.00,3.7,27,10.0,255
2020-02-02T02:00,20.8,0.00,5.9,38,5.9,259
2020-02-02T03:00,20.6,0.00,7.1,41,2.2,351
2020-02-02T04:00,18.1,0.00,4.9,42,6.2,21
2020-02-02T05:00,16.4,0.00,2.2,39,5.6,27
2020-02-02T06:00,14.8,0.00,1.3,40,5.3,28
2020-02-02T07:00,14.4,0.00,1.5,42,6.8,25
2020-02-02T08:00,17.6,0.00,1.7,34,6.0,25
2020-02-02T09:00,17.5,0.00,1.5,34,5.7,18
2020-02-02T10:00,16.5,0.00,0.2,33,4.1,345
2020-02-02T11:00,15.8,0.00,-2.2,29,4.5,331
2020-02-02T12:00,16.8,0.00,-3.0,26,2.3,18
2020-02-02T13:00,16.8,0.00,-2.7,26,1.1,342
2020-02-02T14:00,17.1,0.00,-3.0,25,3.1,324
2020-02-02T15:00,14.9,0.00,-2.5,30,7.6,115
2020-02-02T16:00,14.1,0.00,-1.1,35,5.8,86
2020-02-02T17:00,17.0,0.00,-0.8,30,5.1,129
2020-02-02T18:00,18.7,0.00,3.3,36,8.4,130
2020-02-02T19:00,20.6,0.00,6.7,40,13.0,134
2020-02-02T20:00,22.4,0.00,6.5,36,14.8,151
2020-02-02T21:00,22.5,0.00,8.2,40,15.9,174
2020-02-02T22:00,21.1,0.00,10.8,52,15.7,200
2020-02-02T23:00,20.0,0.00,10.6,55,11.6,185
2020-02-03T00:00,18.5,0.00,11.6,64,12.5,168
2020-02-03T01:00,16.1,0.00,11.8,76,15.5,177
2020-02-03T02:00,14.2,0.00,11.9,86,14.6,190
2020-02-03T03:00,14.0,0.00,11.5,85,9.7,182
2020-02-03T04:00,14.0,0.10,10.9,82,5.4,98
2020-02-03T05:00,13.8,0.20,10.6,81,9.5,143
2020-02-03T06:00,13.6,0.00,10.4,81,4.6,252
2020-02-03T07:00,12.9,0.00,-0.2,40,20.2,311
2020-02-03T08:00,12.8,0.00,-5.4,28,22.5,320
2020-02-03T09:00,11.7,0.00,-9.4,22,28.8,326
2020-02-03T10:00,10.5,0.00,-9.4,24,29.2,322
2020-02-03T11:00,9.9,0.00,-8.4,27,24.1,321
2020-02-03T12:00,10.4,0.00,-7.9,27,27.2,332
2020-02-03T13:00,10.9,0.00,-13.3,17,28.3,334
2020-02-03T14:00,10.5,0.00,-12.4,19,37.4,336
2020-02-03T15:00,9.1,0.00,-9.1,27,37.0,325
2020-02-03T16:00,10.1,0.00,-8.2,27,35.3,328
2020-02-03T17:00,11.0,0.00,-7.3,27,34.2,323
2020-02-03T18:00,13.3,0.00,-14.1,14,33.0,333
2020-02-03T19:00,15.2,0.00,-17.6,9,29.6,344
2020-02-03T20:00,16.5,0.00,-18.1,8,24.4,352
2020-02-03T21:00,17.1,0.00,-19.0,7,22.5,353
2020-02-03T22:00,17.3,0.00,-19.3,7,21.1,352
2020-02-03T23:00,16.8,0.00,-18.5,8,22.2,352
2020-02-04T00:00,15.9,0.00,-16.2,10,20.4,8
2020-02-04T01:00,14.6,0.00,-16.2,10,14.8,360
2020-02-04T02:00,12.6,0.00,-15.8,12,8.4,340
2020-02-04T03:00,11.0,0.00,-13.6,16,15.3,300
2020-02-04T04:00,10.1,0.00,-11.8,20,16.9,304
2020-02-04T05:00,9.2,0.00,-11.3,22,6.9,313
2020-02-04T06:00,7.9,0.00,-11.9,23,5.8,30
2020-02-04T07:00,8.6,0.00,-13.0,20,5.9,79
2020-02-04T08:00,6.2,0.00,-13.1,24,5.1,321
2020-02-04T09:00,4.8,0.00,-15.6,21,8.2,311
2020-02-04T10:00,4.3,0.00,-18.4,17,10.5,311
2020-02-04T11:00,3.8,0.00,-19.1,17,9.8,332
2020-02-04T12:00,6.4,0.00,-17.9,16,9.2,249
2020-02-04T13:00,5.7,0.00,-18.1,16,4.7,23
2020-02-04T14:00,6.2,0.00,-17.9,16,2.8,50
2020-02-04T15:00,4.2,0.00,-18.2,18,10.3,331
2020-02-04T16:00,6.6,0.00,-19.8,13,7.6,5
2020-02-04T17:00,9.0,0.00,-19.6,11,3.9,158
2020-02-04T18:00,10.8,0.00,-18.8,11,10.5,202
2020-02-04T19:00,12.4,0.00,-18.9,10,14.3,208
2020-02-04T20:00,13.7,0.00,-19.0,9,14.1,212
2020-02-04T21:00,14.8,0.00,-19.4,8,15.0,215
2020-02-04T22:00,15.7,0.00,-19.4,7,14.4,217
2020-02-04T23:00,15.6,0.00,-16.9,9,16.4,220
2020-02-05T00:00,14.3,0.00,-12.6,14,20.7,219
2020-02-05T01:00,12.7,0.00,-10.2,19,18.6,216
2020-02-05T02:00,11.3,0.00,-9.3,23,9.3,208
2020-02-05T03:00,11.6,0.00,-9.0,23,2.2,81
2020-02-05T04:00,8.6,0.00,-9.6,27,5.5,67
2020-02-05T05:00,6.6,0.00,-10.6,28,5.4,48
2020-02-05T06:00,5.2,0.00,-11.1,30,5.4,53
2020-02-05T07:00,4.8,0.00,-12.2,28,3.8,17
2020-02-05T08:00,4.0,0.00,-13.0,28,3.6,360
2020-02-05T09:00,3.2,0.00,-13.1,29,3.3,6
2020-02-05T10:00,2.2,0.00,-12.7,32,4.3,5
2020-02-05T11:00,2.0,0.00,-12.2,34,6.4,43
2020-02-05T12:00,3.2,0.00,-11.4,34,7.4,51
2020-02-05T13:00,6.7,0.00,-11.9,25,3.4,18
2020-02-05T14:00,7.5,0.00,-12.9,22,4.2,290
2020-02-05T15:00,7.2,0.00,-13.4,22,1.8,281
2020-02-05T16:00,7.2,0.00,-11.8,25,1.9,112
2020-02-05T17:00,9.2,0.00,-12.9,20,5.2,124
2020-02-05T18:00,12.0,0.00,-13.4,16,5.1,135
2020-02-05T19:00,14.0,0.00,-13.1,14,3.4,162
2020-02-05T20:00,15.6,0.00,-13.9,12,1.8,180
2020-02-05T21:00,16.9,0.00,-14.7,10,3.4,212
2020-02-05T22:00,17.5,0.00,-13.0,11,10.7,222
2020-02-05T23:00,16.8,0.00,-7.1,19,13.9,239
2020-02-06T00:00,15.9,0.00,-4.2,25,10.2,231
2020-02-06T01:00,14.1,0.00,-1.5,34,12.1,240
2020-02-06T02:00,12.2,0.00,0.6,45,10.0,232
2020-02-06T03:00,11.0,0.00,1.8,53,3.7,241
2020-02-06T04:00,9.9,0.00,1.8,57,4.6,342
2020-02-06T05:00,9.1,0.00,0.8,56,3.5,24
2020-02-06T06:00,8.9,0.00,-0.4,52,5.6,75
2020-02-06T07:00,8.1,0.00,-1.6,50,6.3,66
2020-02-06T08:00,7.5,0.00,-2.2,50,6.0,57
2020-02-06T09:00,6.6,0.00,-2.2,53,7.9,66
2020-02-06T10:00,6.6,0.00,-2.2,54,6.6,81
2020-02-06T11:00,6.2,0.00,-1.9,56,8.0,80
2020-02-06T12:00,5.8,0.00,-1.5,60,9.5,81
2020-02-06T13:00,5.7,0.00,-2.0,58,10.0,69
2020-02-06T14:00,5.7,0.00,-2.3,56,7.9,51
2020-02-06T15:00,5.9,0.00,-2.6,54,8.4,43
2020-02-06T16:00,8.6,0.00,-2.7,45,8.7,42
2020-02-06T17:00,11.5,0.00,-2.0,39,6.3,66
2020-02-06T18:00,13.4,0.00,-2.4,33,3.6,84
2020-02-06T19:00,15.2,0.00,-4.0,26,2.3,141
2020-02-06T20:00,16.9,0.00,-4.0,24,3.6,180
2020-02-06T21:00,18.2,0.00,-3.3,23,5.5,203
2020-02-06T22:00,19.0,0.00,-1.8,24,9.2,222
2020-02-06T23:00,18.4,0.00,1.4,32,13.6,230
2020-02-07T00:00,17.3,0.00,2.2,36,13.2,225
2020-02-07T01:00,15.4,0.00,1.5,39,14.3,236
2020-02-07T02:00,13.4,0.00,0.8,42,10.1,264
2020-02-07T03:00,12.6,0.00,-0.1,42,3.8,311
2020-02-07T04:00,11.6,0.00,-0.1,45,5.4,356
2020-02-07T05:00,12.1,0.00,-0.2,42,2.6,344
2020-02-07T06:00,9.9,0.00,-0.1,50,5.2,348
2020-02-07T07:00,9.6,0.00,0.1,52,4.2,20
2020-02-07T08:00,8.4,0.00,0.8,59,7.4,39
2020-02-07T09:00,8.8,0.00,1.1,59,7.4,61
2020-02-07T10:00,8.8,0.00,1.4,60,7.6,85
2020-02-07T11:00,8.8,0.00,1.5,60,7.4,61
2020-02-07T12:00,9.6,0.00,3.0,63,5.6,15
2020-02-07T13:00,9.1,0.00,3.0,66,6.7,54
2020-02-07T14:00,6.8,0.00,2.9,76,8.4,31
2020-02-07T15:00,5.9,0.00,2.8,81,9.7,51
2020-02-07T16:00,9.2,0.00,3.0,65,7.1,49
2020-02-07T17:00,12.1,0.00,3.4,55,5.0,60
2020-02-07T18:00,14.6,0.00,3.4,47,3.1,69
2020-02-07T19:00,17.0,0.00,2.7,38,1.3,214
2020-02-07T20:00,19.4,0.00,1.9,31,4.8,228
2020-02-07T21:00,20.8,0.00,2.0,29,8.4,230
2020-02-07T22:00,21.1,0.00,2.5,29,9.2,228
2020-02-07T23:00,21.0,0.00,2.8,30,8.9,220
2020-02-08T00:00,18.6,0.00,4.9,40,10.5,232
2020-02-08T01:00,16.7,0.00,5.5,48,10.4,236
2020-02-08T02:00,14.7,0.00,6.6,58,9.5,245
2020-02-08T03:00,13.6,0.00,6.8,63,4.7,274
2020-02-08T04:00,12.1,0.00,6.7,70,6.0,295
2020-02-08T05:00,11.6,0.00,6.6,71,5.1,278
2020-02-08T06:00,12.1,0.00,6.8,70,2.9,240
2020-02-08T07:00,11.5,0.00,7.2,75,1.9,202
2020-02-08T08:00,11.4,0.00,7.1,75,0.8,63
2020-02-08T09:00,10.8,0.00,7.2,78,3.2,153
2020-02-08T10:00,9.7,0.00,6.9,83,1.6,63
2020-02-08T11:00,8.2,0.00,5.5,83,3.4,32
2020-02-08T12:00,7.0,0.00,4.7,85,7.0,69
2020-02-08T13:00,7.0,0.00,4.6,84,6.8,72
2020-02-08T14:00,6.6,0.00,4.4,86,8.6,75
2020-02-08T15:00,6.8,0.00,5.5,92,5.8,68
2020-02-08T16:00,8.5,0.00,5.4,81,2.5,98
2020-02-08T17:00,12.0,0.00,6.2,68,2.2,90
2020-02-08T18:00,15.2,0.00,5.3,52,1.4,90
2020-02-08T19:00,17.9,0.00,5.1,43,2.1,149
2020-02-08T20:00,20.0,0.00,4.6,36,4.0,170
2020-02-08T21:00,21.1,0.00,5.2,35,8.1,193
2020-02-08T22:00,20.6,0.00,6.2,39,13.0,219
2020-02-08T23:00,19.0,0.00,6.0,43,15.8,229
2020-02-09T00:00,17.3,0.00,9.1,59,13.2,235
2020-02-09T01:00,15.1,0.00,9.8,71,12.1,240
2020-02-09T02:00,13.4,0.00,10.1,80,8.3,236
2020-02-09T03:00,12.7,0.00,10.1,84,4.7,212
2020-02-09T04:00,11.6,0.00,10.2,91,3.1,201
2020-02-09T05:00,10.6,0.00,10.1,97,3.6,135
2020-02-09T06:00,10.2,0.00,9.9,98,3.6,96
2020-02-09T07:00,9.6,0.00,9.4,99,5.8,90
2020-02-09T08:00,9.6,0.00,9.6,100,7.9,87
2020-02-09T09:00,10.2,0.00,10.2,100,11.2,90
2020-02-09T10:00,11.1,0.10,10.8,98,13.4,98
2020-02-09T11:00,11.3,0.10,10.6,96,14.6,100
2020-02-09T12:00,11.9,0.10,10.8,93,14.8,103
2020-02-09T13:00,12.4,0.30,10.3,87,14.4,122
2020-02-09T14:00,11.9,0.30,9.0,83,16.4,119
2020-02-09T15:00,11.4,0.30,8.6,83,13.7,95
2020-02-09T16:00,12.1,0.20,8.7,80,15.5,86
2020-02-09T17:00,12.8,0.00,8.6,76,15.0,73
2020-02-09T18:00,13.6,0.00,8.3,70,16.2,69
2020-02-09T19:00,15.2,0.00,7.8,61,14.6,80
2020-02-09T20:00,14.9,0.20,7.2,60,17.3,113
2020-02-09T21:00,13.4,0.20,8.8,73,14.0,136
2020-02-09T22:00,13.8,0.10,8.8,72,8.2,119
2020-02-09T23:00,12.8,0.20,8.7,76,5.1,129
2020-02-10T00:00,12.5,0.00,7.9,74,3.1,126
2020-02-10T01:00,12.4,0.00,7.5,72,4.7,90
2020-02-10T02:00,11.9,0.00,7.4,74,7.6,3
2020-02-10T03:00,11.6,0.00,7.4,75,5.0,291
2020-02-10T04:00,11.0,0.20,6.8,75,4.6,309
2020-02-10T05:00,10.5,0.40,5.9,73,6.1,298
2020-02-10T06:00,10.6,0.00,3.8,63,9.4,272
2020-02-10T07:00,10.1,0.00,3.0,61,9.9,260
2020-02-10T08:00,9.2,0.00,2.8,64,10.4,256
2020-02-10T09:00,8.6,0.00,3.7,71,8.3,236
2020-02-10T10:00,8.9,0.00,4.1,72,12.4,260
2020-02-10T11:00,9.2,0.20,-0.4,51,14.3,258
2020-02-10T12:00,8.9,0.00,2.2,63,11.0,232
2020-02-10T13:00,10.4,0.10,2.5,58,7.7,242
2020-02-10T14:00,11.5,0.00,-0.8,43,2.8,320
2020-02-10T15:00,9.1,0.00,1.3,58,9.0,209
2020-02-10T16:00,11.3,0.00,-0.2,45,12.9,234
2020-02-10T17:00,14.1,0.00,0.1,38,13.7,240
2020-02-10T18:00,15.1,0.00,-0.6,34,16.1,243
2020-02-10T19:00,17.0,0.00,-1.6,28,14.3,219
2020-02-10T20:00,17.9,0.00,-1.4,27,9.7,202
2020-02-10T21:00,18.9,0.00,-1.4,25,9.5,241
2020-02-10T22:00,20.1,0.00,-1.5,23,12.3,232
2020-02-10T23:00,20.7,0.00,-1.3,23,14.1,232
2020-02-11T00:00,23.0,0.00,-2.7,18,2.6,304
2020-02-11T01:00,20.1,0.00,7.4,44,7.1,294
2020-02-11T02:00,19.2,0.00,-1.8,24,11.5,328
2020-02-11T03:00,17.4,0.00,-1.2,28,9.8,324
2020-02-11T04:00,15.5,0.00,-2.0,30,15.0,318
2020-02-11T05:00,14.4,0.00,-3.0,30,15.5,324
2020-02-11T06:00,14.1,0.00,-3.8,29,17.4,326
2020-02-11T07:00,14.1,0.00,-4.2,28,18.6,324
2020-02-11T08:00,13.6,0.00,-4.4,28,14.0,334
2020-02-11T09:00,11.9,0.00,-4.1,32,9.1,351
2020-02-11T10:00,10.4,0.00,-4.0,36,7.3,9
2020-02-11T11:00,9.1,0.00,-3.3,41,6.7,36
2020-02-11T12:00,9.1,0.00,-3.7,40,9.7,39
2020-02-11T13:00,8.2,0.00,-3.1,45,7.2,72
2020-02-11T14:00,7.2,0.00,-2.0,52,4.4,351
2020-02-11T15:00,7.0,0.00,-2.9,49,5.4,4
2020-02-11T16:00,10.1,0.00,-3.5,38,2.6,56
2020-02-11T17:00,14.1,0.00,-2.3,32,9.1,162
2020-02-11T18:00,16.5,0.00,-3.5,25,7.1,195
2020-02-11T19:00,19.3,0.00,-5.2,19,10.4,214
2020-02-11T20:00,20.5,0.00,-6.4,16,12.2,223
2020-02-11T21:00,21.0,0.00,-5.9,16,11.5,224
2020-02-11T22:00,21.7,0.00,-5.1,16,12.0,226
2020-02-11T23:00,20.8,0.00,-1.4,23,19.2,218
2020-02-12T00:00,19.5,0.00,-3.4,21,16.8,235
2020-02-12T01:00,17.7,0.00,-1.1,28,11.6,265
2020-02-12T02:00,14.9,0.00,4.0,48,5.0,300
2020-02-12T03:00,15.4,0.00,4.6,49,3.8,311
2020-02-12T04:00,12.9,0.00,6.8,66,6.8,90
2020-02-12T05:00,11.6,0.00,4.5,62,6.6,77
2020-02-12T06:00,10.4,0.00,1.6,55,6.5,56
2020-02-12T07:00,9.7,0.00,-0.9,48,8.9,63
2020-02-12T08:00,9.6,0.00,-0.8,48,11.5,76
2020-02-12T09:00,9.3,0.00,-0.1,52,11.5,70
2020-02-12T10:00,9.1,0.00,-0.1,53,9.4,72
2020-02-12T11:00,8.9,0.00,-0.1,53,10.2,80
2020-02-12T12:00,8.1,0.00,-2.5,47,8.4,80
2020-02-12T13:00,7.8,0.00,-2.3,49,7.1,60
2020-02-12T14:00,7.8,0.00,-2.7,47,8.4,59
2020-02-12T15:00,7.7,0.00,-2.7,48,10.5,68
2020-02-12T16:00,10.6,0.00,-2.8,39,11.4,72
2020-02-12T17:00,13.7,0.00,-2.2,33,9.7,88
2020-02-12T18:00,15.5,0.00,0.9,37,8.3,108
2020-02-12T19:00,17.0,0.00,1.1,34,6.9,141
2020-02-12T20:00,18.2,0.00,1.9,34,7.4,157
2020-02-12T21:00,19.1,0.00,3.7,36,9.4,173
2020-02-12T22:00,19.2,0.00,5.5,41,10.9,186
2020-02-12T23:00,18.8,0.00,6.3,44,12.1,190
2020-02-13T00:00,18.2,0.00,6.2,46,11.7,198
2020-02-13T01:00,17.0,0.00,6.8,51,10.0,206
2020-02-13T02:00,15.1,0.00,8.1,63,6.3,204
2020-02-13T03:00,13.8,0.00,9.8,77,5.4,200
2020-02-13T04:00,13.9,0.00,9.8,76,3.6,174
2020-02-13T05:00,11.9,0.00,10.1,89,4.5,104
2020-02-13T06:00,10.7,0.00,9.5,92,4.7,81
2020-02-13T07:00,9.9,0.00,7.5,85,4.8,63
2020-02-13T08:00,8.9,0.00,5.6,80,4.8,63
2020-02-13T09:00,8.4,0.00,4.3,75,4.8,48
2020-02-13T10:00,7.6,0.00,3.8,77,6.2,36
2020-02-13T11:00,7.3,0.00,3.8,78,5.2,16
2020-02-13T12:00,10.6,0.00,5.0,69,1.4,360
2020-02-13T13:00,10.5,0.00,5.2,70,1.4,270
2020-02-13T14:00,8.0,0.00,5.4,84,6.3,347
2020-02-13T15:00,8.1,0.00,5.4,83,4.7,4
2020-02-13T16:00,10.5,0.00,5.8,72,1.3,326
2020-02-13T17:00,13.4,0.00,5.5,59,1.8,127
2020-02-13T18:00,15.6,0.00,4.2,47,3.8,197
2020-02-13T19:00,17.6,0.00,4.0,40,4.5,194
2020-02-13T20:00,19.4,0.00,3.5,35,5.9,194
2020-02-13T21:00,20.5,0.00,3.5,33,8.7,204
2020-02-13T22:00,20.9,0.00,3.7,32,11.9,215
2020-02-13T23:00,20.1,0.00,3.5,33,14.0,228
2020-02-14T00:00,18.5,0.00,2.0,33,16.2,238
2020-02-14T01:00,16.4,0.00,4.2,44,14.5,243
2020-02-14T02:00,14.5,0.00,6.8,60,9.3,242
2020-02-14T03:00,13.6,0.00,7.3,66,4.8,257
2020-02-14T04:00,12.4,0.00,8.2,76,3.6,186
2020-02-14T05:00,11.5,0.00,8.6,82,3.5,156
2020-02-14T06:00,10.6,0.00,9.0,90,5.1,94
2020-02-14T07:00,9.9,0.00,8.1,89,8.2,75
2020-02-14T08:00,9.4,0.00,7.6,89,5.9,76
2020-02-14T09:00,8.4,0.00,6.7,89,7.1,49
2020-02-14T10:00,9.0,0.00,4.7,74,4.8,13
2020-02-14T11:00,11.4,0.00,3.0,57,3.7,29
2020-02-14T12:00,11.9,0.00,3.3,56,1.8,11
2020-02-14T13:00,11.6,0.00,3.2,56,1.6,27
2020-02-14T14:00,10.5,0.00,2.6,58,3.7,79
2020-02-14T15:00,9.9,0.00,2.0,58,2.7,67
2020-02-14T16:00,10.8,0.00,2.1,55,0.8,333
2020-02-14T17:00,13.3,0.00,1.8,45,1.1,180
2020-02-14T18:00,15.6,0.00,2.5,41,2.6,164
2020-02-14T19:00,17.9,0.00,3.7,39,5.2,168
2020-02-14T20:00,19.7,0.00,4.2,36,5.4,172
2020-02-14T21:00,21.0,0.00,4.2,33,6.7,196
2020-02-14T22:00,21.4,0.00,4.7,34,11.6,216
2020-02-14T23:00,19.8,0.00,4.6,37,18.8,234
2020-02-15T00:00,18.6,0.00,3.3,36,16.9,230
2020-02-15T01:00,16.1,0.00,4.6,46,13.3,237
2020-02-15T02:00,14.6,0.00,7.2,61,8.0,234
2020-02-15T03:00,13.5,0.00,9.4,77,5.0,240
2020-02-15T04:00,12.9,0.00,10.2,84,3.5,294
2020-02-15T05:00,12.4,0.00,8.9,79,1.3,56
2020-02-15T06:00,10.4,0.00,8.9,90,5.8,94
2020-02-15T07:00,9.9,0.00,8.5,91,6.3,77
2020-02-15T08:00,9.3,0.00,7.8,90,6.6,77
2020-02-15T09:00,9.1,0.00,6.4,83,7.6,82
2020-02-15T10:00,7.9,0.00,5.3,84,9.2,79
2020-02-15T11:00,8.1,0.00,4.1,76,8.7,52
2020-02-15T12:00,8.0,0.00,5.1,82,8.0,100
2020-02-15T13:00,7.6,0.00,4.7,82,7.6,82
2020-02-15T14:00,7.2,0.00,4.0,80,8.4,65
2020-02-15T15:00,7.6,0.00,3.3,75,7.4,67
2020-02-15T16:00,10.5,0.00,3.9,64,1.8,101
2020-02-15T17:00,12.4,0.00,5.4,62,1.9,158
2020-02-15T18:00,14.9,0.00,5.8,54,6.3,149
2020-02-15T19:00,17.1,0.00,5.4,46,6.3,149
2020-02-15T20:00,19.4,0.00,5.3,40,6.6,171
2020-02-15T21:00,20.8,0.00,6.1,38,9.8,204
2020-02-15T22:00,20.9,0.00,6.8,40,12.3,220
2020-02-15T23:00,20.3,0.00,6.6,41,12.5,229
2020-02-16T00:00,19.5,0.00,6.7,43,13.0,228
2020-02-16T01:00,17.6,0.00,5.9,46,10.5,239
2020-02-16T02:00,15.6,0.00,6.9,56,8.1,238
2020-02-16T03:00,14.6,0.00,8.4,66,5.7,252
2020-02-16T04:00,13.2,0.00,9.6,78,3.1,249
2020-02-16T05:00,12.8,0.00,10.0,83,0.7,180
2020-02-16T06:00,11.4,0.00,9.8,90,4.5,61
2020-02-16T07:00,11.6,0.00,8.4,81,5.0,69
2020-02-16T08:00,10.9,0.00,7.9,82,5.1,82
2020-02-16T09:00,9.9,0.00,7.3,84,7.6,71
2020-02-16T10:00,9.9,0.00,6.9,82,8.4,97
2020-02-16T11:00,9.2,0.00,6.7,84,8.2,67
2020-02-16T12:00,9.1,0.00,6.7,85,8.7,66
2020-02-16T13:00,8.6,0.00,6.7,88,9.0,90
2020-02-16T14:00,8.0,0.00,6.7,92,9.0,92
2020-02-16T15:00,8.4,0.00,7.1,91,7.2,72
2020-02-16T16:00,11.5,0.00,7.6,77,6.4,74
2020-02-16T17:00,13.4,0.00,7.6,68,4.0,85
2020-02-16T18:00,15.4,0.00,6.3,54,1.9,112
2020-02-16T19:00,17.8,0.00,5.8,45,3.5,156
2020-02-16T20:00,20.0,0.00,5.6,39,6.6,193
2020-02-16T21:00,21.2,0.00,5.6,36,11.8,207
2020-02-16T22:00,20.9,0.00,6.6,39,13.8,221
2020-02-16T23:00,19.6,0.00,7.1,44,14.3,231
2020-02-17T00:00,18.0,0.00,7.2,49,13.2,244
2020-02-17T01:00,17.0,0.00,6.9,51,7.2,252
2020-02-17T02:00,15.9,0.00,6.9,55,3.3,276
2020-02-17T03:00,14.8,0.00,6.3,57,2.5,352
2020-02-17T04:00,14.8,0.00,5.4,54,2.3,39
2020-02-17T05:00,12.7,0.00,4.9,59,6.5,93
2020-02-17T06:00,12.2,0.00,4.8,60,5.8,90
2020-02-17T07:00,10.8,0.00,4.7,66,7.1,75
2020-02-17T08:00,9.6,0.00,4.4,70,5.9,79
2020-02-17T09:00,9.1,0.00,4.2,71,6.2,83
2020-02-17T10:00,8.4,0.00,4.3,76,8.0,72
2020-02-17T11:00,8.1,0.00,4.6,79,8.4,80
2020-02-17T12:00,8.9,0.00,5.1,77,10.8,86
2020-02-17T13:00,9.2,0.00,4.8,74,8.7,73
2020-02-17T14:00,8.8,0.00,4.7,76,9.4,67
2020-02-17T15:00,9.3,0.00,4.9,74,7.4,47
2020-02-17T16:00,12.1,0.00,5.7,65,6.7,36
2020-02-17T17:00,13.9,0.00,6.6,61,4.6,72
2020-02-17T18:00,15.9,0.00,6.3,53,3.3,77
2020-02-17T19:00,18.1,0.00,5.8,45,2.4,63
2020-02-17T20:00,20.4,0.00,6.2,39,4.1,135
2020-02-17T21:00,22.2,0.00,6.9,37,6.5,180
2020-02-17T22:00,22.8,0.00,7.5,37,9.1,214
2020-02-17T23:00,22.2,0.00,8.2,41,10.5,229
2020-02-18T00:00,21.0,0.00,9.2,47,11.2,220
2020-02-18T01:00,18.5,0.00,9.9,57,11.7,227
2020-02-18T02:00,16.2,0.00,10.8,70,10.0,240
2020-02-18T03:00,15.4,0.00,11.1,76,5.2,254
2020-02-18T04:00,14.4,0.00,11.3,82,1.9,112
2020-02-18T05:00,13.4,0.00,11.2,87,4.0,100
2020-02-18T06:00,12.4,0.00,11.1,92,4.8,77
2020-02-18T07:00,11.7,0.00,9.8,88,6.9,47
2020-02-18T08:00,11.6,0.00,7.8,78,6.3,59
2020-02-18T09:00,11.6,0.00,6.2,69,5.4,37
2020-02-18T10:00,11.1,0.00,4.7,64,6.6,49
2020-02-18T11:00,10.2,0.00,3.2,62,9.4,90
2020-02-18T12:00,11.1,0.00,8.1,82,4.5,151
2020-02-18T13:00,11.1,0.00,8.8,85,3.4,72
2020-02-18T14:00,11.1,0.00,7.1,76,3.3,77
2020-02-18T15:00,11.5,0.00,7.1,74,6.0,65
2020-02-18T16:00,11.9,0.00,8.6,80,4.8,63
2020-02-18T17:00,13.1,0.00,9.2,78,4.9,73
2020-02-18T18:00,15.9,0.00,8.8,63,3.1,126
2020-02-18T19:00,18.1,0.00,9.1,55,4.3,185
2020-02-18T20:00,20.4,0.00,9.1,48,5.4,200
2020-02-18T21:00,22.1,0.00,8.2,41,7.7,217
2020-02-18T22:00,22.8,0.00,8.7,41,11.7,227
2020-02-18T23:00,21.4,0.00,8.3,43,15.9,232
2020-02-19T00:00,19.1,0.00,10.6,58,17.1,242
2020-02-19T01:00,17.2,0.00,11.7,70,12.6,233
2020-02-19T02:00,15.2,0.00,12.7,85,11.5,238
2020-02-19T03:00,14.4,0.00,12.9,91,6.6,221
2020-02-19T04:00,13.8,0.00,13.0,95,6.5,177
2020-02-19T05:00,13.5,0.00,13.0,97,7.9,177
2020-02-19T06:00,13.9,0.00,12.8,92,7.6,180
2020-02-19T07:00,14.1,0.00,12.4,90,7.5,163
2020-02-19T08:00,13.9,0.00,12.1,89,6.5,146
2020-02-19T09:00,13.6,0.00,12.0,90,5.2,146
2020-02-19T10:00,13.1,0.00,11.9,93,1.9,158
2020-02-19T11:00,12.6,0.00,11.9,96,2.6,344
2020-02-19T12:00,13.0,0.00,11.6,91,3.9,34
2020-02-19T13:00,12.7,0.00,11.1,90,6.2,69
2020-02-19T14:00,11.5,0.00,10.2,92,6.1,40
2020-02-19T15:00,11.7,0.00,10.2,91,7.5,55
2020-02-19T16:00,12.5,0.00,10.1,85,5.1,51
2020-02-19T17:00,13.8,0.00,9.0,73,4.0,85
2020-02-19T18:00,16.1,0.00,8.4,60,3.6,143
2020-02-19T19:00,18.4,0.00,9.1,55,4.7,180
2020-02-19T20:00,20.1,0.00,9.5,50,7.1,210
2020-02-19T21:00,21.0,0.00,9.4,47,10.0,218
2020-02-19T22:00,21.1,0.00,9.4,47,12.7,223
2020-02-19T23:00,20.5,0.00,8.9,47,14.3,229
2020-02-20T00:00,19.4,0.00,10.6,57,12.6,233
2020-02-20T01:00,18.3,0.00,10.4,60,11.0,232
2020-02-20T02:00,16.4,0.00,11.1,71,10.2,238
2020-02-20T03:00,15.2,0.00,11.4,78,5.9,256
2020-02-20T04:00,14.4,0.00,11.6,83,4.0,243
2020-02-20T05:00,13.4,0.00,11.9,91,2.7,203
2020-02-20T06:00,12.6,0.00,11.8,95,4.8,77
2020-02-20T07:00,12.1,0.00,11.2,95,4.4,55
2020-02-20T08:00,11.4,0.00,9.0,85,3.4,32
2020-02-20T09:00,11.1,0.00,5.2,67,3.4,18
2020-02-20T10:00,10.6,0.00,2.0,55,5.9,38
2020-02-20T11:00,11.9,0.00,0.4,46,5.0,21
2020-02-20T12:00,9.9,0.00,3.0,62,6.5,87
2020-02-20T13:00,12.0,0.00,2.3,51,2.5,352
2020-02-20T14:00,12.5,0.00,5.6,63,4.8,312
2020-02-20T15:00,11.1,0.00,4.6,64,4.7,58
2020-02-20T16:00,13.6,0.00,2.8,48,0.8,63
2020-02-20T17:00,16.8,0.00,3.3,41,1.0,225
2020-02-20T18:00,20.6,0.00,-0.9,24,2.9,90
2020-02-20T19:00,23.8,0.00,-3.9,16,8.5,102
2020-02-20T20:00,25.5,0.00,-2.8,15,8.7,135
2020-02-20T21:00,26.4,0.00,-0.9,17,8.1,167
2020-02-20T22:00,26.9,0.00,-0.1,17,8.0,188
2020-02-20T23:00,27.0,0.00,-0.1,17,8.6,202
2020-02-21T00:00,26.1,0.00,1.5,20,12.5,213
2020-02-21T01:00,22.4,0.00,5.7,34,14.7,242
2020-02-21T02:00,19.8,0.00,4.8,37,8.4,260
2020-02-21T03:00,18.9,0.00,4.6,39,4.5,299
2020-02-21T04:00,18.5,0.00,4.2,39,0.8,27
2020-02-21T05:00,16.1,0.00,4.2,45,4.6,72
2020-02-21T06:00,14.8,0.00,4.0,48,5.4,53
2020-02-21T07:00,14.4,0.00,2.6,45,3.8,17
2020-02-21T08:00,14.4,0.00,1.7,42,5.2,25
2020-02-21T09:00,14.8,0.00,1.5,40,7.0,35
2020-02-21T10:00,15.1,0.00,1.1,38,4.7,360
2020-02-21T11:00,14.6,0.00,0.6,38,4.0,355
2020-02-21T12:00,14.7,0.00,0.9,39,6.6,29
2020-02-21T13:00,16.8,0.00,-0.5,31,3.4,238
2020-02-21T14:00,15.9,0.00,-0.4,33,3.3,13
2020-02-21T15:00,16.0,0.00,-0.4,33,1.0,315
2020-02-21T16:00,15.9,0.00,0.2,34,3.3,49
2020-02-21T17:00,19.3,0.00,-1.5,25,7.6,71
2020-02-21T18:00,22.2,0.00,-2.8,19,11.3,97
2020-02-21T19:00,23.8,0.00,-0.3,20,12.0,139
2020-02-21T20:00,24.4,0.00,1.8,23,11.8,160
2020-02-21T21:00,24.6,0.00,3.2,25,15.3,161
2020-02-21T22:00,24.1,0.00,2.8,25,15.5,168
2020-02-21T23:00,23.2,0.00,4.3,29,13.2,158
2020-02-22T00:00,24.0,0.00,4.2,28,13.3,182
2020-02-22T01:00,20.8,0.00,8.3,45,14.1,186
2020-02-22T02:00,18.8,0.00,8.8,52,11.6,154
2020-02-22T03:00,16.5,1.50,11.8,74,9.7,153
2020-02-22T04:00,15.8,0.00,13.2,85,9.4,113
2020-02-22T05:00,15.1,0.00,13.4,89,13.5,132
2020-02-22T06:00,14.6,0.00,13.4,92,12.9,120
2020-02-22T07:00,14.2,0.00,13.4,95,13.9,107
2020-02-22T08:00,13.9,0.00,13.3,96,15.0,114
2020-02-22T09:00,13.9,0.00,12.9,93,13.8,133
2020-02-22T10:00,13.6,0.10,11.9,90,13.4,126
2020-02-22T11:00,13.2,0.30,11.4,89,10.6,156
2020-02-22T12:00,13.2,0.20,10.9,86,11.9,166
2020-02-22T13:00,12.6,0.10,10.8,89,7.8,112
2020-02-22T14:00,12.2,0.10,10.2,87,10.3,102
2020-02-22T15:00,12.1,0.00,10.4,89,8.0,80
2020-02-22T16:00,13.6,0.10,10.1,80,8.3,92
2020-02-22T17:00,14.6,0.10,9.7,72,10.8,127
2020-02-22T18:00,15.9,0.00,8.6,62,9.2,154
2020-02-22T19:00,14.8,0.10,8.4,66,15.2,234
2020-02-22T20:00,16.0,0.10,8.1,59,9.8,287
2020-02-22T21:00,17.1,0.00,7.1,52,7.3,281
2020-02-22T22:00,17.8,0.00,5.8,45,6.3,246
2020-02-22T23:00,17.1,0.10,6.4,49,16.1,241
2020-02-23T00:00,15.2,0.00,9.8,70,5.8,270
2020-02-23T01:00,14.9,0.40,9.6,70,8.6,248
2020-02-23T02:00,14.1,0.00,10.2,77,6.6,241
2020-02-23T03:00,13.7,0.10,10.8,82,5.2,214
2020-02-23T04:00,13.2,0.10,10.9,86,5.4,228
2020-02-23T05:00,13.2,0.00,10.9,86,5.1,231
2020-02-23T06:00,13.2,0.00,11.1,87,2.8,230
2020-02-23T07:00,12.8,0.00,11.3,91,2.7,203
2020-02-23T08:00,12.8,0.00,10.9,89,2.4,153
2020-02-23T09:00,12.1,0.00,10.9,93,2.5,90
2020-02-23T10:00,11.1,0.00,10.4,95,5.0,120
2020-02-23T11:00,10.9,0.00,10.4,96,5.4,132
2020-02-23T12:00,11.4,0.00,10.9,97,2.6,34
2020-02-23T13:00,12.2,0.00,11.1,92,2.3,342
2020-02-23T14:00,12.4,0.00,11.2,92,4.3,222
2020-02-23T15:00,11.9,0.00,11.2,95,2.5,172
2020-02-23T16:00,13.1,0.00,10.6,85,2.5,180
2020-02-23T17:00,14.2,0.00,9.7,74,3.7,169
2020-02-23T18:00,15.2,0.00,9.4,68,4.5,151
2020-02-23T19:00,16.3,0.00,9.2,63,4.6,108
2020-02-23T20:00,18.0,0.00,9.1,56,4.4,81
2020-02-23T21:00,19.8,0.00,8.4,48,2.3,141
2020-02-23T22:00,19.9,0.00,8.6,48,12.7,225
2020-02-23T23:00,17.7,0.00,10.7,64,16.6,231
2020-02-24T00:00,17.4,0.00,10.3,63,12.0,226
2020-02-24T01:00,16.1,0.00,10.1,67,10.2,231
2020-02-24T02:00,14.1,0.00,10.2,77,7.9,254
2020-02-24T03:00,12.9,0.00,10.1,83,5.9,281
2020-02-24T04:00,11.9,0.00,10.2,89,5.3,332
2020-02-24T05:00,11.6,0.00,9.6,87,2.6,56
2020-02-24T06:00,11.1,0.00,9.4,89,4.0,85
2020-02-24T07:00,10.4,0.00,9.1,91,5.2,78
2020-02-24T08:00,9.6,0.00,8.6,93,5.5,67
2020-02-24T09:00,9.1,0.00,8.1,93,6.9,62
2020-02-24T10:00,9.1,0.00,7.6,91,8.1,58
2020-02-24T11:00,8.9,0.00,7.2,88,6.6,49
2020-02-24T12:00,10.1,0.00,8.5,90,5.6,40
2020-02-24T13:00,9.6,0.00,8.1,91,7.4,47
2020-02-24T14:00,9.4,0.00,8.3,93,8.4,50
2020-02-24T15:00,10.4,0.00,9.1,92,6.1,45
2020-02-24T16:00,11.7,0.00,9.6,87,7.6,31
2020-02-24T17:00,12.9,0.00,8.9,76,5.0,30
2020-02-24T18:00,14.4,0.00,8.6,68,2.2,9
2020-02-24T19:00,16.5,0.00,8.4,59,1.5,346
2020-02-24T20:00,18.6,0.00,8.8,53,1.9,202
2020-02-24T21:00,19.7,0.00,10.2,54,5.6,243
2020-02-24T22:00,19.6,0.00,11.6,60,8.9,249
2020-02-24T23:00,19.2,0.00,11.8,62,9.7,248
2020-02-25T00:00,18.9,0.00,11.6,63,11.2,255
2020-02-25T01:00,17.3,0.00,11.6,69,8.3,268
2020-02-25T02:00,14.9,0.00,11.6,81,5.8,266
2020-02-25T03:00,13.2,0.00,11.9,91,3.1,234
2020-02-25T04:00,12.8,0.00,11.6,93,5.4,98
2020-02-25T05:00,11.7,0.00,11.2,97,7.9,87
2020-02-25T06:00,11.2,0.00,10.6,96,6.4,74
2020-02-25T07:00,11.6,0.00,10.0,90,5.7,55
2020-02-25T08:00,11.3,0.00,8.8,84,5.9,38
2020-02-25T09:00,10.9,0.00,6.3,74,5.9,43
2020-02-25T10:00,10.1,0.00,5.8,74,7.9,43
2020-02-25T11:00,11.4,0.00,5.6,67,5.8,7
2020-02-25T12:00,9.9,0.00,5.4,74,8.5,102
2020-02-25T13:00,9.2,0.00,5.2,76,3.6,37
2020-02-25T14:00,10.1,0.00,3.7,65,4.7,351
2020-02-25T15:00,9.9,0.00,2.0,58,1.9,22
2020-02-25T16:00,13.2,0.00,3.2,51,4.3,48
2020-02-25T17:00,17.0,0.00,4.6,44,1.8,127
2020-02-25T18:00,20.2,0.00,2.5,31,3.6,233
2020-02-25T19:00,23.1,0.00,-0.2,21,5.6,220
2020-02-25T20:00,25.5,0.00,-1.5,17,7.6,205
2020-02-25T21:00,27.0,0.00,-1.1,16,10.8,206
2020-02-25T22:00,27.9,0.00,-1.1,15,10.1,215
2020-02-25T23:00,28.0,0.00,-0.3,16,10.6,235
2020-02-26T00:00,25.5,0.00,-3.2,15,14.8,273
2020-02-26T01:00,23.8,0.00,-3.0,17,11.5,290
2020-02-26T02:00,20.7,0.00,-1.3,23,10.5,308
2020-02-26T03:00,18.5,0.00,2.0,33,6.0,327
2020-02-26T04:00,16.4,0.00,3.6,43,4.7,67
2020-02-26T05:00,15.9,0.00,2.0,39,7.5,55
2020-02-26T06:00,15.3,0.00,0.4,36,9.7,75
2020-02-26T07:00,14.4,0.00,0.1,38,8.0,54
2020-02-26T08:00,13.8,0.00,-1.4,35,9.7,45
2020-02-26T09:00,12.8,0.00,-2.3,35,7.7,41
2020-02-26T10:00,11.9,0.00,-2.1,38,6.8,25
2020-02-26T11:00,11.2,0.00,-1.1,42,9.3,28
2020-02-26T12:00,10.4,0.00,-2.1,41,4.8,13
2020-02-26T13:00,13.4,0.00,-4.7,28,6.0,73
2020-02-26T14:00,15.4,0.00,-6.8,21,0.4,360
2020-02-26T15:00,13.1,0.00,-4.0,30,5.9,322
2020-02-26T16:00,15.6,0.00,-5.2,23,4.0,297
2020-02-26T17:00,17.6,0.00,-6.2,19,2.3,129
2020-02-26T18:00,19.5,0.00,-8.8,14,1.0,135
2020-02-26T19:00,21.5,0.00,-9.1,12,3.3,221
2020-02-26T20:00,23.5,0.00,-9.0,11,6.9,231
2020-02-26T21:00,25.2,0.00,-8.2,10,7.5,215
2020-02-26T22:00,26.3,0.00,-7.6,10,8.7,204
2020-02-26T23:00,26.3,0.00,-7.3,10,13.3,232
2020-02-27T00:00,24.4,0.00,-7.3,12,16.7,233
2020-02-27T01:00,21.3,0.00,-6.9,14,13.6,253
2020-02-27T02:00,18.5,0.00,-3.3,23,6.2,291
2020-02-27T03:00,17.6,0.00,-1.5,27,2.9,7
2020-02-27T04:00,16.4,0.00,-0.5,32,2.6,34
2020-02-27T05:00,15.2,0.00,-0.5,34,3.4,32
2020-02-27T06:00,14.2,0.00,-0.6,36,3.9,34
2020-02-27T07:00,13.8,0.00,-1.0,36,4.1,15
2020-02-27T08:00,13.7,0.00,-1.5,35,5.2,16
2020-02-27T09:00,12.2,0.00,-0.2,42,7.2,18
2020-02-27T10:00,13.8,0.00,-1.2,35,6.8,18
2020-02-27T11:00,16.5,0.00,-2.7,27,4.6,45
2020-02-27T12:00,12.9,0.00,-2.4,34,7.9,51
2020-02-27T13:00,12.4,0.00,-2.8,35,7.1,45
2020-02-27T14:00,10.5,0.00,-2.4,40,5.2,34
2020-02-27T15:00,10.9,0.00,-2.4,39,4.3,24
2020-02-27T16:00,15.4,0.00,-1.5,31,7.0,21
2020-02-27T17:00,20.5,0.00,-2.6,21,3.4,238
2020-02-27T18:00,23.4,0.00,-5.0,15,2.9,210
2020-02-27T19:00,25.7,0.00,-6.3,12,3.3,131
2020-02-27T20:00,27.1,0.00,-7.3,10,2.6,164
2020-02-27T21:00,28.7,0.00,-8.4,8,1.6,207
2020-02-27T22:00,29.6,0.00,-8.9,8,1.4,270
2020-02-27T23:00,30.0,0.00,-8.8,7,4.4,261
2020-02-28T00:00,28.1,0.00,-6.6,10,8.7,228
2020-02-28T01:00,25.6,0.00,-2.4,16,11.0,247
2020-02-28T02:00,23.5,0.00,1.9,24,5.2,254
2020-02-28T03:00,22.6,0.00,2.3,26,0.8,27
2020-02-28T04:00,21.0,0.00,1.0,26,4.8,77
2020-02-28T05:00,19.8,0.00,0.8,28,6.2,54
2020-02-28T06:00,18.8,0.00,1.5,31,4.3,24
2020-02-28T07:00,17.9,0.00,1.0,32,5.8,22
2020-02-28T08:00,17.0,0.00,0.6,33,4.3,360
2020-02-28T09:00,16.8,0.00,0.2,32,5.1,4
2020-02-28T10:00,16.0,0.00,-0.4,32,5.2,12
2020-02-28T11:00,16.8,0.00,-1.1,30,6.2,21
2020-02-28T12:00,18.9,0.00,-1.6,25,3.3,6
2020-02-28T13:00,17.2,0.00,-3.0,25,6.4,16
2020-02-28T14:00,18.1,0.00,-4.0,22,6.4,27
2020-02-28T15:00,15.5,0.00,-5.1,24,9.1,7
2020-02-28T16:00,19.4,0.00,-5.2,18,3.6,360
2020-02-28T17:00,22.8,0.00,-6.4,14,1.5,76
2020-02-28T18:00,25.8,0.00,-7.3,11,6.5,90
2020-02-28T19:00,28.5,0.00,-8.8,8,10.7,104
2020-02-28T20:00,29.8,0.00,-10.6,7,10.4,160
2020-02-28T21:00,30.2,0.00,-11.2,6,10.4,194
2020-02-28T22:00,30.1,0.00,-10.8,6,12.5,213
2020-02-28T23:00,28.9,0.00,-9.6,7,20.4,224
2020-02-29T00:00,27.5,0.00,-6.1,11,21.6,208
2020-02-29T01:00,25.0,0.00,-4.1,14,14.0,222
2020-02-29T02:00,22.5,0.00,-1.6,20,4.1,308
2020-02-29T03:00,21.4,0.00,-1.7,21,4.0,175
2020-02-29T04:00,19.0,0.00,4.9,39,12.2,156
2020-02-29T05:00,17.7,0.00,6.6,48,9.7,117
2020-02-29T06:00,16.6,0.00,6.8,52,11.5,104
2020-02-29T07:00,16.0,0.00,5.2,49,8.8,99
2020-02-29T08:00,14.9,0.00,6.9,59,6.8,162
2020-02-29T09:00,15.1,0.00,9.0,67,6.9,174
2020-02-29T10:00,15.3,0.00,9.4,68,5.9,142
2020-02-29T11:00,14.6,0.00,9.7,73,4.8,77
2020-02-29T12:00,12.9,0.00,8.2,73,3.3,13
2020-02-29T13:00,14.2,0.00,6.2,58,1.3,34
2020-02-29T14:00,13.1,0.00,5.2,59,5.9,79
2020-02-29T15:00,13.6,0.00,5.1,56,8.3,108
2020-02-29T16:00,15.5,0.00,5.2,50,12.3,140
2020-02-29T17:00,16.9,0.00,7.1,53,10.7,140
2020-02-29T18:00,18.5,0.00,7.8,50,10.9,136
2020-02-29T19:00,20.0,0.00,8.0,46,13.0,156
2020-02-29T20:00,21.3,0.00,6.7,39,13.8,160
2020-02-29T21:00,21.9,0.00,5.8,35,14.9,173
2020-02-29T22:00,22.2,0.00,5.3,33,14.7,191
2020-02-29T23:00,21.2,0.00,6.8,39,16.9,207
2020-03-01T00:00,20.7,0.00,7.4,42,12.0,201
2020-03-01T01:00,19.0,0.00,9.6,54,13.6,197
2020-03-01T02:00,16.3,0.00,11.5,73,13.9,201
2020-03-01T03:00,15.4,0.00,11.9,80,7.6,185
2020-03-01T04:00,15.1,0.00,11.9,81,8.0,175
2020-03-01T05:00,14.6,0.00,11.8,83,8.4,155
2020-03-01T06:00,14.1,0.00,11.4,84,10.8,120
2020-03-01T07:00,13.6,0.00,11.3,86,10.4,110
2020-03-01T08:00,13.3,0.00,11.4,88,9.3,118
2020-03-01T09:00,13.1,0.00,11.4,89,9.9,109
2020-03-01T10:00,12.9,0.00,11.1,89,7.7,101
2020-03-01T11:00,12.2,0.20,10.9,92,5.7,108
2020-03-01T12:00,12.8,0.10,7.4,70,15.0,125
2020-03-01T13:00,13.1,0.20,8.3,73,8.3,124
2020-03-01T14:00,13.0,0.30,9.1,77,5.5,148
2020-03-01T15:00,12.9,0.10,9.1,77,7.6,155
2020-03-01T16:00,13.6,0.00,7.7,67,11.0,157
2020-03-01T17:00,14.8,0.10,6.8,59,18.4,203
2020-03-01T18:00,14.8,0.00,3.8,48,22.0,220
2020-03-01T19:00,15.1,0.00,3.0,44,21.2,228
2020-03-01T20:00,15.4,0.00,3.1,44,21.4,226
2020-03-01T21:00,14.9,0.00,3.2,46,18.6,229
2020-03-01T22:00,14.9,0.00,2.3,43,15.6,232
2020-03-01T23:00,14.1,0.00,3.0,47,16.7,233
2020-03-02T00:00,13.6,0.00,4.3,54,16.6,219
2020-03-02T01:00,13.1,0.00,4.3,55,11.6,210
2020-03-02T02:00,12.4,0.00,5.7,64,9.7,202
2020-03-02T03:00,11.9,0.00,6.2,68,6.6,167
2020-03-02T04:00,11.5,0.20,6.3,70,7.1,135
2020-03-02T05:00,11.1,0.20,6.3,73,8.2,119
2020-03-02T06:00,10.8,0.20,6.7,76,7.5,107
2020-03-02T07:00,10.8,0.80,7.0,77,9.4,86
2020-03-02T08:00,10.4,0.40,7.4,81,8.3,72
2020-03-02T09:00,10.0,0.10,7.3,83,6.9,28
2020-03-02T10:00,9.6,0.00,7.7,88,3.1,36
2020-03-02T11:00,9.0,0.00,7.2,88,2.6,16
2020-03-02T12:00,8.1,0.00,4.3,77,7.9,317
2020-03-02T13:00,8.5,0.00,3.5,71,7.6,315
2020-03-02T14:00,8.1,0.00,2.0,66,6.9,298
2020-03-02T15:00,8.7,0.00,0.6,57,8.3,272
2020-03-02T16:00,11.8,0.00,-0.2,44,6.6,209
2020-03-02T17:00,14.4,0.00,0.2,38,9.7,195
2020-03-02T18:00,16.1,0.00,-0.2,33,8.6,213
2020-03-02T19:00,18.5,0.00,-1.4,26,5.9,218
2020-03-02T20:00,20.1,0.00,-3.2,20,4.4,125
2020-03-02T21:00,21.1,0.00,-4.7,17,5.8,176
2020-03-02T22:00,21.9,0.00,-5.4,16,5.0,159
2020-03-02T23:00,22.0,0.00,-5.8,15,4.0,175
2020-03-03T00:00,21.6,0.00,-4.7,17,2.6,106
2020-03-03T01:00,21.5,0.00,-4.9,17,3.7,169
2020-03-03T02:00,20.1,0.00,-4.9,18,9.8,204
2020-03-03T03:00,19.0,0.00,-5.2,19,9.0,275
2020-03-03T04:00,17.2,0.00,-3.6,24,23.3,325
2020-03-03T05:00,15.9,0.00,-2.5,28,22.4,332
2020-03-03T06:00,14.6,0.00,-3.2,29,19.3,339
2020-03-03T07:00,13.5,0.00,-3.2,31,19.8,333
2020-03-03T08:00,13.2,0.00,-2.9,32,22.0,328
2020-03-03T09:00,13.1,0.00,-3.7,31,25.6,325
2020-03-03T10:00,13.8,0.00,-4.7,28,28.4,322
2020-03-03T11:00,13.4,0.00,-6.0,25,26.7,325
2020-03-03T12:00,13.5,0.00,-8.4,21,14.9,328
2020-03-03T13:00,11.7,0.00,-8.7,23,15.5,338
2020-03-03T14:00,10.4,0.00,-8.4,26,10.8,21
2020-03-03T15:00,10.7,0.00,-6.8,29,10.0,49
2020-03-03T16:00,16.1,0.00,-6.3,21,6.5,56
2020-03-03T17:00,20.0,0.00,-7.3,15,1.6,117
2020-03-03T18:00,22.5,0.00,-9.4,11,6.2,187
2020-03-03T19:00,24.8,0.00,-10.2,9,9.4,203
2020-03-03T20:00,26.4,0.00,-9.4,9,14.5,210
2020-03-03T21:00,27.4,0.00,-7.8,9,18.2,210
2020-03-03T22:00,27.8,0.00,-5.6,11,19.5,199
2020-03-03T23:00,28.1,0.00,-3.1,13,16.6,185
2020-03-04T00:00,24.8,0.00,-2.5,16,11.2,230
2020-03-04T01:00,22.0,0.00,2.4,27,11.0,229
2020-03-04T02:00,19.8,0.00,5.6,39,6.0,205
2020-03-04T03:00,18.5,0.00,7.0,47,6.0,147
2020-03-04T04:00,17.0,0.00,7.5,54,6.7,106
2020-03-04T05:00,15.9,0.00,6.8,55,7.3,81
2020-03-04T06:00,15.0,0.00,5.8,54,8.1,77
2020-03-04T07:00,14.1,0.00,5.6,57,10.1,88
2020-03-04T08:00,13.4,0.00,5.6,59,11.5,88
2020-03-04T09:00,13.1,0.00,5.9,62,13.7,93
2020-03-04T10:00,12.3,0.00,6.2,66,11.5,90
2020-03-04T11:00,11.9,0.00,4.7,62,8.7,83
2020-03-04T12:00,11.0,0.00,5.4,68,8.1,77
2020-03-04T13:00,10.9,0.00,5.8,71,7.6,82
2020-03-04T14:00,10.3,0.00,6.3,77,6.1,93
2020-03-04T15:00,11.1,0.00,5.5,68,7.5,73
2020-03-04T16:00,14.4,0.00,5.9,57,6.9,99
2020-03-04T17:00,16.1,0.00,9.5,65,8.2,131
2020-03-04T18:00,18.0,0.00,9.2,57,6.9,141
2020-03-04T19:00,20.0,0.00,8.9,48,7.1,150
2020-03-04T20:00,22.2,0.00,8.2,41,7.9,164
2020-03-04T21:00,23.9,0.00,7.4,35,9.5,191
2020-03-04T22:00,24.1,0.00,8.4,37,12.9,210
2020-03-04T23:00,22.8,0.00,10.1,45,17.0,216
2020-03-05T00:00,19.2,0.00,11.7,62,14.8,225
2020-03-05T01:00,17.9,0.00,11.4,66,10.1,235
2020-03-05T02:00,16.6,0.00,11.4,71,7.4,223
2020-03-05T03:00,15.6,0.00,11.5,77,5.7,198
2020-03-05T04:00,15.0,0.00,11.6,80,3.9,202
2020-03-05T05:00,14.4,0.00,11.6,83,3.2,207
2020-03-05T06:00,13.7,0.00,11.8,88,5.5,238
2020-03-05T07:00,12.9,0.00,11.8,93,5.1,262
2020-03-05T08:00,11.9,0.00,11.3,96,4.6,288
2020-03-05T09:00,11.9,0.00,11.0,95,4.3,312
2020-03-05T10:00,11.9,0.00,11.0,95,3.1,324
2020-03-05T11:00,11.2,0.00,10.8,97,0.8,63
2020-03-05T12:00,10.9,0.00,10.9,100,1.1,162
2020-03-05T13:00,10.9,0.00,10.9,100,1.9,248
2020-03-05T14:00,10.6,0.00,10.5,99,2.9,263
2020-03-05T15:00,10.6,0.00,10.4,99,3.1,249
2020-03-05T16:00,11.4,0.00,10.9,96,2.5,278
2020-03-05T17:00,14.8,0.00,10.9,78,3.5,246
2020-03-05T18:00,18.5,0.00,10.4,59,4.3,222
2020-03-05T19:00,21.6,0.00,9.6,46,6.6,221
2020-03-05T20:00,23.6,0.00,9.4,40,8.7,218
2020-03-05T21:00,24.5,0.00,9.4,38,10.5,221
2020-03-05T22:00,24.8,0.00,9.3,38,12.0,231
2020-03-05T23:00,24.1,0.00,8.7,37,14.8,236
2020-03-06T00:00,23.0,0.00,7.8,38,17.9,245
2020-03-06T01:00,20.5,0.00,9.4,49,14.8,252
2020-03-06T02:00,18.9,0.00,10.6,59,9.1,261
2020-03-06T03:00,18.6,0.00,10.8,60,5.7,235
2020-03-06T04:00,17.6,0.00,10.7,64,5.4,160
2020-03-06T05:00,15.8,0.00,10.4,71,11.3,121
2020-03-06T06:00,14.4,0.00,10.1,75,11.0,109
2020-03-06T07:00,13.9,0.00,10.0,77,9.7,105
2020-03-06T08:00,13.2,0.00,10.4,83,7.4,113
2020-03-06T09:00,12.2,0.00,10.6,90,6.5,87
2020-03-06T10:00,13.1,0.00,10.4,84,4.5,119
2020-03-06T11:00,11.5,0.00,10.1,91,6.5,109
2020-03-06T12:00,11.1,0.00,10.6,97,7.8,124
2020-03-06T13:00,10.8,0.00,10.8,100,7.7,101
2020-03-06T14:00,11.7,0.00,11.7,100,5.5,113
2020-03-06T15:00,12.6,0.00,12.1,97,9.8,118
2020-03-06T16:00,13.1,0.00,12.5,96,8.4,115
2020-03-06T17:00,15.4,0.00,11.9,80,8.4,121
2020-03-06T18:00,18.5,0.00,11.3,63,9.2,132
2020-03-06T19:00,21.2,0.00,10.9,52,11.1,151
2020-03-06T20:00,22.6,0.00,10.5,46,13.0,175
2020-03-06T21:00,22.7,0.00,10.6,46,12.1,190
2020-03-06T22:00,21.8,0.00,10.6,49,14.3,205
2020-03-06T23:00,20.7,0.00,9.8,49,13.7,215
2020-03-07T00:00,19.1,0.00,10.6,58,14.0,222
2020-03-07T01:00,16.2,0.00,10.9,71,17.5,233
2020-03-07T02:00,14.4,0.00,11.1,81,13.4,239
2020-03-07T03:00,14.1,0.00,10.9,81,7.1,229
2020-03-07T04:00,13.8,0.00,10.8,82,7.3,213
2020-03-07T05:00,13.4,0.00,10.8,84,6.1,220
2020-03-07T06:00,13.2,0.00,10.9,86,7.7,229
2020-03-07T07:00,12.1,0.00,10.9,93,6.0,237
2020-03-07T08:00,11.5,0.00,10.6,95,6.4,218
2020-03-07T09:00,11.2,0.10,10.5,95,6.9,223
2020-03-07T10:00,12.1,0.10,10.4,90,3.5,246
2020-03-07T11:00,11.7,0.10,10.2,91,3.4,252
2020-03-07T12:00,12.4,0.10,9.9,85,6.7,144
2020-03-07T13:00,12.6,0.10,9.8,83,4.0,170
2020-03-07T14:00,12.1,0.10,9.9,86,4.8,167
2020-03-07T15:00,12.6,0.10,9.9,84,4.1,105
2020-03-07T16:00,13.6,0.00,9.4,76,4.7,113
2020-03-07T17:00,14.9,0.00,8.2,65,7.7,143
2020-03-07T18:00,16.1,0.00,7.2,56,7.6,155
2020-03-07T19:00,17.0,0.10,6.8,51,11.2,176
2020-03-07T20:00,16.0,0.20,8.7,62,16.9,182
2020-03-07T21:00,16.7,0.20,8.5,58,12.7,188
2020-03-07T22:00,17.8,0.20,7.6,51,16.8,227
2020-03-07T23:00,15.4,0.10,8.4,63,22.4,244
2020-03-08T00:00,15.4,0.00,8.3,63,14.7,239
2020-03-08T01:00,14.6,0.00,8.4,66,13.2,241
2020-03-08T02:00,13.6,0.00,8.4,71,11.6,244
2020-03-08T03:00,13.2,0.00,8.6,73,9.0,241
2020-03-08T04:00,13.1,0.00,8.8,75,7.8,236
2020-03-08T05:00,12.8,0.00,9.1,78,5.6,230
2020-03-08T06:00,12.4,0.10,9.4,82,3.3,229
2020-03-08T07:00,11.8,0.00,9.5,86,5.2,245
2020-03-08T08:00,11.6,0.10,9.4,87,4.1,255
2020-03-08T09:00,11.4,0.10,9.2,86,3.1,306
2020-03-08T10:00,11.3,0.10,8.9,85,2.2,351
2020-03-08T11:00,10.7,0.30,9.3,91,1.6,27
2020-03-08T12:00,11.1,0.10,8.9,87,5.2,205
2020-03-08T13:00,10.9,0.20,8.9,87,0.5,45
2020-03-08T14:00,9.9,0.10,8.4,91,3.1,54
2020-03-08T15:00,10.3,0.10,8.1,86,6.5,56
2020-03-08T16:00,12.4,0.00,8.6,78,4.8,103
2020-03-08T17:00,13.9,0.00,7.8,67,7.4,141
2020-03-08T18:00,15.4,0.10,7.2,58,6.2,144
2020-03-08T19:00,16.9,0.10,5.3,46,6.0,163
2020-03-08T20:00,18.0,0.00,4.3,41,7.4,166
2020-03-08T21:00,18.9,0.00,3.3,36,7.9,204
2020-03-08T22:00,18.9,0.00,3.3,36,15.3,229
2020-03-08T23:00,18.2,0.00,4.1,39,19.4,235
2020-03-09T00:00,16.8,0.00,4.6,44,16.4,237
2020-03-09T01:00,15.9,0.00,6.3,53,14.7,234
2020-03-09T02:00,14.5,0.00,7.9,65,10.3,241
2020-03-09T03:00,13.8,0.00,8.6,71,5.9,256
2020-03-09T04:00,13.5,0.00,9.1,75,2.3,309
2020-03-09T05:00,13.6,0.00,8.0,69,1.1,360
2020-03-09T06:00,12.7,0.00,8.6,76,2.5,45
2020-03-09T07:00,11.4,0.00,8.2,81,3.8,49
2020-03-09T08:00,11.0,0.00,7.6,79,4.8,42
2020-03-09T09:00,9.8,0.00,7.1,83,5.1,39
2020-03-09T10:00,9.4,0.00,6.3,81,4.8,42
2020-03-09T11:00,9.7,0.00,5.6,75,5.6,50
2020-03-09T12:00,9.4,0.00,3.6,67,5.6,63
2020-03-09T13:00,9.2,0.00,3.8,69,7.3,99
2020-03-09T14:00,9.8,0.00,2.7,61,8.6,57
2020-03-09T15:00,10.6,0.00,2.2,56,5.9,47
2020-03-09T16:00,13.5,0.00,1.8,45,3.9,68
2020-03-09T17:00,15.3,0.00,1.8,40,3.8,41
2020-03-09T18:00,16.1,0.00,1.5,37,1.5,14
2020-03-09T19:00,17.2,0.00,1.7,35,2.9,60
2020-03-09T20:00,18.2,0.00,2.3,34,2.3,108
2020-03-09T21:00,19.5,0.00,2.6,32,3.6,84
2020-03-09T22:00,21.2,0.00,2.4,29,4.5,104
2020-03-09T23:00,22.4,0.00,2.1,26,6.1,90
2020-03-10T00:00,22.8,0.00,3.0,27,9.3,126
2020-03-10T01:00,23.0,0.00,2.3,26,9.8,152
2020-03-10T02:00,22.1,0.00,2.0,27,10.6,125
2020-03-10T03:00,20.6,0.00,3.4,32,31.9,146
2020-03-10T04:00,16.6,0.00,9.9,64,23.1,159
2020-03-10T05:00,16.0,0.00,10.2,69,11.0,122
2020-03-10T06:00,15.9,0.00,10.0,68,10.5,74
2020-03-10T07:00,15.9,0.70,8.9,63,8.7,66
2020-03-10T08:00,15.2,0.20,8.9,66,3.6,127
2020-03-10T09:00,15.1,0.60,9.4,69,5.8,184
2020-03-10T10:00,14.3,2.00,11.2,82,4.4,35
2020-03-10T11:00,13.3,3.00,11.9,91,5.5,79
2020-03-10T12:00,13.7,0.50,12.8,94,12.6,110
2020-03-10T13:00,13.3,1.40,12.3,94,19.8,90
2020-03-10T14:00,13.4,2.50,12.6,95,19.1,90
2020-03-10T15:00,13.4,1.60,11.9,91,20.6,78
2020-03-10T16:00,14.4,1.00,11.6,84,18.3,74
2020-03-10T17:00,15.6,1.00,12.5,82,20.5,88
2020-03-10T18:00,16.0,0.80,13.9,87,17.4,96
2020-03-10T19:00,16.5,0.90,14.3,87,15.4,101
2020-03-10T20:00,17.5,1.10,14.2,81,16.7,104
2020-03-10T21:00,17.5,0.70,14.4,82,18.3,133
2020-03-10T22:00,17.9,0.40,14.8,82,21.7,144
2020-03-10T23:00,18.1,0.20,15.0,82,21.3,141
2020-03-11T00:00,16.0,0.10,15.6,97,12.9,157
2020-03-11T01:00,16.4,2.60,15.2,93,8.6,165
2020-03-11T02:00,15.9,0.60,15.1,95,12.8,140
2020-03-11T03:00,14.9,0.30,14.7,99,13.4,95
2020-03-11T04:00,14.5,3.30,14.5,100,9.4,90
2020-03-11T05:00,14.4,1.60,13.9,97,7.7,131
2020-03-11T06:00,14.6,1.50,13.8,95,10.0,120
2020-03-11T07:00,14.5,0.50,13.6,94,8.1,103
2020-03-11T08:00,14.4,1.20,13.2,93,10.0,103
2020-03-11T09:00,14.2,1.10,12.8,91,9.1,99
2020-03-11T10:00,13.9,1.60,13.3,96,7.1,131
2020-03-11T11:00,13.9,0.90,13.2,96,6.5,109
2020-03-11T12:00,13.6,0.20,12.9,96,3.2,117
2020-03-11T13:00,13.6,0.20,12.9,95,6.6,77
2020-03-11T14:00,13.6,0.00,12.6,94,6.5,90
2020-03-11T15:00,14.2,0.20,13.1,93,10.7,130
2020-03-11T16:00,15.1,0.20,13.4,90,8.1,103
2020-03-11T17:00,16.2,0.00,13.5,84,7.2,117
2020-03-11T18:00,18.0,0.10,12.1,68,7.1,114
2020-03-11T19:00,19.0,0.20,11.2,61,6.2,144
2020-03-11T20:00,19.0,0.60,11.9,63,10.1,174
2020-03-11T21:00,18.0,0.30,13.6,75,8.9,223
2020-03-11T22:00,18.5,0.10,13.5,73,6.2,249
2020-03-11T23:00,19.0,0.00,13.1,69,6.6,202
2020-03-12T00:00,19.6,0.00,12.6,64,10.0,244
2020-03-12T01:00,18.9,0.00,12.7,67,8.2,241
2020-03-12T02:00,17.1,0.00,13.0,77,6.6,257
2020-03-12T03:00,15.7,0.00,12.1,79,7.6,273
2020-03-12T04:00,14.9,0.00,11.7,81,5.0,300
2020-03-12T05:00,13.9,0.00,11.6,86,6.3,329
2020-03-12T06:00,14.9,0.00,11.5,80,3.4,18
2020-03-12T07:00,15.6,0.00,10.9,74,1.1,342
2020-03-12T08:00,15.3,0.00,10.8,74,2.4,297
2020-03-12T09:00,14.8,0.00,10.8,77,3.8,253
2020-03-12T10:00,14.6,0.00,11.1,80,2.7,203
2020-03-12T11:00,14.0,0.00,11.6,85,1.8,169
2020-03-12T12:00,12.6,0.00,10.8,89,6.1,135
2020-03-12T13:00,11.6,0.00,10.6,93,3.2,63
2020-03-12T14:00,11.5,0.00,10.4,93,4.1,75
2020-03-12T15:00,12.3,0.00,11.4,95,4.7,113
2020-03-12T16:00,13.9,0.00,11.3,84,11.5,92
2020-03-12T17:00,16.0,0.60,12.0,77,11.5,90
2020-03-12T18:00,16.2,1.00,12.7,80,7.8,77
2020-03-12T19:00,16.7,1.00,12.4,76,1.1,288
2020-03-12T20:00,17.1,1.40,12.3,73,15.5,288
2020-03-12T21:00,16.6,0.10,11.8,73,17.3,282
2020-03-12T22:00,16.4,2.20,13.1,81,25.0,229
2020-03-12T23:00,14.2,3.60,12.2,87,20.4,249
2020-03-13T00:00,13.7,3.10,12.3,91,11.4,347
2020-03-13T01:00,13.8,0.90,12.8,94,4.8,347
2020-03-13T02:00,13.3,0.70,12.3,94,4.7,360
2020-03-13T03:00,12.8,0.50,12.2,96,2.7,157
2020-03-13T04:00,12.9,0.50,12.2,96,5.1,172
2020-03-13T05:00,12.8,0.40,12.2,96,5.1,141
2020-03-13T06:00,12.5,0.60,12.1,97,5.9,104
2020-03-13T07:00,12.2,0.80,11.7,96,8.7,107
2020-03-13T08:00,12.2,0.50,11.8,97,6.5,124
2020-03-13T09:00,12.1,0.60,11.8,98,3.6,143
2020-03-13T10:00,12.1,1.80,11.2,95,5.6,117
2020-03-13T11:00,11.8,3.40,11.2,96,6.9,81
2020-03-13T12:00,11.8,4.50,11.0,95,4.0,100
2020-03-13T13:00,11.9,4.10,11.1,95,7.3,70
2020-03-13T14:00,11.9,2.70,11.4,96,9.9,80
2020-03-13T15:00,11.9,1.50,11.4,96,12.6,88
2020-03-13T16:00,12.2,1.90,11.7,96,12.8,80
2020-03-13T17:00,13.2,0.90,11.5,89,13.7,93
2020-03-13T18:00,13.2,0.50,11.4,88,10.4,110
2020-03-13T19:00,13.7,0.40,11.8,88,8.8,102
2020-03-13T20:00,14.1,0.20,12.0,87,7.3,99
2020-03-13T21:00,15.1,0.10,12.3,83,5.4,143
2020-03-13T22:00,15.6,0.20,12.0,79,9.9,199
2020-03-13T23:00,15.7,0.20,10.8,72,13.6,212
2020-03-14T00:00,14.1,0.10,11.3,84,9.7,184
2020-03-14T01:00,14.1,0.20,11.3,84,7.6,205
2020-03-14T02:00,13.4,0.00,11.5,88,4.9,216
2020-03-14T03:00,13.1,0.00,11.6,91,2.9,210
2020-03-14T04:00,12.9,0.00,11.2,89,1.4,360
2020-03-14T05:00,12.2,0.00,11.4,95,2.1,59
2020-03-14T06:00,12.6,0.10,11.6,94,4.8,77
2020-03-14T07:00,12.6,0.20,11.4,93,7.2,108
2020-03-14T08:00,12.1,0.30,11.1,94,5.5,122
2020-03-14T09:00,11.9,0.20,11.3,96,4.6,129
2020-03-14T10:00,11.2,0.00,10.9,98,4.7,81
2020-03-14T11:00,11.2,0.00,11.0,99,7.1,60
2020-03-14T12:00,11.1,0.00,10.1,94,4.6,72
2020-03-14T13:00,11.2,0.60,9.7,90,6.8,65
2020-03-14T14:00,10.9,0.30,10.4,97,6.6,81
2020-03-14T15:00,11.7,0.20,10.9,95,7.9,90
2020-03-14T16:00,12.5,0.30,11.4,93,7.5,107
2020-03-14T17:00,13.1,0.70,11.5,90,7.7,118
2020-03-14T18:00,13.8,0.80,11.8,87,7.9,129
2020-03-14T19:00,14.4,0.60,11.6,84,8.0,162
2020-03-14T20:00,15.1,0.10,11.8,80,8.3,178
2020-03-14T21:00,16.2,0.10,11.6,74,10.3,205
2020-03-14T22:00,15.8,0.20,11.2,75,11.8,218
2020-03-14T23:00,15.6,0.10,11.4,76,10.7,213
2020-03-15T00:00,14.6,0.10,10.8,77,9.4,223
2020-03-15T01:00,14.2,0.10,10.9,80,7.4,231
2020-03-15T02:00,13.8,0.20,11.0,83,4.1,232
2020-03-15T03:00,13.1,0.00,11.6,90,2.8,230
2020-03-15T04:00,12.7,0.00,11.2,91,3.9,202
2020-03-15T05:00,12.4,0.00,11.2,92,3.3,174
2020-03-15T06:00,12.4,0.30,11.1,92,4.3,156
2020-03-15T07:00,12.1,0.50,11.2,94,4.4,125
2020-03-15T08:00,12.0,0.20,11.1,95,4.9,107
2020-03-15T09:00,11.8,0.10,11.0,95,1.5,76
2020-03-15T10:00,11.1,0.00,10.6,96,0.8,63
2020-03-15T11:00,11.2,0.00,10.4,95,1.9,68
2020-03-15T12:00,11.1,0.00,10.6,97,3.8,49
2020-03-15T13:00,11.1,0.00,10.4,95,6.9,39
2020-03-15T14:00,10.9,0.00,9.6,92,6.6,49
2020-03-15T15:00,11.6,0.20,9.9,89,3.1,144
2020-03-15T16:00,12.6,0.10,10.9,90,4.7,180
2020-03-15T17:00,14.1,0.10,11.3,83,6.8,177
2020-03-15T18:00,14.9,0.10,9.8,72,6.3,193
2020-03-15T19:00,16.0,0.10,8.8,62,8.9,220
2020-03-15T20:00,16.5,0.00,8.2,58,12.5,221
2020-03-15T21:00,16.9,0.00,7.9,56,15.3,219
2020-03-15T22:00,16.4,0.00,7.3,55,18.2,232
2020-03-15T23:00,16.0,0.00,6.7,54,15.8,235
2020-03-16T00:00,15.8,0.00,6.2,53,14.2,240
2020-03-16T01:00,15.0,0.00,6.8,58,12.9,243
2020-03-16T02:00,13.6,0.00,8.4,70,7.5,253
2020-03-16T03:00,13.0,0.00,9.1,77,4.7,274
2020-03-16T04:00,12.4,0.00,9.4,82,5.0,300
2020-03-16T05:00,12.9,0.00,7.7,70,0.5,45
2020-03-16T06:00,12.6,0.00,7.8,73,1.6,63
2020-03-16T07:00,12.2,0.00,8.5,78,1.8,37
2020-03-16T08:00,11.6,0.00,9.5,87,2.6,16
2020-03-16T09:00,11.0,0.00,8.9,87,4.7,58
2020-03-16T10:00,10.8,0.00,8.9,88,5.0,90
2020-03-16T11:00,10.6,0.00,9.1,90,5.7,108
2020-03-16T12:00,10.9,0.10,8.9,87,4.5,104
2020-03-16T13:00,10.8,0.00,9.0,89,7.6,85
2020-03-16T14:00,10.6,0.00,8.8,88,7.2,84
2020-03-16T15:00,11.4,0.00,8.8,83,11.3,81
2020-03-16T16:00,13.1,0.00,9.2,77,12.1,113
2020-03-16T17:00,14.1,0.00,9.1,72,17.1,138
2020-03-16T18:00,14.6,0.00,9.0,69,19.1,144
2020-03-16T19:00,14.5,0.10,9.6,73,20.6,155
2020-03-16T20:00,15.1,0.10,10.4,74,20.6,164
2020-03-16T21:00,15.6,0.00,7.6,59,25.9,178
2020-03-16T22:00,15.4,0.10,6.7,56,27.8,183
2020-03-16T23:00,13.4,0.90,8.9,74,18.3,195
2020-03-17T00:00,13.4,2.00,7.8,69,17.3,178
2020-03-17T01:00,12.3,2.60,9.1,81,15.3,188
2020-03-17T02:00,11.5,3.30,10.6,94,9.7,182
2020-03-17T03:00,11.6,1.40,10.6,94,7.6,185
2020-03-17T04:00,11.3,0.20,9.5,89,7.7,229
2020-03-17T05:00,10.3,0.20,8.9,91,10.0,221
2020-03-17T06:00,10.6,0.30,8.9,90,3.6,276
2020-03-17T07:00,9.2,0.00,8.4,94,5.4,307
2020-03-17T08:00,9.1,0.00,8.1,93,6.4,322
2020-03-17T09:00,8.1,0.00,6.7,91,7.2,323
2020-03-17T10:00,6.9,0.00,5.6,91,6.1,332
2020-03-17T11:00,5.5,0.00,4.3,92,8.1,347
2020-03-17T12:00,8.2,0.00,7.3,94,4.6,315
2020-03-17T13:00,7.2,0.10,6.1,93,6.2,339
2020-03-17T14:00,7.3,0.00,5.2,86,4.4,351
2020-03-17T15:00,9.3,0.00,5.6,78,4.1,315
2020-03-17T16:00,10.9,0.00,7.6,80,4.4,279
2020-03-17T17:00,11.8,0.00,6.4,70,6.8,273
2020-03-17T18:00,12.4,0.10,6.9,69,5.0,249
2020-03-17T19:00,13.1,0.10,7.3,68,5.6,225
2020-03-17T20:00,13.7,0.00,7.0,64,8.2,203
2020-03-17T21:00,13.6,0.00,6.4,62,10.3,216
2020-03-17T22:00,13.9,0.00,6.4,60,9.4,223
2020-03-17T23:00,13.9,0.00,6.1,59,10.0,218
2020-03-18T00:00,12.8,0.10,6.7,66,6.3,103
2020-03-18T01:00,12.2,0.00,7.0,70,6.8,18
2020-03-18T02:00,11.1,0.00,7.8,80,6.9,9
2020-03-18T03:00,9.6,0.00,7.2,85,5.4,4
2020-03-18T04:00,8.5,0.00,6.3,86,4.6,342
2020-03-18T05:00,8.4,0.00,5.2,80,6.2,339
2020-03-18T06:00,8.0,0.00,4.6,79,6.4,333
2020-03-18T07:00,7.3,0.00,4.2,81,5.8,356
2020-03-18T08:00,6.1,0.00,3.8,85,3.3,13
2020-03-18T09:00,5.2,0.00,3.3,88,5.4,37
2020-03-18T10:00,5.7,0.00,3.1,84,3.9,34
2020-03-18T11:00,5.8,0.00,2.8,81,4.0,360
2020-03-18T12:00,6.3,0.00,3.5,82,2.5,8
2020-03-18T13:00,5.6,0.00,3.4,86,3.5,24
2020-03-18T14:00,5.0,0.00,3.3,89,4.2,20
2020-03-18T15:00,6.6,0.00,4.1,84,6.2,80
2020-03-18T16:00,8.9,0.00,4.1,72,5.0,111
2020-03-18T17:00,10.5,0.00,3.5,62,4.7,328
2020-03-18T18:00,12.2,0.00,2.8,53,4.2,329
2020-03-18T19:00,14.1,0.00,3.3,48,2.6,214
2020-03-18T20:00,15.1,0.00,3.2,45,6.4,196
2020-03-18T21:00,16.1,0.00,4.2,45,11.1,209
2020-03-18T22:00,15.8,0.00,4.7,48,18.6,229
2020-03-18T23:00,15.9,0.00,4.2,46,21.8,231
2020-03-19T00:00,15.8,0.00,3.6,44,19.5,240
2020-03-19T01:00,15.1,0.00,5.6,53,16.5,234
2020-03-19T02:00,13.1,0.00,7.8,70,13.8,242
2020-03-19T03:00,11.9,0.00,7.3,74,11.7,281
2020-03-19T04:00,10.2,0.00,6.5,78,6.4,297
2020-03-19T05:00,9.3,0.00,5.2,76,2.6,326
2020-03-19T06:00,7.8,0.00,4.7,81,4.5,29
2020-03-19T07:00,7.5,0.00,5.0,84,8.1,45
2020-03-19T08:00,7.6,0.00,6.2,91,9.2,48
2020-03-19T09:00,7.8,0.00,5.8,87,7.7,79
2020-03-19T10:00,7.6,0.00,5.2,84,10.0,103
2020-03-19T11:00,7.2,0.00,4.7,84,9.1,99
2020-03-19T12:00,8.4,0.00,7.2,92,4.7,94
2020-03-19T13:00,8.8,0.00,7.2,90,4.4,55
2020-03-19T14:00,8.8,0.00,6.7,87,7.4,67
2020-03-19T15:00,9.8,0.00,7.5,86,11.3,83
2020-03-19T16:00,11.6,0.00,9.0,84,9.3,103
2020-03-19T17:00,12.9,0.10,8.1,73,5.1,141
2020-03-19T18:00,13.8,0.10,7.3,65,11.7,189
2020-03-19T19:00,14.2,0.00,7.2,62,11.0,191
2020-03-19T20:00,14.6,0.00,7.1,61,12.6,211
2020-03-19T21:00,14.9,0.00,6.7,58,13.0,219
2020-03-19T22:00,14.8,0.20,6.2,57,15.1,230
2020-03-19T23:00,14.2,0.00,7.7,65,14.5,235
2020-03-20T00:00,13.6,0.00,8.1,69,11.5,200
2020-03-20T01:00,12.9,0.40,8.6,75,6.8,155
2020-03-20T02:00,11.9,0.50,9.4,85,5.8,68
2020-03-20T03:00,10.5,1.60,9.7,95,8.8,55
2020-03-20T04:00,10.1,0.90,9.5,96,8.0,80
2020-03-20T05:00,10.3,0.10,9.6,95,9.4,83
2020-03-20T06:00,10.0,0.10,9.0,94,8.1,69
2020-03-20T07:00,9.9,0.10,8.8,92,8.4,80
2020-03-20T08:00,10.1,0.10,8.8,91,8.0,80
2020-03-20T09:00,9.9,0.00,8.8,92,8.8,81
2020-03-20T10:00,9.6,0.20,8.6,93,6.5,90
2020-03-20T11:00,9.2,0.10,8.4,94,5.4,86
2020-03-20T12:00,9.8,0.00,8.8,93,9.4,72
2020-03-20T13:00,10.0,0.10,8.4,90,12.6,70
2020-03-20T14:00,9.8,0.00,7.3,85,12.7,65
2020-03-20T15:00,10.7,0.00,7.6,81,11.7,79
2020-03-20T16:00,12.9,0.00,8.7,76,10.9,99
2020-03-20T17:00,14.2,0.00,8.5,68,12.7,119
2020-03-20T18:00,15.0,0.10,7.8,62,11.8,130
2020-03-20T19:00,15.7,0.20,7.7,59,9.9,136
2020-03-20T20:00,16.2,0.10,7.1,55,10.0,150
2020-03-20T21:00,16.8,0.00,7.0,53,9.3,164
2020-03-20T22:00,16.5,0.10,7.1,54,10.2,170
2020-03-20T23:00,15.6,0.20,8.9,64,9.0,175
2020-03-21T00:00,16.5,0.20,8.5,59,3.8,221
2020-03-21T01:00,16.2,0.00,8.7,61,4.3,246
2020-03-21T02:00,14.6,0.00,10.1,75,5.6,243
2020-03-21T03:00,13.4,0.00,10.7,84,5.4,270
2020-03-21T04:00,12.7,0.00,10.6,87,4.8,312
2020-03-21T05:00,12.2,0.00,10.4,89,4.8,318
2020-03-21T06:00,11.9,0.00,10.2,89,5.6,320
2020-03-21T07:00,12.9,0.10,9.8,81,2.6,326
2020-03-21T08:00,11.9,0.30,10.0,88,2.5,45
2020-03-21T09:00,11.9,0.50,9.8,87,2.5,135
2020-03-21T10:00,11.6,0.20,10.2,91,2.8,140
2020-03-21T11:00,11.2,0.30,10.4,95,1.8,101
2020-03-21T12:00,11.1,0.50,9.4,89,4.6,45
2020-03-21T13:00,12.1,0.00,8.4,79,3.1,54
2020-03-21T14:00,12.1,0.00,8.2,77,2.3,129
2020-03-21T15:00,11.9,0.00,8.9,82,2.9,83
2020-03-21T16:00,12.8,0.00,9.3,79,1.5,76
2020-03-21T17:00,14.2,0.00,9.9,75,3.5,156
2020-03-21T18:00,15.6,0.00,11.0,74,4.4,189
2020-03-21T19:00,16.6,0.00,11.9,74,8.5,208
2020-03-21T20:00,17.0,0.00,11.3,69,9.6,214
2020-03-21T21:00,17.3,0.10,10.6,65,9.9,224
2020-03-21T22:00,17.1,0.10,9.8,62,12.2,225
2020-03-21T23:00,16.9,0.10,9.4,61,12.4,234
2020-03-22T00:00,16.5,0.00,9.9,65,14.7,239
2020-03-22T01:00,15.7,0.00,9.4,66,12.2,251
2020-03-22T02:00,14.4,0.00,10.1,75,6.7,254
2020-03-22T03:00,13.9,0.00,10.4,79,6.8,245
2020-03-22T04:00,13.0,0.00,10.6,85,5.4,278
2020-03-22T05:00,13.8,0.00,9.4,75,1.1,288
2020-03-22T06:00,12.9,0.00,10.3,84,4.7,176
2020-03-22T07:00,12.6,0.00,10.4,87,3.2,117
2020-03-22T08:00,11.1,0.00,9.9,92,4.0,63
2020-03-22T09:00,10.9,0.00,9.6,92,5.0,60
2020-03-22T10:00,10.6,0.00,9.4,92,5.9,76
2020-03-22T11:00,10.1,0.00,9.1,94,6.2,83
2020-03-22T12:00,10.5,0.00,8.9,90,3.8,49
2020-03-22T13:00,10.4,0.00,8.4,87,6.0,65
2020-03-22T14:00,10.1,0.00,7.7,85,6.3,66
2020-03-22T15:00,11.8,0.00,7.9,78,6.6,77
2020-03-22T16:00,14.3,0.00,9.1,71,5.5,113
2020-03-22T17:00,16.1,0.00,10.0,67,10.8,116
2020-03-22T18:00,17.8,0.00,9.4,58,11.5,122
2020-03-22T19:00,18.9,0.00,8.9,52,9.7,138
2020-03-22T20:00,19.6,0.00,8.6,49,13.0,177
2020-03-22T21:00,18.7,0.10,8.5,51,15.7,191
2020-03-22T22:00,17.6,0.00,8.6,56,11.2,178
2020-03-22T23:00,17.0,0.00,8.9,59,13.3,177
2020-03-23T00:00,15.9,0.40,10.9,72,11.6,206
2020-03-23T01:00,14.8,1.90,11.6,81,5.7,198
2020-03-23T02:00,14.4,1.90,12.2,87,8.4,70
2020-03-23T03:00,13.7,1.20,12.8,94,8.4,70
2020-03-23T04:00,13.2,5.10,12.1,92,12.0,83
2020-03-23T05:00,12.9,4.70,11.9,93,14.8,113
2020-03-23T06:00,12.9,3.90,12.1,95,13.9,121
2020-03-23T07:00,12.7,3.40,11.9,95,9.4,122
2020-03-23T08:00,12.9,2.10,12.4,96,5.1,141
2020-03-23T09:00,13.1,0.30,12.4,95,4.1,255
2020-03-23T10:00,12.2,0.10,11.8,97,3.5,294
2020-03-23T11:00,12.1,0.10,11.8,98,3.0,284
2020-03-23T12:00,11.6,0.70,10.9,95,8.1,238
2020-03-23T13:00,11.9,0.50,10.9,93,6.9,227
2020-03-23T14:00,11.2,0.60,10.3,94,8.0,252
2020-03-23T15:00,12.1,0.40,10.6,91,4.4,305
2020-03-23T16:00,13.3,0.00,10.9,85,3.8,311
2020-03-23T17:00,14.2,0.00,11.9,85,4.3,265
2020-03-23T18:00,15.4,0.10,11.3,77,9.0,241
2020-03-23T19:00,15.4,0.20,10.1,71,13.2,227
2020-03-23T20:00,16.0,0.10,9.3,64,17.1,224
2020-03-23T21:00,16.2,0.00,8.9,62,16.8,227
2020-03-23T22:00,16.7,0.00,8.9,60,17.2,237
2020-03-23T23:00,16.3,0.00,9.5,64,19.8,233
2020-03-24T00:00,15.4,0.00,9.1,66,16.6,240
2020-03-24T01:00,14.9,0.00,9.5,70,11.4,252
2020-03-24T02:00,14.3,0.00,10.2,76,6.2,263
2020-03-24T03:00,12.8,0.00,10.6,86,5.0,270
2020-03-24T04:00,12.8,0.00,10.1,84,4.4,261
2020-03-24T05:00,11.6,0.00,9.9,89,5.1,321
2020-03-24T06:00,12.4,0.00,9.5,82,3.9,304
2020-03-24T07:00,12.1,0.00,9.5,84,3.6,225
2020-03-24T08:00,11.4,0.00,9.6,88,1.8,127
2020-03-24T09:00,9.8,0.00,9.0,95,5.0,69
2020-03-24T10:00,9.6,0.00,8.6,93,4.1,52
2020-03-24T11:00,9.4,0.00,8.2,93,4.3,42
2020-03-24T12:00,9.6,0.00,8.8,95,4.6,51
2020-03-24T13:00,9.4,0.00,8.7,95,5.5,79
2020-03-24T14:00,9.2,0.00,8.9,97,6.2,97
2020-03-24T15:00,11.2,0.00,10.6,95,5.2,102
2020-03-24T16:00,12.6,0.10,11.2,91,6.3,114
2020-03-24T17:00,13.9,0.10,11.2,84,6.9,152
2020-03-24T18:00,14.8,0.50,10.9,77,6.8,198
2020-03-24T19:00,15.7,0.30,10.4,71,10.5,239
2020-03-24T20:00,17.0,0.00,9.5,61,13.7,243
2020-03-24T21:00,17.3,0.00,9.0,58,14.0,241
2020-03-24T22:00,17.4,0.00,8.1,54,15.3,236
2020-03-24T23:00,17.1,0.00,8.2,56,16.6,229
2020-03-25T00:00,15.9,0.00,8.2,60,15.3,229
2020-03-25T01:00,14.9,0.00,8.4,65,15.9,232
2020-03-25T02:00,13.2,0.00,8.8,74,11.5,231
2020-03-25T03:00,12.3,0.00,8.9,80,9.2,239
2020-03-25T04:00,11.8,0.00,9.0,83,7.9,254
2020-03-25T05:00,11.4,0.00,8.9,85,6.5,270
2020-03-25T06:00,11.6,0.00,9.2,85,4.7,274
2020-03-25T07:00,11.6,0.00,9.5,87,3.7,259
2020-03-25T08:00,12.1,0.00,8.6,79,2.2,171
2020-03-25T09:00,11.8,0.00,9.4,86,4.6,129
2020-03-25T10:00,11.6,0.00,9.7,88,6.2,126
2020-03-25T11:00,11.2,0.10,10.0,92,2.5,82
2020-03-25T12:00,11.3,0.10,9.5,89,4.3,95
2020-03-25T13:00,11.4,0.00,9.4,88,5.2,74
2020-03-25T14:00,10.9,0.00,8.9,88,5.0,69
2020-03-25T15:00,11.9,0.00,8.9,82,4.0,80
2020-03-25T16:00,13.1,0.10,8.4,74,1.3,146
2020-03-25T17:00,14.1,0.30,7.9,66,4.7,247
2020-03-25T18:00,14.9,0.00,7.2,60,9.5,233
2020-03-25T19:00,15.5,0.00,7.2,58,13.2,227
2020-03-25T20:00,15.6,0.00,7.9,60,16.4,237
2020-03-25T21:00,15.8,0.00,8.0,60,19.2,236
2020-03-25T22:00,15.3,0.10,7.8,61,20.9,234
2020-03-25T23:00,15.2,0.20,7.7,61,21.5,239
2020-03-26T00:00,14.6,0.10,8.8,68,19.3,237
2020-03-26T01:00,14.1,0.00,7.8,66,17.7,243
2020-03-26T02:00,12.8,0.00,7.7,71,12.4,248
2020-03-26T03:00,11.9,0.00,7.7,75,9.3,257
2020-03-26T04:00,11.5,0.00,7.5,76,8.7,287
2020-03-26T05:00,10.6,0.10,7.2,80,6.1,298
2020-03-26T06:00,10.4,0.00,7.2,81,5.8,300
2020-03-26T07:00,10.3,0.00,6.4,77,7.6,295
2020-03-26T08:00,9.1,0.00,5.2,77,7.2,297
2020-03-26T09:00,8.1,0.00,3.8,75,7.9,294
2020-03-26T10:00,7.2,0.00,2.8,74,8.3,288
2020-03-26T11:00,6.2,0.00,2.7,78,8.1,302
2020-03-26T12:00,5.9,0.00,3.6,85,6.2,324
2020-03-26T13:00,5.4,0.00,3.5,88,3.4,342
2020-03-26T14:00,4.9,0.00,3.5,91,1.8,349
2020-03-26T15:00,7.2,0.00,4.6,84,1.5,14
2020-03-26T16:00,10.1,0.00,4.9,70,1.8,217
2020-03-26T17:00,12.4,0.00,4.2,58,3.7,259
2020-03-26T18:00,13.9,0.00,1.2,42,8.2,255
2020-03-26T19:00,14.6,0.00,1.8,42,13.7,235
2020-03-26T20:00,14.9,0.20,2.6,44,14.8,231
2020-03-26T21:00,15.4,0.00,2.3,42,18.9,235
2020-03-26T22:00,15.5,0.00,2.3,41,24.5,248
2020-03-26T23:00,14.6,0.00,3.0,46,26.0,253
2020-03-27T00:00,15.3,0.20,2.2,41,19.0,255
2020-03-27T01:00,11.9,0.60,4.3,60,22.1,304
2020-03-27T02:00,10.3,0.00,5.2,71,4.6,342
2020-03-27T03:00,9.9,0.00,6.2,78,4.7,274
2020-03-27T04:00,9.2,0.00,6.9,85,2.4,27
2020-03-27T05:00,8.5,0.00,6.2,85,4.8,48
2020-03-27T06:00,7.3,0.00,5.3,87,11.7,45
2020-03-27T07:00,6.7,0.00,4.8,87,6.7,36
2020-03-27T08:00,5.7,0.00,4.3,91,5.2,25
2020-03-27T09:00,5.0,0.00,3.8,92,5.4,20
2020-03-27T10:00,4.8,0.00,3.3,90,5.7,18
2020-03-27T11:00,5.2,0.00,2.8,85,8.8,12
2020-03-27T12:00,5.8,0.00,4.2,89,6.6,13
2020-03-27T13:00,5.6,0.00,3.9,89,4.0,355
2020-03-27T14:00,5.2,0.00,3.2,87,3.6,354
2020-03-27T15:00,7.6,0.00,4.0,78,4.1,38
2020-03-27T16:00,9.8,0.00,4.1,68,5.0,90
2020-03-27T17:00,11.5,0.00,3.7,59,6.4,142
2020-03-27T18:00,13.4,0.00,3.3,51,6.2,170
2020-03-27T19:00,15.7,0.00,3.6,44,4.6,219
2020-03-27T20:00,17.2,0.00,3.0,39,15.0,240
2020-03-27T21:00,16.8,0.00,5.1,46,22.3,232
2020-03-27T22:00,16.6,0.00,2.2,38,24.9,231
2020-03-27T23:00,16.2,0.00,1.9,38,25.6,232
2020-03-28T00:00,15.8,0.00,0.2,35,17.9,240
2020-03-28T01:00,15.4,0.00,1.3,38,9.6,250
2020-03-28T02:00,14.6,0.00,2.3,44,1.3,56
2020-03-28T03:00,12.0,0.00,4.6,60,5.4,70
2020-03-28T04:00,10.3,0.00,5.6,72,5.7,55
2020-03-28T05:00,9.8,0.00,5.7,76,8.4,70
2020-03-28T06:00,9.2,0.00,7.2,87,9.0,74
2020-03-28T07:00,9.0,0.00,6.7,86,9.2,69
2020-03-28T08:00,8.9,0.00,5.7,80,9.6,70
2020-03-28T09:00,8.5,0.00,4.7,77,9.0,74
2020-03-28T10:00,8.1,0.00,3.7,74,9.0,61
2020-03-28T11:00,7.8,0.00,3.2,73,8.4,59
2020-03-28T12:00,8.1,0.00,4.0,75,6.5,71
2020-03-28T13:00,8.4,0.00,4.2,75,6.8,72
2020-03-28T14:00,8.1,0.00,4.2,76,6.6,49
2020-03-28T15:00,10.3,0.00,5.4,72,7.7,49
2020-03-28T16:00,12.5,0.00,6.6,67,5.1,98
2020-03-28T17:00,13.9,0.00,7.3,64,4.3,138
2020-03-28T18:00,15.1,0.00,7.1,59,4.5,166
2020-03-28T19:00,16.5,0.00,6.4,52,5.1,176
2020-03-28T20:00,17.6,0.00,6.0,47,6.5,186
2020-03-28T21:00,18.4,0.00,5.9,44,9.2,191
2020-03-28T22:00,18.5,0.00,6.7,46,11.2,195
2020-03-28T23:00,18.0,0.00,7.7,51,13.7,203
2020-03-29T00:00,17.1,0.00,6.6,50,15.8,235
2020-03-29T01:00,15.8,0.00,5.8,52,15.5,258
2020-03-29T02:00,14.1,0.00,6.8,61,8.7,246
2020-03-29T03:00,12.6,0.00,8.0,74,7.2,243
2020-03-29T04:00,11.6,0.00,8.9,83,6.6,261
2020-03-29T05:00,12.8,0.00,8.1,73,3.8,287
2020-03-29T06:00,12.2,0.00,8.1,76,2.6,106
2020-03-29T07:00,10.3,0.00,8.2,87,5.2,102
2020-03-29T08:00,9.2,0.00,7.5,89,5.7,72
2020-03-29T09:00,8.9,0.00,6.8,86,5.0,69
2020-03-29T10:00,8.4,0.00,6.6,88,5.9,79
2020-03-29T11:00,8.2,0.00,6.6,90,5.8,68
2020-03-29T12:00,8.6,0.00,7.2,91,6.3,66
2020-03-29T13:00,8.9,0.00,7.3,90,8.1,69
2020-03-29T14:00,8.9,0.00,7.1,88,8.0,63
2020-03-29T15:00,11.2,0.00,7.8,80,9.7,68
2020-03-29T16:00,13.0,0.00,8.9,76,8.4,100
2020-03-29T17:00,14.6,0.00,8.9,69,5.7,125
2020-03-29T18:00,15.9,0.00,8.7,62,4.3,180
2020-03-29T19:00,17.2,0.00,8.6,57,6.1,230
2020-03-29T20:00,18.1,0.00,7.6,50,12.3,238
2020-03-29T21:00,18.0,0.00,7.4,50,18.2,243
2020-03-29T22:00,17.7,0.00,7.4,51,16.0,247
2020-03-29T23:00,18.0,0.00,7.1,49,12.5,258
2020-03-30T00:00,16.8,0.10,9.9,64,15.1,252
2020-03-30T01:00,16.0,0.30,10.3,69,9.3,283
2020-03-30T02:00,15.2,0.20,10.9,75,5.4,270
2020-03-30T03:00,14.1,0.00,11.4,84,3.5,294
2020-03-30T04:00,12.5,0.00,10.8,89,4.1,315
2020-03-30T05:00,11.1,0.00,10.1,93,2.2,351
2020-03-30T06:00,9.8,0.00,9.1,96,1.8,349
2020-03-30T07:00,9.1,0.00,8.2,94,4.7,32
2020-03-30T08:00,8.9,0.00,8.6,98,13.0,62
2020-03-30T09:00,9.0,0.00,8.4,96,8.7,66
2020-03-30T10:00,8.6,0.00,7.7,94,6.1,45
2020-03-30T11:00,7.8,0.00,6.8,93,6.4,47
2020-03-30T12:00,9.4,0.00,7.9,91,8.1,32
2020-03-30T13:00,9.2,0.00,7.5,89,6.2,36
2020-03-30T14:00,9.3,0.00,7.3,88,6.7,54
2020-03-30T15:00,11.2,0.00,8.1,81,9.3,54
2020-03-30T16:00,13.5,0.00,8.2,71,5.8,60
2020-03-30T17:00,15.1,0.00,9.1,67,3.0,104
2020-03-30T18:00,16.6,0.00,8.8,60,2.9,90
2020-03-30T19:00,18.1,0.00,8.9,55,1.3,124
2020-03-30T20:00,19.9,0.00,8.9,49,0.5,135
2020-03-30T21:00,21.6,0.00,8.7,44,2.8,220
2020-03-30T22:00,22.4,0.00,8.9,42,8.7,240
2020-03-30T23:00,22.1,0.00,9.8,45,16.2,238
2020-03-31T00:00,19.0,0.00,7.8,48,19.1,238
2020-03-31T01:00,17.2,0.00,7.8,54,14.2,249
2020-03-31T02:00,15.6,0.00,8.4,62,7.6,251
2020-03-31T03:00,14.1,0.00,9.7,75,3.5,246
2020-03-31T04:00,13.6,0.00,10.1,79,1.9,68
2020-03-31T05:00,13.0,0.00,9.7,80,5.6,75
2020-03-31T06:00,12.2,0.00,9.4,83,6.2,83
2020-03-31T07:00,11.6,0.00,9.1,85,5.1,82
2020-03-31T08:00,11.1,0.00,8.2,83,7.2,72
2020-03-31T09:00,10.9,0.00,7.2,78,8.7,66
2020-03-31T10:00,11.5,0.00,6.7,72,8.4,59
2020-03-31T11:00,13.0,0.00,6.2,63,5.6,27
2020-03-31T12:00,13.4,0.00,6.4,63,6.4,38
2020-03-31T13:00,14.4,0.00,6.2,58,5.1,45
2020-03-31T14:00,12.9,0.00,6.8,66,6.9,39
2020-03-31T15:00,14.9,0.00,7.2,60,5.8,360
2020-03-31T16:00,17.4,0.00,6.2,48,4.0,5
2020-03-31T17:00,19.2,0.00,6.3,43,4.6,72
2020-03-31T18:00,21.0,0.00,6.7,39,4.7,94
2020-03-31T19:00,22.7,0.00,6.8,36,3.9,56
2020-03-31T20:00,24.1,0.00,6.8,33,1.1,162
2020-03-31T21:00,25.4,0.00,7.3,32,8.6,202
2020-03-31T22:00,24.2,0.00,8.4,36,17.3,225
2020-03-31T23:00,22.8,0.00,5.9,34,14.3,242
2020-04-01T00:00,23.4,0.00,7.2,35,8.7,240
2020-04-01T01:00,22.6,0.00,6.6,36,6.8,238
2020-04-01T02:00,20.8,0.00,7.8,43,6.4,223
2020-04-01T03:00,18.6,0.00,9.4,55,4.3,222
2020-04-01T04:00,17.2,0.00,10.6,65,2.8,230
2020-04-01T05:00,16.1,0.00,10.4,69,2.9,187
2020-04-01T06:00,15.1,0.00,10.3,73,7.4,141
2020-04-01T07:00,13.7,0.00,9.8,77,8.5,118
2020-04-01T08:00,13.6,0.00,8.4,71,6.8,72
2020-04-01T09:00,13.6,0.00,7.8,68,5.9,79
2020-04-01T10:00,13.2,0.00,8.1,71,6.8,108
2020-04-01T11:00,12.4,0.00,9.2,81,6.7,106
2020-04-01T12:00,11.2,0.00,10.8,97,7.6,98
2020-04-01T13:00,11.2,0.00,10.6,96,6.6,77
2020-04-01T14:00,11.4,0.00,10.2,92,6.7,74
2020-04-01T15:00,13.1,0.00,10.2,82,6.1,87
2020-04-01T16:00,14.4,0.00,10.4,77,4.9,126
2020-04-01T17:00,16.4,0.00,10.4,68,5.8,150
2020-04-01T18:00,18.7,0.00,10.4,59,5.0,150
2020-04-01T19:00,21.0,0.00,10.6,52,5.2,155
2020-04-01T20:00,22.9,0.00,10.5,45,6.2,190
2020-04-01T21:00,24.0,0.00,10.8,44,11.5,212
2020-04-01T22:00,23.3,0.00,11.1,46,17.1,222
2020-04-01T23:00,21.8,0.00,9.6,46,17.7,237
2020-04-02T00:00,20.8,0.00,10.8,53,15.8,229
2020-04-02T01:00,18.8,0.00,11.6,63,14.2,234
2020-04-02T02:00,16.9,0.00,11.9,72,9.4,238
2020-04-02T03:00,16.0,0.00,12.0,77,6.2,216
2020-04-02T04:00,15.6,0.00,12.2,81,6.5,180
2020-04-02T05:00,15.2,0.00,12.4,84,9.8,144
2020-04-02T06:00,14.5,0.00,12.8,90,12.5,141
2020-04-02T07:00,14.4,0.00,12.6,89,14.0,136
2020-04-02T08:00,14.2,0.00,12.2,88,13.4,126
2020-04-02T09:00,13.8,0.00,11.6,86,12.1,120
2020-04-02T10:00,13.3,0.00,11.6,89,10.1,107
2020-04-02T11:00,12.9,0.00,11.4,91,8.7,95
2020-04-02T12:00,13.4,0.00,12.3,93,8.9,104
2020-04-02T13:00,13.3,0.00,11.9,91,8.1,77
2020-04-02T14:00,13.5,0.00,11.9,90,6.1,62
2020-04-02T15:00,14.5,0.00,11.8,84,3.2,90
2020-04-02T16:00,15.6,0.10,11.1,75,3.1,159
2020-04-02T17:00,16.6,0.00,10.4,67,3.8,163
2020-04-02T18:00,18.4,0.00,9.0,54,3.3,131
2020-04-02T19:00,20.1,0.00,8.0,45,5.6,105
2020-04-02T20:00,21.9,0.00,7.4,39,6.6,112
2020-04-02T21:00,22.9,0.00,6.4,34,6.8,180
2020-04-02T22:00,22.6,0.00,7.5,38,15.3,236
2020-04-02T23:00,20.8,0.00,10.5,52,20.9,226
2020-04-03T00:00,18.5,0.00,11.6,64,16.8,239
2020-04-03T01:00,18.0,0.00,10.8,63,13.7,252
2020-04-03T02:00,17.7,0.00,10.4,62,9.0,241
2020-04-03T03:00,17.0,0.00,9.9,63,10.4,226
2020-04-03T04:00,16.3,0.00,9.1,62,8.8,235
2020-04-03T05:00,15.6,0.00,8.8,64,4.9,234
2020-04-03T06:00,15.0,0.00,8.9,67,2.4,153
2020-04-03T07:00,13.9,0.00,8.4,70,4.6,129
2020-04-03T08:00,12.4,0.00,8.8,79,5.1,94
2020-04-03T09:00,11.9,0.00,9.6,86,6.4,63
2020-04-03T10:00,11.2,0.00,10.1,92,6.3,59
2020-04-03T11:00,10.9,0.00,10.1,95,4.2,70
2020-04-03T12:00,12.3,0.00,12.3,100,4.8,222
2020-04-03T13:00,12.2,0.00,12.1,99,5.4,217
2020-04-03T14:00,11.9,0.00,11.9,100,3.6,180
2020-04-03T15:00,13.2,0.00,11.8,91,6.1,152
2020-04-03T16:00,14.8,0.00,11.1,79,9.7,182
2020-04-03T17:00,16.5,0.00,8.6,59,6.2,190
2020-04-03T18:00,18.9,0.00,5.3,41,5.1,188
2020-04-03T19:00,21.0,0.00,2.5,30,8.9,212
2020-04-03T20:00,21.6,0.00,4.6,33,16.1,228
2020-04-03T21:00,21.0,0.00,6.7,39,19.3,237
2020-04-03T22:00,20.5,0.00,7.2,42,19.3,243
2020-04-03T23:00,19.8,0.00,8.1,47,18.2,243
2020-04-04T00:00,18.8,0.00,8.6,52,16.1,236
2020-04-04T01:00,17.6,0.00,8.6,56,13.5,236
2020-04-04T02:00,16.1,0.00,9.1,63,10.1,243
2020-04-04T03:00,15.2,0.00,8.9,66,6.2,263
2020-04-04T04:00,14.7,0.00,8.6,67,3.3,283
2020-04-04T05:00,14.2,0.00,8.8,70,1.0,45
2020-04-04T06:00,13.6,0.00,8.9,73,5.4,90
2020-04-04T07:00,12.9,0.00,10.6,86,9.7,105
2020-04-04T08:00,12.1,0.00,11.6,97,8.5,102
2020-04-04T09:00,11.8,0.00,11.5,98,7.7,101
2020-04-04T10:00,12.0,0.00,11.6,97,8.8,99
2020-04-04T11:00,12.0,0.00,11.1,94,7.2,84
2020-04-04T12:00,12.7,0.00,11.8,94,11.6,126
2020-04-04T13:00,12.6,0.00,11.6,93,9.3,106
2020-04-04T14:00,12.4,0.00,11.4,94,8.8,102
2020-04-04T15:00,13.6,0.00,10.9,84,10.9,124
2020-04-04T16:00,15.1,0.10,10.1,72,12.3,142
2020-04-04T17:00,16.7,0.10,8.9,60,13.0,136
2020-04-04T18:00,17.8,0.20,8.4,54,10.9,136
2020-04-04T19:00,18.6,0.10,8.4,51,9.6,160
2020-04-04T20:00,20.0,0.00,8.1,46,8.4,173
2020-04-04T21:00,20.8,0.00,7.8,43,9.7,207
2020-04-04T22:00,20.6,0.00,8.0,44,17.1,229
2020-04-04T23:00,18.6,0.00,8.7,53,20.1,234
2020-04-05T00:00,17.6,0.00,9.8,60,17.0,238
2020-04-05T01:00,17.0,0.00,9.9,63,12.9,240
2020-04-05T02:00,15.8,0.00,10.1,69,9.5,245
2020-04-05T03:00,14.9,0.00,10.2,74,6.6,229
2020-04-05T04:00,14.6,0.00,10.6,77,6.5,214
2020-04-05T05:00,14.3,0.00,10.4,77,7.7,217
2020-04-05T06:00,13.9,0.00,9.6,75,8.9,227
2020-04-05T07:00,13.6,0.00,9.4,76,8.4,245
2020-04-05T08:00,12.9,0.00,9.9,81,4.3,265
2020-04-05T09:00,12.9,0.10,10.2,83,2.9,263
2020-04-05T10:00,12.9,0.10,10.4,85,3.6,233
2020-04-05T11:00,12.6,0.10,10.6,88,2.3,219
2020-04-05T12:00,12.2,0.00,10.9,91,5.8,180
2020-04-05T13:00,12.8,0.00,10.9,88,3.9,202
2020-04-05T14:00,12.6,0.00,10.4,86,5.9,223
2020-04-05T15:00,13.8,0.10,9.1,73,8.4,239
2020-04-05T16:00,14.6,0.00,8.1,65,8.6,213
2020-04-05T17:00,15.8,0.00,7.2,57,12.6,200
2020-04-05T18:00,16.1,0.10,8.0,58,14.6,220
2020-04-05T19:00,16.4,0.30,8.1,58,16.4,230
2020-04-05T20:00,17.2,0.10,7.4,53,14.9,217
2020-04-05T21:00,18.1,0.00,6.6,47,17.5,212
2020-04-05T22:00,17.9,0.00,6.4,47,18.1,221
2020-04-05T23:00,17.4,0.00,6.9,50,18.1,226
2020-04-06T00:00,16.5,0.00,8.1,58,16.4,199
2020-04-06T01:00,15.8,0.40,8.3,61,16.6,204
2020-04-06T02:00,14.7,0.20,9.2,70,14.8,206
2020-04-06T03:00,13.9,0.50,9.6,75,14.7,191
2020-04-06T04:00,13.5,0.30,9.8,78,14.1,177
2020-04-06T05:00,13.5,0.10,9.4,76,13.6,158
2020-04-06T06:00,13.4,0.30,9.3,76,15.3,161
2020-04-06T07:00,13.1,0.70,10.1,83,18.0,177
2020-04-06T08:00,13.2,0.40,10.4,83,13.4,160
2020-04-06T09:00,13.1,0.40,10.3,83,16.3,162
2020-04-06T10:00,13.1,0.90,10.0,81,16.8,165
2020-04-06T11:00,12.9,2.10,10.6,86,17.1,172
2020-04-06T12:00,12.5,4.30,10.5,88,15.7,148
2020-04-06T13:00,12.4,4.50,11.2,92,14.5,150
2020-04-06T14:00,12.5,4.60,11.4,93,14.2,153
2020-04-06T15:00,12.5,7.90,11.4,93,17.5,189
2020-04-06T16:00,12.9,3.20,12.4,97,18.3,202
2020-04-06T17:00,13.1,0.80,12.4,95,16.3,208
2020-04-06T18:00,13.6,0.50,12.1,91,13.8,227
2020-04-06T19:00,14.1,0.20,12.4,90,9.7,225
2020-04-06T20:00,14.8,0.20,12.6,86,8.9,223
2020-04-06T21:00,15.6,0.10,11.5,77,7.1,229
2020-04-06T22:00,16.0,0.00,8.9,63,12.1,233
2020-04-06T23:00,14.9,0.00,8.1,64,13.3,237
2020-04-07T00:00,14.8,0.00,9.8,72,3.8,229
2020-04-07T01:00,14.1,0.00,9.4,74,2.0,225
2020-04-07T02:00,13.4,0.10,10.7,84,2.7,23
2020-04-07T03:00,12.7,0.00,11.2,91,2.0,45
2020-04-07T04:00,12.4,0.10,11.4,93,6.2,100
2020-04-07T05:00,12.1,0.30,11.4,96,4.2,70
2020-04-07T06:00,11.8,0.40,11.2,96,4.7,351
2020-04-07T07:00,11.6,0.20,10.8,95,5.4,352
2020-04-07T08:00,11.6,0.10,10.4,93,1.5,45
2020-04-07T09:00,11.4,0.00,10.5,94,1.5,104
2020-04-07T10:00,10.7,0.00,10.1,96,3.0,104
2020-04-07T11:00,10.3,0.00,9.9,97,3.1,69
2020-04-07T12:00,10.3,0.00,9.7,96,5.5,328
2020-04-07T13:00,10.4,0.10,9.4,94,3.1,234
2020-04-07T14:00,10.8,0.90,9.8,93,3.3,354
2020-04-07T15:00,11.4,0.10,10.1,91,4.3,24
2020-04-07T16:00,12.4,0.00,10.2,86,3.9,56
2020-04-07T17:00,13.5,0.10,9.9,79,2.4,117
2020-04-07T18:00,13.6,0.20,9.5,76,1.5,45
2020-04-07T19:00,14.9,0.00,9.4,70,2.5,315
2020-04-07T20:00,16.1,0.00,9.1,63,2.2,90
2020-04-07T21:00,15.9,0.00,9.9,68,11.5,92
2020-04-07T22:00,15.5,0.20,10.6,73,15.6,83
2020-04-07T23:00,15.4,0.70,10.1,71,20.0,108
2020-04-08T00:00,13.2,1.40,11.4,89,8.9,212
2020-04-08T01:00,12.7,1.80,11.2,91,5.9,256
2020-04-08T02:00,12.6,3.60,11.8,95,4.3,228
2020-04-08T03:00,11.4,3.40,10.3,93,7.9,231
2020-04-08T04:00,11.2,0.40,9.6,89,5.3,242
2020-04-08T05:00,11.1,0.30,10.1,94,3.3,96
2020-04-08T06:00,10.7,0.30,9.6,93,11.6,173
2020-04-08T07:00,10.6,0.50,9.2,91,7.0,159
2020-04-08T08:00,10.4,0.80,9.7,96,5.4,94
2020-04-08T09:00,10.2,1.80,9.9,98,6.2,97
2020-04-08T10:00,10.4,2.40,10.0,98,5.2,65
2020-04-08T11:00,10.4,1.50,9.7,96,4.6,18
2020-04-08T12:00,9.7,0.60,8.8,94,2.3,252
2020-04-08T13:00,9.6,0.60,8.4,93,2.9,7
2020-04-08T14:00,9.3,0.20,8.9,97,3.4,342
2020-04-08T15:00,10.2,0.10,9.0,92,3.7,259
2020-04-08T16:00,11.4,0.00,8.6,83,1.8,270
2020-04-08T17:00,12.4,0.00,8.9,79,2.9,240
2020-04-08T18:00,13.8,0.10,9.2,74,2.3,231
2020-04-08T19:00,14.1,0.20,9.5,74,4.9,216
2020-04-08T20:00,14.6,0.20,8.4,67,8.9,201
2020-04-08T21:00,14.2,0.10,6.2,58,13.4,211
2020-04-08T22:00,14.9,0.20,6.4,57,12.3,218
2020-04-08T23:00,14.6,0.10,5.6,55,12.7,209
2020-04-09T00:00,13.3,0.00,7.8,69,10.7,222
2020-04-09T01:00,13.3,0.00,7.2,66,4.1,195
2020-04-09T02:00,12.4,0.10,8.4,77,3.1,111
2020-04-09T03:00,10.9,1.20,9.4,90,6.9,43
2020-04-09T04:00,10.5,0.20,8.7,89,14.8,67
2020-04-09T05:00,10.0,0.30,7.8,86,13.7,76
2020-04-09T06:00,9.9,0.40,7.9,87,13.3,90
2020-04-09T07:00,9.8,0.30,7.7,87,14.8,84
2020-04-09T08:00,9.9,0.20,7.8,87,14.1,84
2020-04-09T09:00,9.8,0.20,7.7,87,12.4,80
2020-04-09T10:00,9.9,0.10,7.7,86,11.5,88
2020-04-09T11:00,9.7,0.00,7.4,86,13.3,90
2020-04-09T12:00,10.2,0.00,8.2,87,11.0,109
2020-04-09T13:00,10.3,0.90,8.8,90,13.1,99
2020-04-09T14:00,10.3,1.00,8.8,90,13.6,78
2020-04-09T15:00,10.4,1.30,7.8,84,16.0,82
2020-04-09T16:00,10.8,1.30,8.4,85,17.1,83
2020-04-09T17:00,11.1,1.10,8.9,86,16.3,84
2020-04-09T18:00,11.6,0.80,9.1,85,14.4,91
2020-04-09T19:00,12.2,0.40,9.1,81,12.4,100
2020-04-09T20:00,12.4,0.60,9.4,82,11.5,104
2020-04-09T21:00,12.6,0.60,9.9,84,11.0,113
2020-04-09T22:00,12.3,0.50,9.9,86,11.4,118
2020-04-09T23:00,12.1,1.00,9.9,86,12.1,107
2020-04-10T00:00,11.0,1.80,9.4,90,12.7,82
2020-04-10T01:00,10.9,2.50,10.0,94,13.0,90
2020-04-10T02:00,10.6,1.30,8.5,87,13.0,88
2020-04-10T03:00,10.3,0.90,7.8,85,13.6,73
2020-04-10T04:00,10.2,0.90,7.8,85,11.2,57
2020-04-10T05:00,9.9,0.90,8.5,91,9.5,53
2020-04-10T06:00,9.9,0.80,8.6,92,10.7,57
2020-04-10T07:00,10.1,0.80,7.8,86,14.0,55
2020-04-10T08:00,9.9,0.50,7.3,84,12.0,46
2020-04-10T09:00,9.8,0.40,7.3,85,9.7,39
2020-04-10T10:00,9.6,0.30,7.2,86,8.7,38
2020-04-10T11:00,9.4,0.70,7.2,86,10.7,40
2020-04-10T12:00,9.4,0.70,8.0,91,7.9,51
2020-04-10T13:00,9.9,0.30,7.6,86,7.2,53
2020-04-10T14:00,10.4,0.40,7.4,82,9.7,42
2020-04-10T15:00,11.1,0.20,7.9,81,10.9,46
2020-04-10T16:00,11.8,0.20,8.0,78,11.2,45
2020-04-10T17:00,13.1,0.80,7.4,69,17.5,76
2020-04-10T18:00,13.1,0.10,6.9,66,19.5,74
2020-04-10T19:00,13.8,0.20,6.9,64,18.7,67
2020-04-10T20:00,14.2,0.30,7.5,64,14.7,79
2020-04-10T21:00,13.6,0.30,7.6,67,14.2,74
2020-04-10T22:00,13.9,0.20,7.6,66,5.4,48
2020-04-10T23:00,13.1,2.00,8.2,72,7.3,349
2020-04-11T00:00,15.6,0.50,8.4,62,13.4,66
2020-04-11T01:00,14.6,0.00,8.4,66,9.2,79
2020-04-11T02:00,13.4,0.00,9.3,76,5.1,86
2020-04-11T03:00,12.2,0.00,9.4,83,6.4,74
2020-04-11T04:00,11.1,0.00,8.4,83,4.0,333
2020-04-11T05:00,10.6,0.00,7.7,82,3.8,343
2020-04-11T06:00,10.2,0.00,7.2,82,4.3,360
2020-04-11T07:00,9.9,0.00,7.1,82,5.0,339
2020-04-11T08:00,10.9,0.00,7.1,77,6.1,267
2020-04-11T09:00,9.6,0.00,7.1,85,6.1,135
2020-04-11T10:00,8.8,0.00,6.9,88,2.0,45
2020-04-11T11:00,7.8,0.00,6.7,93,5.1,86
2020-04-11T12:00,7.8,0.00,7.6,98,7.2,87
2020-04-11T13:00,8.7,0.00,8.6,99,9.1,83
2020-04-11T14:00,9.6,0.00,9.4,99,9.7,90
2020-04-11T15:00,11.1,0.00,10.0,93,11.5,92
2020-04-11T16:00,12.8,0.00,10.7,87,10.9,107
2020-04-11T17:00,14.4,0.00,10.9,79,9.3,126
2020-04-11T18:00,15.9,0.00,10.8,71,6.3,114
2020-04-11T19:00,17.7,0.00,11.4,66,6.3,149
2020-04-11T20:00,19.6,0.00,11.9,61,6.2,187
2020-04-11T21:00,21.0,0.00,12.4,58,11.8,220
2020-04-11T22:00,19.4,0.00,12.9,66,19.1,224
2020-04-11T23:00,17.9,0.00,11.6,67,15.3,231
2020-04-12T00:00,17.5,0.00,11.6,69,11.9,235
2020-04-12T01:00,16.6,0.00,11.4,71,10.4,214
2020-04-12T02:00,15.2,0.00,11.9,80,7.1,210
2020-04-12T03:00,13.7,0.00,12.1,90,5.7,198
2020-04-12T04:00,12.9,0.00,12.2,96,4.5,166
2020-04-12T05:00,12.3,0.00,12.0,98,5.6,140
2020-04-12T06:00,11.9,0.00,11.8,99,6.8,122
2020-04-12T07:00,11.8,0.00,11.7,99,6.7,106
2020-04-12T08:00,11.9,0.00,11.8,99,6.7,106
2020-04-12T09:00,11.9,0.00,11.9,100,7.1,105
2020-04-12T10:00,12.1,0.00,12.0,100,8.2,105
2020-04-12T11:00,12.2,0.00,12.1,99,10.4,110
2020-04-12T12:00,12.8,0.00,12.7,100,7.6,90
2020-04-12T13:00,12.6,0.10,12.1,97,10.4,88
2020-04-12T14:00,12.4,0.00,11.2,93,10.5,84
2020-04-12T15:00,13.2,0.00,10.5,83,11.2,96
2020-04-12T16:00,13.9,0.00,10.9,82,10.5,106
2020-04-12T17:00,14.6,0.10,10.8,78,10.4,124
2020-04-12T18:00,15.3,0.10,10.9,75,11.3,143
2020-04-12T19:00,15.2,0.30,11.1,77,11.5,166
2020-04-12T20:00,16.0,0.50,11.2,73,11.2,178
2020-04-12T21:00,16.1,0.40,11.4,73,11.6,175
2020-04-12T22:00,16.3,0.20,11.3,72,12.4,163
2020-04-12T23:00,16.5,0.00,11.1,70,12.4,163
2020-04-13T00:00,15.8,0.10,11.2,74,14.8,181
2020-04-13T01:00,15.4,0.10,11.1,75,12.2,182
2020-04-13T02:00,14.6,0.10,11.6,83,7.8,193
2020-04-13T03:00,14.0,0.00,12.1,89,4.8,207
2020-04-13T04:00,13.6,0.10,12.3,92,3.1,216
2020-04-13T05:00,13.4,0.10,12.3,93,1.6,207
2020-04-13T06:00,13.2,0.20,12.5,95,0.4,360
2020-04-13T07:00,13.1,0.10,12.1,93,1.1,18
2020-04-13T08:00,13.0,0.00,12.1,94,0.8,297
2020-04-13T09:00,12.9,0.00,12.2,96,1.1,252
2020-04-13T10:00,12.9,0.00,12.1,95,1.8,233
2020-04-13T11:00,12.7,0.00,12.0,96,1.1,270
2020-04-13T12:00,12.9,0.00,12.6,97,2.6,326
2020-04-13T13:00,13.1,0.00,12.1,93,2.6,344
2020-04-13T14:00,13.0,0.00,12.1,95,1.1,270
2020-04-13T15:00,13.7,0.00,12.0,89,1.3,214
2020-04-13T16:00,14.8,0.00,11.6,81,1.5,284
2020-04-13T17:00,16.3,0.00,11.2,72,1.8,323
2020-04-13T18:00,17.4,0.00,11.0,66,4.4,261
2020-04-13T19:00,17.3,0.00,12.1,71,14.8,236
2020-04-13T20:00,16.1,0.00,11.4,73,19.3,241
2020-04-13T21:00,16.4,0.00,11.4,73,17.1,240
2020-04-13T22:00,16.8,0.00,11.4,71,13.0,236
2020-04-13T23:00,16.3,0.00,11.4,73,13.8,219
2020-04-14T00:00,15.3,0.00,10.9,75,9.4,227
2020-04-14T01:00,15.0,0.00,10.7,75,7.4,231
2020-04-14T02:00,13.9,0.00,10.6,81,9.0,217
2020-04-14T03:00,12.3,0.00,10.6,90,6.6,229
2020-04-14T04:00,12.2,0.00,10.5,89,4.6,231
2020-04-14T05:00,12.4,0.00,10.6,88,1.4,90
2020-04-14T06:00,11.4,0.00,10.2,92,3.7,79
2020-04-14T07:00,11.1,0.00,9.9,92,7.2,63
2020-04-14T08:00,10.6,0.00,9.4,92,8.5,54
2020-04-14T09:00,10.3,0.00,9.2,93,7.1,41
2020-04-14T10:00,10.2,0.00,9.4,95,5.3,28
2020-04-14T11:00,10.2,0.00,9.6,96,2.9,30
2020-04-14T12:00,11.4,0.00,11.2,99,6.1,28
2020-04-14T13:00,11.1,0.00,10.9,99,6.0,25
2020-04-14T14:00,10.7,0.00,10.6,100,6.2,350
2020-04-14T15:00,10.4,0.00,10.3,99,7.4,299
2020-04-14T16:00,11.0,0.00,10.1,94,5.1,266
2020-04-14T17:00,13.9,0.00,10.9,82,6.0,237
2020-04-14T18:00,16.5,0.00,11.6,73,6.9,231
2020-04-14T19:00,19.0,0.00,11.5,62,8.7,228
2020-04-14T20:00,21.2,0.00,12.0,56,11.0,229
2020-04-14T21:00,22.2,0.00,13.1,56,14.8,231
2020-04-14T22:00,22.5,0.00,14.1,59,16.6,231
2020-04-14T23:00,22.8,0.00,15.2,62,15.9,231
2020-04-15T00:00,22.2,0.00,13.1,56,18.3,238
2020-04-15T01:00,21.2,0.00,13.9,63,15.6,232
2020-04-15T02:00,19.0,0.00,14.6,76,6.1,220
2020-04-15T03:00,18.0,0.00,13.4,75,3.2,90
2020-04-15T04:00,14.8,0.00,12.6,87,5.7,35
2020-04-15T05:00,12.8,0.00,10.3,85,4.2,20
2020-04-15T06:00,11.4,0.00,8.7,83,3.6,37
2020-04-15T07:00,10.3,0.00,6.6,78,3.3,6
2020-04-15T08:00,9.6,0.00,5.4,75,3.0,14
2020-04-15T09:00,9.5,0.00,4.8,73,2.2,9
2020-04-15T10:00,9.5,0.00,4.2,70,3.0,14
2020-04-15T11:00,9.1,0.00,3.8,70,3.7,11
2020-04-15T12:00,8.4,0.00,4.2,75,5.9,43
2020-04-15T13:00,9.8,0.00,3.5,65,6.6,45
2020-04-15T14:00,11.9,0.00,3.6,57,6.6,49
2020-04-15T15:00,15.6,0.00,4.6,48,6.6,68
2020-04-15T16:00,18.4,0.00,5.1,42,4.0,85
2020-04-15T17:00,20.5,0.00,5.7,38,2.7,113
2020-04-15T18:00,22.3,0.00,6.1,35,2.6,164
2020-04-15T19:00,23.8,0.00,6.8,33,3.3,186
2020-04-15T20:00,25.0,0.00,8.1,34,6.6,209
2020-04-15T21:00,25.1,0.00,9.9,38,12.7,225
2020-04-15T22:00,24.2,0.00,7.8,35,17.3,234
2020-04-15T23:00,23.0,0.00,7.9,38,17.2,237
2020-04-16T00:00,23.0,0.00,8.8,40,16.7,237
2020-04-16T01:00,21.9,0.00,10.1,47,13.9,233
2020-04-16T02:00,19.3,0.00,10.8,58,10.0,244
2020-04-16T03:00,16.5,0.00,11.1,70,7.0,258
2020-04-16T04:00,16.1,0.00,10.9,71,6.9,264
2020-04-16T05:00,14.0,0.00,11.1,83,4.5,119
2020-04-16T06:00,13.2,0.00,11.2,88,7.9,106
2020-04-16T07:00,12.2,0.00,10.4,88,7.9,93
2020-04-16T08:00,11.9,0.00,9.9,88,7.3,101
2020-04-16T09:00,11.4,0.00,9.7,89,6.7,106
2020-04-16T10:00,11.2,0.00,9.4,88,7.0,102
2020-04-16T11:00,11.3,0.00,9.4,88,9.2,101
2020-04-16T12:00,11.4,0.00,10.1,92,8.0,95
2020-04-16T13:00,11.4,0.00,9.7,89,6.8,93
2020-04-16T14:00,12.1,0.00,9.6,85,6.9,96
2020-04-16T15:00,14.6,0.00,10.9,78,5.8,120
2020-04-16T16:00,16.6,0.00,10.9,69,6.9,129
2020-04-16T17:00,18.2,0.00,11.1,63,9.4,130
2020-04-16T18:00,19.7,0.00,11.9,61,12.0,134
2020-04-16T19:00,20.9,0.00,12.4,58,14.0,138
2020-04-16T20:00,21.7,0.00,11.6,53,14.9,143
2020-04-16T21:00,22.1,0.00,10.8,49,15.0,150
2020-04-16T22:00,22.0,0.00,9.9,46,14.7,158
2020-04-16T23:00,21.4,0.00,9.9,48,13.9,170
2020-04-17T00:00,20.0,0.00,11.7,59,14.5,207
2020-04-17T01:00,18.0,0.00,12.6,70,11.2,213
2020-04-17T02:00,16.1,0.00,12.4,78,10.9,214
2020-04-17T03:00,14.4,0.00,12.4,88,9.7,222
2020-04-17T04:00,13.8,0.00,12.2,90,6.9,227
2020-04-17T05:00,13.2,0.00,12.2,94,3.6,174
2020-04-17T06:00,12.6,0.00,11.9,95,4.0,153
2020-04-17T07:00,12.9,0.00,11.9,94,3.0,166
2020-04-17T08:00,11.9,0.00,11.6,98,2.2,81
2020-04-17T09:00,11.8,0.00,11.8,100,7.4,119
2020-04-17T10:00,11.6,0.00,11.5,100,6.0,123
2020-04-17T11:00,11.4,0.00,11.4,100,4.9,107
2020-04-17T12:00,12.2,0.00,12.1,100,3.9,68
2020-04-17T13:00,12.6,0.00,12.1,97,3.3,77
2020-04-17T14:00,13.0,0.00,12.0,94,3.2,117
2020-04-17T15:00,13.5,0.00,11.9,90,2.8,130
2020-04-17T16:00,14.2,0.00,11.6,85,2.2,171
2020-04-17T17:00,14.6,0.10,11.8,84,0.8,207
2020-04-17T18:00,15.2,0.20,12.2,82,4.1,75
2020-04-17T19:00,16.9,0.20,11.2,69,10.1,125
2020-04-17T20:00,18.4,0.10,9.9,58,11.3,153
2020-04-17T21:00,19.0,0.00,9.2,53,12.1,168
2020-04-17T22:00,19.2,0.00,9.1,52,13.6,191
2020-04-17T23:00,18.8,0.00,8.9,53,12.6,211
2020-04-18T00:00,17.7,0.00,10.0,61,10.4,224
2020-04-18T01:00,16.8,0.00,9.8,63,10.1,243
2020-04-18T02:00,15.9,0.00,9.9,68,7.6,251
2020-04-18T03:00,14.3,0.00,10.6,79,7.4,231
2020-04-18T04:00,13.8,0.00,11.4,86,8.5,234
2020-04-18T05:00,13.8,0.00,11.9,88,4.0,270
2020-04-18T06:00,13.9,0.00,12.0,89,0.4,90
2020-04-18T07:00,13.6,0.00,12.2,92,3.9,112
2020-04-18T08:00,13.4,0.00,12.4,94,3.9,124
2020-04-18T09:00,12.8,0.00,12.2,96,2.9,90
2020-04-18T10:00,11.9,0.00,11.6,98,4.7,90
2020-04-18T11:00,12.1,0.10,11.6,97,4.4,99
2020-04-18T12:00,12.9,0.10,11.7,93,6.1,90
2020-04-18T13:00,13.4,0.30,12.5,94,5.0,120
2020-04-18T14:00,13.8,0.10,12.4,92,1.8,101
2020-04-18T15:00,14.1,0.10,12.1,88,0.5,225
2020-04-18T16:00,14.9,0.30,11.9,82,2.9,240
2020-04-18T17:00,16.3,0.20,11.7,74,5.4,233
2020-04-18T18:00,17.5,0.30,11.6,69,7.9,227
2020-04-18T19:00,18.1,0.20,11.2,64,14.3,223
2020-04-18T20:00,18.1,0.00,10.2,60,17.6,226
2020-04-18T21:00,18.4,0.00,10.0,58,14.6,230
2020-04-18T22:00,19.0,0.00,10.0,56,14.6,230
2020-04-18T23:00,18.1,0.00,10.0,59,16.8,228
2020-04-19T00:00,17.2,0.00,8.2,56,19.9,235
2020-04-19T01:00,16.3,0.00,8.4,60,17.3,234
2020-04-19T02:00,15.4,0.00,9.8,69,11.8,232
2020-04-19T03:00,14.9,0.00,10.7,76,7.1,229
2020-04-19T04:00,14.1,0.00,10.9,81,5.9,232
2020-04-19T05:00,13.0,0.00,10.8,87,4.8,243
2020-04-19T06:00,12.6,0.00,10.2,85,5.0,270
2020-04-19T07:00,12.6,0.00,9.9,84,1.8,217
2020-04-19T08:00,12.1,0.00,9.9,86,1.0,45
2020-04-19T09:00,10.6,0.00,9.6,94,3.8,49
2020-04-19T10:00,10.4,0.00,9.5,94,3.7,61
2020-04-19T11:00,9.9,0.00,9.2,95,5.2,74
2020-04-19T12:00,10.4,0.00,9.6,95,3.2,27
2020-04-19T13:00,11.1,0.00,10.1,94,2.6,34
2020-04-19T14:00,12.1,0.00,10.3,89,2.6,106
2020-04-19T15:00,13.3,0.00,10.9,86,2.6,146
2020-04-19T16:00,14.8,0.00,10.1,73,4.9,197
2020-04-19T17:00,16.5,0.00,9.9,65,10.0,218
2020-04-19T18:00,16.7,0.00,10.1,65,12.6,233
2020-04-19T19:00,17.1,0.00,10.2,64,8.7,232
2020-04-19T20:00,18.2,0.00,10.2,60,8.7,218
2020-04-19T21:00,19.2,0.00,10.3,56,13.0,219
2020-04-19T22:00,18.5,0.00,10.4,59,17.3,225
2020-04-19T23:00,17.7,0.00,10.1,61,18.0,233
2020-04-20T00:00,17.5,0.00,9.7,60,17.8,238
2020-04-20T01:00,16.5,0.00,9.9,65,15.3,243
2020-04-20T02:00,15.8,0.00,10.1,69,10.4,226
2020-04-20T03:00,14.6,0.00,10.6,76,8.9,223
2020-04-20T04:00,14.4,0.00,11.0,80,6.7,234
2020-04-20T05:00,14.1,0.00,11.2,83,6.0,245
2020-04-20T06:00,13.6,0.00,10.9,84,7.1,246
2020-04-20T07:00,12.6,0.00,11.1,91,4.0,260
2020-04-20T08:00,12.0,0.00,10.6,91,4.2,250
2020-04-20T09:00,11.6,0.00,10.6,94,5.4,262
2020-04-20T10:00,11.9,0.00,10.4,91,0.7,90
2020-04-20T11:00,11.1,0.00,10.3,95,3.3,139
2020-04-20T12:00,12.4,0.00,11.2,93,2.4,207
2020-04-20T13:00,12.5,0.00,11.2,92,1.1,90
2020-04-20T14:00,12.7,0.00,11.6,93,2.2,99
2020-04-20T15:00,14.0,0.00,11.4,84,3.3,174
2020-04-20T16:00,15.3,0.00,10.6,73,4.9,216
2020-04-20T17:00,15.8,0.00,10.6,71,7.1,221
2020-04-20T18:00,16.4,0.00,10.7,69,7.7,208
2020-04-20T19:00,17.1,0.00,10.9,67,6.8,183
2020-04-20T20:00,18.0,0.10,11.0,63,9.8,186
2020-04-20T21:00,18.5,0.10,11.2,62,10.7,194
2020-04-20T22:00,18.2,0.10,11.6,65,14.2,201
2020-04-20T23:00,18.0,0.00,11.6,66,10.8,210
2020-04-21T00:00,18.4,0.00,12.1,67,13.6,217
2020-04-21T01:00,17.0,0.00,11.6,70,15.3,223
2020-04-21T02:00,16.1,0.00,11.1,72,13.3,237
2020-04-21T03:00,15.2,0.00,11.9,80,8.8,235
2020-04-21T04:00,15.0,0.00,12.1,83,4.8,222
2020-04-21T05:00,14.5,0.00,12.1,86,7.6,199
2020-04-21T06:00,13.8,0.00,11.8,87,6.6,202
2020-04-21T07:00,13.1,0.00,11.6,90,3.3,139
2020-04-21T08:00,12.8,0.00,11.6,92,6.1,93
2020-04-21T09:00,12.1,0.00,11.5,96,7.9,93
2020-04-21T10:00,11.9,0.00,11.4,96,9.7,105
2020-04-21T11:00,11.8,0.00,11.2,96,8.5,78
2020-04-21T12:00,11.8,0.00,11.2,97,3.3,13
2020-04-21T13:00,12.0,0.00,11.4,96,3.7,299
2020-04-21T14:00,12.1,0.00,11.5,96,5.4,250
2020-04-21T15:00,14.6,0.00,11.6,82,6.3,246
2020-04-21T16:00,17.9,0.00,8.8,55,10.0,291
2020-04-21T17:00,20.3,0.00,8.2,46,13.3,303
2020-04-21T18:00,22.7,0.00,8.3,40,12.7,295
2020-04-21T19:00,23.6,0.00,8.8,39,15.9,237
2020-04-21T20:00,21.8,0.00,12.8,57,25.7,214
2020-04-21T21:00,21.6,0.00,11.7,53,21.3,210
2020-04-21T22:00,21.3,0.00,10.8,51,17.0,212
2020-04-21T23:00,21.0,0.00,9.8,49,13.2,225
2020-04-22T00:00,21.2,0.00,10.9,52,12.8,238
2020-04-22T01:00,20.0,0.00,10.8,55,13.0,251
2020-04-22T02:00,18.4,0.00,10.6,60,8.6,268
2020-04-22T03:00,16.8,0.00,11.2,70,3.3,257
2020-04-22T04:00,15.8,0.00,11.9,78,3.7,209
2020-04-22T05:00,15.1,0.00,12.4,84,7.4,133
2020-04-22T06:00,13.4,0.00,12.1,91,13.9,100
2020-04-22T07:00,12.8,0.00,10.6,87,8.6,68
2020-04-22T08:00,12.6,0.00,10.3,86,6.9,28
2020-04-22T09:00,12.3,0.00,9.6,84,4.1,15
2020-04-22T10:00,11.5,0.00,9.2,86,3.7,29
2020-04-22T11:00,11.4,0.00,9.1,86,4.7,81
2020-04-22T12:00,10.6,0.00,9.2,91,12.2,71
2020-04-22T13:00,10.8,0.00,9.2,90,6.7,54
2020-04-22T14:00,11.9,0.00,9.2,84,6.7,36
2020-04-22T15:00,13.8,0.00,9.3,75,3.7,29
2020-04-22T16:00,16.1,0.00,8.9,62,1.1,72
2020-04-22T17:00,19.0,0.00,8.9,52,2.6,164
2020-04-22T18:00,22.8,0.00,9.6,43,7.6,183
2020-04-22T19:00,25.2,0.00,10.9,41,11.9,194
2020-04-22T20:00,25.9,0.00,12.6,44,16.0,211
2020-04-22T21:00,26.1,0.00,12.7,43,16.4,218
2020-04-22T22:00,27.0,0.00,12.4,41,17.1,219
2020-04-22T23:00,28.0,0.00,12.8,39,15.3,225
2020-04-23T00:00,30.8,0.00,13.4,35,14.4,257
2020-04-23T01:00,31.4,0.00,5.2,19,17.3,293
2020-04-23T02:00,28.6,0.00,6.3,24,22.2,312
2020-04-23T03:00,26.4,0.00,7.2,30,27.9,340
2020-04-23T04:00,24.2,0.00,6.8,33,27.9,335
2020-04-23T05:00,23.0,0.00,6.4,34,19.5,309
2020-04-23T06:00,21.6,0.00,6.4,37,10.0,291
2020-04-23T07:00,20.1,0.00,6.7,42,9.1,288
2020-04-23T08:00,19.9,0.00,6.9,43,10.6,298
2020-04-23T09:00,19.0,0.00,7.3,46,8.7,312
2020-04-23T10:00,17.0,0.00,8.1,56,5.0,339
2020-04-23T11:00,15.4,0.00,8.9,65,4.1,38
2020-04-23T12:00,14.8,0.00,9.0,68,9.0,85
2020-04-23T13:00,14.2,0.00,9.2,72,5.2,78
2020-04-23T14:00,15.9,0.00,8.9,63,3.9,56
2020-04-23T15:00,18.9,0.00,8.9,52,5.4,82
2020-04-23T16:00,22.5,0.00,9.1,42,2.6,106
2020-04-23T17:00,25.5,0.00,10.0,38,2.7,113
2020-04-23T18:00,27.8,0.00,10.4,34,7.6,115
2020-04-23T19:00,30.3,0.00,10.6,30,7.9,106
2020-04-23T20:00,32.6,0.00,10.4,26,7.9,164
2020-04-23T21:00,33.1,0.00,10.4,25,14.5,194
2020-04-23T22:00,31.6,0.00,10.6,27,20.9,204
2020-04-23T23:00,30.5,0.00,9.6,27,19.0,209
2020-04-24T00:00,28.9,0.00,7.5,26,17.3,227
2020-04-24T01:00,28.5,0.00,9.1,30,15.3,231
2020-04-24T02:00,27.4,0.00,11.2,37,10.4,256
2020-04-24T03:00,26.4,0.00,10.4,37,7.1,345
2020-04-24T04:00,23.4,0.00,11.6,48,4.5,14
2020-04-24T05:00,21.6,0.00,12.0,54,3.7,29
2020-04-24T06:00,20.0,0.00,11.3,57,10.0,75
2020-04-24T07:00,18.8,0.00,10.6,59,8.7,73
2020-04-24T08:00,18.2,0.00,9.9,58,4.6,51
2020-04-24T09:00,17.1,0.00,10.4,65,5.9,76
2020-04-24T10:00,16.5,0.00,9.8,64,5.8,90
2020-04-24T11:00,15.1,0.00,9.9,71,4.4,55
2020-04-24T12:00,14.9,0.00,10.0,72,4.9,73
2020-04-24T13:00,15.4,0.00,9.4,67,5.2,78
2020-04-24T14:00,16.4,0.00,9.4,63,5.1,51
2020-04-24T15:00,19.6,0.00,8.9,50,1.0,315
2020-04-24T16:00,23.2,0.00,8.6,39,3.1,216
2020-04-24T17:00,27.1,0.00,8.4,31,6.7,196
2020-04-24T18:00,30.6,0.00,7.9,24,8.2,203
2020-04-24T19:00,33.2,0.00,6.7,19,8.2,209
2020-04-24T20:00,35.0,0.00,5.4,16,9.0,217
2020-04-24T21:00,35.8,0.00,5.6,15,13.0,231
2020-04-24T22:00,36.3,0.00,4.9,14,15.6,232
2020-04-24T23:00,36.2,0.00,3.7,13,17.7,231
2020-04-25T00:00,34.7,0.00,9.3,21,21.3,231
2020-04-25T01:00,32.9,0.00,11.6,27,19.4,235
2020-04-25T02:00,31.4,0.00,13.8,34,14.5,256
2020-04-25T03:00,30.6,0.00,8.1,25,16.6,321
2020-04-25T04:00,27.3,0.00,8.4,30,17.4,336
2020-04-25T05:00,25.0,0.00,7.9,34,11.8,340
2020-04-25T06:00,23.1,0.00,8.8,40,8.2,15
2020-04-25T07:00,21.4,0.00,10.7,51,9.7,51
2020-04-25T08:00,20.2,0.00,11.0,55,9.1,56
2020-04-25T09:00,19.9,0.00,10.7,55,6.1,40
2020-04-25T10:00,19.8,0.00,10.9,57,6.4,63
2020-04-25T11:00,18.5,0.00,10.9,61,8.1,135
2020-04-25T12:00,18.2,0.00,10.9,63,6.7,126
2020-04-25T13:00,16.8,0.00,11.5,71,5.9,128
2020-04-25T14:00,17.6,0.00,11.3,66,7.0,111
2020-04-25T15:00,20.0,0.00,11.0,56,6.5,96
2020-04-25T16:00,22.6,0.00,12.1,51,6.2,100
2020-04-25T17:00,25.4,0.00,12.9,46,6.1,118
2020-04-25T18:00,28.1,0.00,12.8,39,6.6,119
2020-04-25T19:00,30.8,0.00,12.5,33,7.2,143
2020-04-25T20:00,32.9,0.00,11.4,27,9.3,164
2020-04-25T21:00,34.2,0.00,9.9,23,11.2,174
2020-04-25T22:00,34.2,0.00,9.8,22,12.5,192
2020-04-25T23:00,32.8,0.00,11.1,27,14.3,214
2020-04-26T00:00,31.1,0.00,10.3,28,16.1,231
2020-04-26T01:00,28.9,0.00,9.8,31,14.3,236
2020-04-26T02:00,25.9,0.00,11.2,40,10.2,231
2020-04-26T03:00,23.4,0.00,12.3,50,5.1,225
2020-04-26T04:00,22.2,0.00,12.9,56,4.1,135
2020-04-26T05:00,21.0,0.00,13.4,61,8.3,124
2020-04-26T06:00,19.9,0.00,13.6,67,6.6,131
2020-04-26T07:00,19.1,0.00,14.2,73,4.7,99
2020-04-26T08:00,19.0,0.00,14.0,73,5.4,94
2020-04-26T09:00,18.2,0.00,14.4,78,7.2,108
2020-04-26T10:00,19.4,0.00,14.0,71,3.3,174
2020-04-26T11:00,17.6,0.00,14.2,80,4.5,151
2020-04-26T12:00,16.6,0.00,14.1,85,4.3,132
2020-04-26T13:00,15.7,0.00,13.8,88,5.5,113
2020-04-26T14:00,16.8,0.00,13.7,82,3.1,126
2020-04-26T15:00,19.1,0.00,13.6,70,2.5,135
2020-04-26T16:00,22.4,0.00,12.4,54,2.9,83
2020-04-26T17:00,25.6,0.00,11.2,41,3.9,124
2020-04-26T18:00,28.6,0.00,11.1,34,5.8,158
2020-04-26T19:00,30.6,0.00,11.2,30,6.9,189
2020-04-26T20:00,31.6,0.00,11.9,30,11.3,211
2020-04-26T21:00,31.4,0.00,12.1,31,15.3,223
2020-04-26T22:00,30.5,0.00,10.4,29,17.7,232
2020-04-26T23:00,29.4,0.00,9.5,29,16.9,241
2020-04-27T00:00,27.9,0.00,9.9,32,14.5,235
2020-04-27T01:00,25.8,0.00,10.8,39,12.5,229
2020-04-27T02:00,22.5,0.00,12.0,51,10.4,226
2020-04-27T03:00,20.1,0.00,12.9,63,6.3,211
2020-04-27T04:00,19.1,0.00,13.5,70,4.7,171
2020-04-27T05:00,19.0,0.00,13.9,72,3.9,146
2020-04-27T06:00,18.9,0.00,14.2,74,3.9,112
2020-04-27T07:00,18.6,0.00,14.2,76,5.0,111
2020-04-27T08:00,18.0,0.00,14.2,79,6.5,109
2020-04-27T09:00,16.7,0.00,14.1,85,4.9,107
2020-04-27T10:00,15.7,0.00,13.9,89,7.0,111
2020-04-27T11:00,16.0,0.00,13.6,85,4.9,126
2020-04-27T12:00,15.1,0.00,13.9,93,4.2,110
2020-04-27T13:00,15.1,0.00,13.9,92,5.1,98
2020-04-27T14:00,15.6,0.00,13.8,89,6.8,87
2020-04-27T15:00,16.4,0.00,13.1,81,4.7,94
2020-04-27T16:00,18.5,0.00,12.8,69,6.8,108
2020-04-27T17:00,21.5,0.00,12.6,57,6.8,122
2020-04-27T18:00,24.6,0.00,12.4,46,7.4,129
2020-04-27T19:00,27.4,0.00,12.0,38,8.0,153
2020-04-27T20:00,28.6,0.00,12.4,37,11.9,205
2020-04-27T21:00,28.1,0.00,12.1,37,16.3,229
2020-04-27T22:00,27.1,0.00,10.5,35,18.5,246
2020-04-27T23:00,26.8,0.00,10.7,37,16.3,245
2020-04-28T00:00,27.1,0.00,12.7,41,13.0,219
2020-04-28T01:00,26.0,0.00,12.4,43,12.7,225
2020-04-28T02:00,24.4,0.00,11.6,45,9.9,226
2020-04-28T03:00,22.6,0.00,11.8,50,8.2,203
2020-04-28T04:00,21.0,0.00,12.6,59,6.6,189
2020-04-28T05:00,19.4,0.00,13.5,69,4.8,167
2020-04-28T06:00,18.4,0.00,14.2,77,3.1,111
2020-04-28T07:00,17.7,0.00,14.4,81,4.0,85
2020-04-28T08:00,17.1,0.00,14.1,82,4.2,70
2020-04-28T09:00,16.6,0.00,13.6,82,5.0,60
2020-04-28T10:00,16.1,0.00,13.1,83,6.4,63
2020-04-28T11:00,15.8,0.00,12.4,80,7.3,79
2020-04-28T12:00,15.9,0.00,13.1,83,7.0,55
2020-04-28T13:00,17.1,0.00,12.2,73,3.0,76
2020-04-28T14:00,17.1,0.00,12.6,75,2.2,189
2020-04-28T15:00,18.6,0.00,13.8,74,2.3,231
2020-04-28T16:00,20.6,0.00,14.4,67,2.9,187
2020-04-28T17:00,22.9,0.00,14.6,60,4.2,160
2020-04-28T18:00,25.2,0.00,14.9,53,3.9,158
2020-04-28T19:00,28.0,0.00,14.8,44,4.8,167
2020-04-28T20:00,30.5,0.00,14.1,37,8.7,210
2020-04-28T21:00,30.8,0.00,14.4,37,14.8,225
2020-04-28T22:00,29.8,0.00,13.3,36,17.4,236
2020-04-28T23:00,28.4,0.00,11.9,36,18.6,234
2020-04-29T00:00,25.2,0.00,14.1,50,14.8,223
2020-04-29T01:00,23.4,0.00,14.4,57,13.4,216
2020-04-29T02:00,21.0,0.00,14.4,66,13.5,222
2020-04-29T03:00,19.1,0.00,14.6,75,9.7,211
2020-04-29T04:00,18.2,0.00,14.8,80,7.1,221
2020-04-29T05:00,17.4,0.00,14.9,85,4.4,215
2020-04-29T06:00,16.5,0.00,14.8,89,2.6,214
2020-04-29T07:00,15.9,0.00,14.8,93,0.8,243
2020-04-29T08:00,15.6,0.00,14.8,95,1.6,63
2020-04-29T09:00,15.1,0.00,14.9,98,0.5,45
2020-04-29T10:00,14.6,0.00,14.6,100,2.9,300
2020-04-29T11:00,14.3,0.00,14.3,100,1.5,346
2020-04-29T12:00,15.4,0.00,15.4,100,2.9,187
2020-04-29T13:00,15.2,0.00,15.2,100,5.2,146
2020-04-29T14:00,15.4,0.00,15.1,99,5.4,132
2020-04-29T15:00,16.0,0.00,15.1,94,4.6,135
2020-04-29T16:00,17.8,0.00,15.1,84,3.3,139
2020-04-29T17:00,20.2,0.00,15.1,72,3.7,169
2020-04-29T18:00,23.2,0.00,14.8,59,6.4,142
2020-04-29T19:00,25.9,0.00,14.6,50,7.9,156
2020-04-29T20:00,28.0,0.00,14.6,44,8.8,192
2020-04-29T21:00,28.0,0.00,15.1,46,13.1,212
2020-04-29T22:00,27.6,0.00,15.4,47,14.6,213
2020-04-29T23:00,25.7,0.00,14.9,51,18.1,224
2020-04-30T00:00,21.6,0.00,15.0,66,13.1,238
2020-04-30T01:00,20.9,0.00,14.9,69,10.9,224
2020-04-30T02:00,19.6,0.00,14.8,74,11.9,215
2020-04-30T03:00,17.9,0.00,14.6,81,10.9,224
2020-04-30T04:00,16.9,0.00,14.4,85,7.4,231
2020-04-30T05:00,16.3,0.00,14.2,88,7.3,237
2020-04-30T06:00,15.7,0.00,14.2,91,4.3,222
2020-04-30T07:00,15.4,0.00,14.3,93,2.6,164
2020-04-30T08:00,15.3,0.00,14.4,94,2.0,135
2020-04-30T09:00,15.1,0.00,14.4,96,2.4,27
2020-04-30T10:00,14.9,0.00,14.4,97,2.6,16
2020-04-30T11:00,14.9,0.00,14.1,95,2.5,45
2020-04-30T12:00,15.6,0.00,15.2,97,3.4,72
2020-04-30T13:00,16.0,0.00,15.3,95,3.9,56
2020-04-30T14:00,16.3,0.00,15.5,95,3.1,21
2020-04-30T15:00,16.8,0.00,15.6,93,3.1,69
2020-04-30T16:00,17.6,0.00,15.7,88,4.3,114
2020-04-30T17:00,19.3,0.00,15.8,80,2.7,157
2020-04-30T18:00,21.6,0.00,15.9,70,4.3,180
2020-04-30T19:00,24.1,0.00,15.5,59,6.3,193
2020-04-30T20:00,26.0,0.00,15.2,52,10.2,203
2020-04-30T21:00,26.1,0.00,15.1,51,15.5,222
2020-04-30T22:00,24.9,0.00,14.4,52,17.6,239
2020-04-30T23:00,24.4,0.00,13.6,51,16.9,236
2020-05-01T00:00,22.8,0.00,14.1,58,17.2,233
2020-05-01T01:00,21.7,0.00,13.9,61,11.8,220
2020-05-01T02:00,19.8,0.00,13.9,69,9.6,214
2020-05-01T03:00,17.8,0.00,13.9,78,6.6,221
2020-05-01T04:00,16.9,0.00,13.9,82,2.6,196
2020-05-01T05:00,16.5,0.00,14.2,86,5.0,111
2020-05-01T06:00,16.0,0.00,14.8,92,7.7,101
2020-05-01T07:00,15.6,0.00,15.1,97,8.4,97
2020-05-01T08:00,15.4,0.00,15.4,100,9.8,107
2020-05-01T09:00,15.3,0.00,15.1,99,9.4,122
2020-05-01T10:00,14.9,0.00,14.9,100,9.4,137
2020-05-01T11:00,14.7,0.00,14.5,99,9.3,126
2020-05-01T12:00,15.4,0.00,15.2,99,8.7,128
2020-05-01T13:00,14.8,0.00,14.4,98,8.4,100
2020-05-01T14:00,14.8,0.00,13.8,94,8.6,88
2020-05-01T15:00,15.6,0.00,13.4,87,7.2,96
2020-05-01T16:00,17.9,0.00,13.0,73,5.9,128
2020-05-01T17:00,21.2,0.00,12.3,57,7.8,158
2020-05-01T18:00,24.5,0.00,11.4,44,10.1,184
2020-05-01T19:00,26.8,0.00,11.1,38,14.0,206
2020-05-01T20:00,27.0,0.00,11.5,38,17.2,217
2020-05-01T21:00,27.1,0.00,12.3,40,15.3,221
2020-05-01T22:00,27.4,0.00,11.9,38,14.8,219
2020-05-01T23:00,27.7,0.00,9.6,32,12.3,218
2020-05-02T00:00,25.3,0.00,13.1,47,12.6,193
2020-05-02T01:00,24.0,0.00,11.9,47,13.4,200
2020-05-02T02:00,22.4,0.00,10.8,48,9.4,198
2020-05-02T03:00,20.9,0.00,10.9,53,7.0,168
2020-05-02T04:00,19.5,0.00,12.6,65,10.5,142
2020-05-02T05:00,17.9,0.00,14.1,79,11.5,122
2020-05-02T06:00,16.6,0.00,14.4,87,10.6,114
2020-05-02T07:00,15.8,0.00,14.5,92,10.8,105
2020-05-02T08:00,15.4,0.00,14.2,93,9.0,88
2020-05-02T09:00,15.1,0.00,13.6,91,5.7,72
2020-05-02T10:00,14.6,0.00,13.1,90,3.8,73
2020-05-02T11:00,14.2,0.00,13.2,94,4.7,81
2020-05-02T12:00,15.1,0.00,14.6,97,10.4,104
2020-05-02T13:00,15.0,0.00,14.8,99,8.3,108
2020-05-02T14:00,14.9,0.00,14.6,98,7.2,127
2020-05-02T15:00,15.3,0.00,14.5,95,6.6,139
2020-05-02T16:00,16.9,0.00,13.9,83,6.1,130
2020-05-02T17:00,19.9,0.00,13.0,64,6.4,137
2020-05-02T18:00,23.4,0.00,11.1,46,7.6,199
2020-05-02T19:00,26.3,0.00,10.1,36,14.0,228
2020-05-02T20:00,27.0,0.00,11.1,37,20.1,234
2020-05-02T21:00,26.5,0.00,9.9,35,21.2,238
2020-05-02T22:00,26.3,0.00,8.8,33,18.3,238
2020-05-02T23:00,27.0,0.00,8.4,31,14.9,233
2020-05-03T00:00,23.5,0.00,10.2,43,13.0,231
2020-05-03T01:00,22.6,0.00,11.7,50,12.3,218
2020-05-03T02:00,19.8,0.00,12.7,64,12.1,217
2020-05-03T03:00,18.4,0.00,12.6,69,6.6,202
2020-05-03T04:00,17.9,0.00,12.5,71,5.9,166
2020-05-03T05:00,17.3,0.00,12.4,73,8.2,105
2020-05-03T06:00,16.8,0.00,12.7,77,10.9,99
2020-05-03T07:00,15.9,0.00,13.3,84,10.5,106
2020-05-03T08:00,15.2,0.00,13.4,89,8.8,102
2020-05-03T09:00,14.6,0.00,13.0,90,6.5,87
2020-05-03T10:00,14.0,0.00,12.8,92,5.4,70
2020-05-03T11:00,13.4,0.00,12.5,95,5.5,58
2020-05-03T12:00,13.8,0.00,12.9,95,5.8,90
2020-05-03T13:00,13.9,0.00,13.2,96,8.7,83
2020-05-03T14:00,14.2,0.00,13.4,95,8.6,92
2020-05-03T15:00,14.8,0.00,13.4,91,7.0,102
2020-05-03T16:00,16.2,0.00,13.3,83,5.3,118
2020-05-03T17:00,19.3,0.00,12.6,65,3.4,162
2020-05-03T18:00,23.0,0.00,12.0,50,6.6,209
2020-05-03T19:00,25.8,0.00,10.7,39,12.8,230
2020-05-03T20:00,26.4,0.00,10.9,38,18.3,234
2020-05-03T21:00,25.5,0.00,11.4,41,21.8,239
2020-05-03T22:00,25.0,0.00,11.4,43,20.0,236
2020-05-03T23:00,25.1,0.00,10.7,40,16.1,230
2020-05-04T00:00,23.0,0.00,11.7,49,15.0,222
2020-05-04T01:00,22.1,0.00,11.2,50,14.0,222
2020-05-04T02:00,20.2,0.00,11.6,58,10.0,218
2020-05-04T03:00,18.3,0.00,12.1,67,8.1,201
2020-05-04T04:00,17.2,0.00,12.3,73,4.0,175
2020-05-04T05:00,16.2,0.00,12.2,77,4.8,103
2020-05-04T06:00,15.1,0.00,12.1,82,7.6,95
2020-05-04T07:00,14.4,0.00,12.2,87,10.8,90
2020-05-04T08:00,13.7,0.00,12.2,91,11.6,83
2020-05-04T09:00,13.1,0.00,11.8,92,8.9,69
2020-05-04T10:00,12.8,0.00,10.9,88,5.8,60
2020-05-04T11:00,12.4,0.00,9.9,84,4.2,59
2020-05-04T12:00,13.1,0.00,11.9,92,4.9,73
2020-05-04T13:00,13.6,0.00,12.4,93,5.8,86
2020-05-04T14:00,14.4,0.00,12.9,90,9.7,63
2020-05-04T15:00,15.3,0.00,12.7,84,10.1,63
2020-05-04T16:00,17.0,0.00,12.8,77,7.9,74
2020-05-04T17:00,19.0,0.00,12.0,64,3.6,84
2020-05-04T18:00,22.5,0.00,11.0,48,4.1,135
2020-05-04T19:00,26.5,0.00,9.3,34,4.0,180
2020-05-04T20:00,29.1,0.00,9.2,29,7.7,217
2020-05-04T21:00,29.0,0.00,9.9,30,14.6,237
2020-05-04T22:00,27.7,0.00,9.2,31,16.3,242
2020-05-04T23:00,27.7,0.00,9.3,32,14.7,242
2020-05-05T00:00,26.7,0.00,10.8,37,14.6,250
2020-05-05T01:00,25.6,0.00,10.8,39,10.7,258
2020-05-05T02:00,24.0,0.00,11.2,45,5.0,240
2020-05-05T03:00,21.8,0.00,11.6,53,4.2,211
2020-05-05T04:00,20.9,0.00,12.1,57,3.8,163
2020-05-05T05:00,19.8,0.00,11.8,60,9.0,119
2020-05-05T06:00,18.5,0.00,11.1,62,9.8,98
2020-05-05T07:00,18.0,0.00,11.1,64,5.6,63
2020-05-05T08:00,17.3,0.00,10.8,65,4.4,35
2020-05-05T09:00,17.1,0.00,10.1,63,3.7,11
2020-05-05T10:00,19.1,0.00,8.2,49,0.0,270
2020-05-05T11:00,18.4,0.00,8.4,52,1.1,288
2020-05-05T12:00,18.1,0.00,8.9,55,5.5,67
2020-05-05T13:00,18.2,0.00,8.1,52,6.1,40
2020-05-05T14:00,18.6,0.00,9.9,57,1.9,338
2020-05-05T15:00,21.9,0.00,7.8,40,1.6,297
2020-05-05T16:00,25.0,0.00,6.9,32,1.0,315
2020-05-05T17:00,28.2,0.00,7.0,26,0.8,207
2020-05-05T18:00,31.0,0.00,8.1,24,6.6,225
2020-05-05T19:00,32.7,0.00,8.8,23,12.8,230
2020-05-05T20:00,33.0,0.00,7.5,21,17.7,232
2020-05-05T21:00,33.0,0.00,3.8,16,19.6,234
2020-05-05T22:00,33.0,0.00,3.2,15,19.0,237
2020-05-05T23:00,32.5,0.00,3.2,16,18.8,238
2020-05-06T00:00,30.2,0.00,4.7,20,18.2,236
2020-05-06T01:00,28.7,0.00,4.2,21,12.9,243
2020-05-06T02:00,26.8,0.00,5.1,25,7.5,235
2020-05-06T03:00,23.4,0.00,7.7,37,8.0,216
2020-05-06T04:00,21.8,0.00,9.6,46,3.6,180
2020-05-06T05:00,21.0,0.00,10.4,51,5.2,124
2020-05-06T06:00,19.6,0.00,10.4,55,9.8,118
2020-05-06T07:00,18.6,0.00,8.9,53,7.2,87
2020-05-06T08:00,18.3,0.00,7.8,50,6.0,57
2020-05-06T09:00,18.6,0.00,7.8,49,7.9,51
2020-05-06T10:00,21.5,0.00,5.9,36,5.1,39
2020-05-06T11:00,19.8,0.00,6.4,42,6.3,66
2020-05-06T12:00,21.8,0.00,5.8,35,4.1,52
2020-05-06T13:00,20.1,0.00,6.2,40,5.8,90
2020-05-06T14:00,19.9,0.00,7.1,43,2.6,106
2020-05-06T15:00,21.8,0.00,6.5,37,2.5,135
2020-05-06T16:00,24.8,0.00,5.4,29,2.8,130
2020-05-06T17:00,28.1,0.00,5.2,23,2.8,130
2020-05-06T18:00,31.0,0.00,4.3,18,2.7,157
2020-05-06T19:00,33.4,0.00,3.2,15,4.9,197
2020-05-06T20:00,34.9,0.00,3.6,14,11.4,215
2020-05-06T21:00,34.4,0.00,4.8,16,18.6,224
2020-05-06T22:00,33.2,0.00,3.2,15,21.0,232
2020-05-06T23:00,32.5,0.00,1.6,14,19.2,236
2020-05-07T00:00,32.3,0.00,2.7,15,15.9,231
2020-05-07T01:00,29.5,0.00,2.2,17,15.8,235
2020-05-07T02:00,26.9,0.00,2.0,20,10.2,231
2020-05-07T03:00,24.6,0.00,3.2,25,7.4,203
2020-05-07T04:00,23.9,0.00,5.1,30,3.3,167
2020-05-07T05:00,23.0,0.00,6.3,34,5.8,120
2020-05-07T06:00,21.6,0.00,7.5,40,7.6,109
2020-05-07T07:00,20.4,0.00,8.4,46,5.6,105
2020-05-07T08:00,21.0,0.00,8.2,44,6.4,74
2020-05-07T09:00,22.2,0.00,7.1,38,2.2,9
2020-05-07T10:00,22.3,0.00,6.8,37,0.8,333
2020-05-07T11:00,21.4,0.00,6.9,39,1.0,225
2020-05-07T12:00,17.9,0.00,8.8,55,8.3,95
2020-05-07T13:00,19.3,0.00,8.1,48,4.8,77
2020-05-07T14:00,19.9,0.00,8.1,46,4.1,38
2020-05-07T15:00,23.1,0.00,6.7,35,3.1,21
2020-05-07T16:00,26.1,0.00,6.0,28,2.9,30
2020-05-07T17:00,29.1,0.00,5.8,23,0.8,333
2020-05-07T18:00,31.9,0.00,5.9,20,1.1,198
2020-05-07T19:00,34.4,0.00,5.6,17,5.4,200
2020-05-07T20:00,35.6,0.00,6.8,17,14.0,215
2020-05-07T21:00,34.7,0.00,6.9,18,19.4,228
2020-05-07T22:00,33.6,0.00,5.1,17,19.8,233
2020-05-07T23:00,32.0,0.00,5.6,19,18.7,232
2020-05-08T00:00,30.0,0.00,6.2,22,17.1,235
2020-05-08T01:00,28.8,0.00,6.1,24,13.3,232
2020-05-08T02:00,26.5,0.00,8.2,32,12.2,223
2020-05-08T03:00,23.0,0.00,10.3,45,11.6,206
2020-05-08T04:00,21.9,0.00,11.0,50,8.0,162
2020-05-08T05:00,21.0,0.00,12.1,57,6.9,137
2020-05-08T06:00,19.6,0.00,13.4,67,6.4,133
2020-05-08T07:00,18.9,0.00,14.1,74,4.4,125
2020-05-08T08:00,17.7,0.00,14.8,83,3.9,112
2020-05-08T09:00,18.1,0.00,14.3,78,2.1,329
2020-05-08T10:00,17.9,0.00,14.0,78,1.0,225
2020-05-08T11:00,16.9,0.00,14.2,85,1.9,158
2020-05-08T12:00,15.2,0.00,14.9,98,5.4,98
2020-05-08T13:00,15.5,0.00,15.0,97,3.7,61
2020-05-08T14:00,16.6,0.00,15.1,91,3.3,96
2020-05-08T15:00,18.9,0.00,14.6,76,3.1,126
2020-05-08T16:00,21.8,0.00,13.4,59,2.2,171
2020-05-08T17:00,25.1,0.00,12.0,44,4.8,193
2020-05-08T18:00,28.2,0.00,10.9,34,8.0,185
2020-05-08T19:00,30.5,0.00,9.9,28,10.6,198
2020-05-08T20:00,31.5,0.00,10.3,27,14.8,206
2020-05-08T21:00,31.1,0.00,9.8,27,17.9,208
2020-05-08T22:00,30.4,0.00,9.2,27,15.8,210
2020-05-08T23:00,29.8,0.00,9.9,29,13.6,220
2020-05-09T00:00,26.9,0.00,14.1,46,13.7,194
2020-05-09T01:00,25.4,0.00,14.9,52,11.4,191
2020-05-09T02:00,23.6,0.00,15.2,59,11.0,199
2020-05-09T03:00,21.5,0.00,15.8,70,11.7,214
2020-05-09T04:00,20.1,0.00,16.0,77,9.9,226
2020-05-09T05:00,19.1,0.00,16.1,83,6.7,216
2020-05-09T06:00,18.4,0.00,16.1,87,4.1,218
2020-05-09T07:00,17.4,0.00,16.2,93,2.4,207
2020-05-09T08:00,16.8,0.00,16.1,96,2.3,129
2020-05-09T09:00,16.3,0.00,16.1,99,1.0,45
2020-05-09T10:00,15.8,0.00,15.7,100,3.0,284
2020-05-09T11:00,15.4,0.00,15.4,100,4.3,265
2020-05-09T12:00,15.4,0.00,14.9,97,3.6,225
2020-05-09T13:00,15.1,0.00,14.6,97,4.0,190
2020-05-09T14:00,15.2,0.00,14.5,96,2.9,150
2020-05-09T15:00,16.9,0.00,14.4,85,3.5,114
2020-05-09T16:00,19.1,0.00,13.5,70,3.6,135
2020-05-09T17:00,22.0,0.00,12.5,55,4.8,153
2020-05-09T18:00,24.6,0.00,12.3,46,6.6,171
2020-05-09T19:00,26.9,0.00,12.6,41,9.5,191
2020-05-09T20:00,26.7,0.00,13.6,44,15.5,216
2020-05-09T21:00,26.5,0.00,13.1,43,15.3,221
2020-05-09T22:00,27.1,0.00,12.4,40,11.6,234
2020-05-09T23:00,26.5,0.00,12.9,43,14.8,225
2020-05-10T00:00,24.2,0.00,13.9,53,16.8,228
2020-05-10T01:00,21.8,0.00,13.6,60,16.4,232
2020-05-10T02:00,19.6,0.00,13.6,68,13.0,236
2020-05-10T03:00,18.1,0.00,13.6,75,11.0,232
2020-05-10T04:00,17.4,0.00,13.8,79,10.1,215
2020-05-10T05:00,16.8,0.00,13.9,83,9.0,233
2020-05-10T06:00,16.5,0.00,14.0,85,7.1,246
2020-05-10T07:00,15.9,0.00,14.3,90,7.4,231
2020-05-10T08:00,15.1,0.00,14.6,97,5.6,230
2020-05-10T09:00,14.6,0.00,14.2,98,3.3,229
2020-05-10T10:00,14.5,0.00,13.8,95,3.8,229
2020-05-10T11:00,14.0,0.00,13.6,97,2.6,196
2020-05-10T12:00,14.8,0.00,13.8,94,3.1,216
2020-05-10T13:00,15.1,0.00,13.8,92,4.4,235
2020-05-10T14:00,15.6,0.10,13.7,89,5.8,248
2020-05-10T15:00,16.6,0.00,13.5,82,6.8,238
2020-05-10T16:00,18.1,0.00,13.4,74,5.2,214
2020-05-10T17:00,19.5,0.00,13.2,67,7.3,189
2020-05-10T18:00,21.9,0.00,13.4,59,9.4,198
2020-05-10T19:00,23.6,0.00,13.6,53,12.1,217
2020-05-10T20:00,24.1,0.00,13.6,52,15.0,224
2020-05-10T21:00,24.5,0.00,13.2,50,16.6,221
2020-05-10T22:00,24.0,0.00,13.1,50,17.3,228
2020-05-10T23:00,23.0,0.00,13.0,53,17.4,232
2020-05-11T00:00,21.4,0.00,13.1,59,17.1,229
2020-05-11T01:00,19.8,0.00,12.9,64,15.1,230
2020-05-11T02:00,18.2,0.00,12.6,70,15.1,232
2020-05-11T03:00,16.5,0.00,12.5,77,14.6,237
2020-05-11T04:00,15.8,0.00,12.4,80,12.8,238
2020-05-11T05:00,15.2,0.00,12.3,83,10.5,248
2020-05-11T06:00,15.0,0.00,12.4,84,5.7,235
2020-05-11T07:00,14.8,0.00,12.5,86,4.8,207
2020-05-11T08:00,14.6,0.00,12.5,88,4.0,180
2020-05-11T09:00,14.4,0.00,12.4,88,3.0,194
2020-05-11T10:00,14.1,0.00,12.5,90,1.1,252
2020-05-11T11:00,13.9,0.00,12.6,91,3.7,299
2020-05-11T12:00,14.9,0.00,12.8,87,3.6,307
2020-05-11T13:00,15.7,0.00,12.8,83,4.7,293
2020-05-11T14:00,16.2,0.00,12.8,80,2.9,270
2020-05-11T15:00,17.4,0.00,12.8,75,3.1,249
2020-05-11T16:00,18.2,0.00,12.6,70,4.6,219
2020-05-11T17:00,19.5,0.00,12.0,62,5.2,192
2020-05-11T18:00,21.6,0.00,11.4,52,7.2,183
2020-05-11T19:00,23.4,0.00,11.1,46,10.2,212
2020-05-11T20:00,24.3,0.00,10.4,42,13.8,223
2020-05-11T21:00,24.3,0.00,9.4,39,17.6,227
2020-05-11T22:00,23.4,0.00,9.6,42,20.1,234
2020-05-11T23:00,22.5,0.00,8.7,41,20.6,237
2020-05-12T00:00,21.0,0.00,12.2,57,18.0,237
2020-05-12T01:00,19.4,0.00,11.9,62,16.6,240
2020-05-12T02:00,18.0,0.00,11.2,65,13.2,235
2020-05-12T03:00,16.5,0.00,11.9,75,10.6,242
2020-05-12T04:00,16.0,0.00,11.4,74,7.3,250
2020-05-12T05:00,15.6,0.00,9.4,66,6.6,241
2020-05-12T06:00,15.1,0.00,8.4,64,6.8,238
2020-05-12T07:00,14.6,0.00,8.8,68,4.1,232
2020-05-12T08:00,13.8,0.00,9.9,77,4.4,215
2020-05-12T09:00,13.3,0.00,10.5,83,3.3,139
2020-05-12T10:00,13.0,0.00,10.4,84,3.8,107
2020-05-12T11:00,12.3,0.00,9.9,85,7.6,87
2020-05-12T12:00,12.6,0.00,10.0,84,9.4,88
2020-05-12T13:00,12.9,0.00,10.2,84,9.1,81
2020-05-12T14:00,14.4,0.00,10.2,76,6.2,83
2020-05-12T15:00,16.4,0.00,9.6,65,6.8,93
2020-05-12T16:00,17.6,0.00,9.5,59,6.4,117
2020-05-12T17:00,19.2,0.00,9.9,55,4.5,166
2020-05-12T18:00,21.0,0.00,10.8,52,8.0,216
2020-05-12T19:00,22.5,0.00,11.1,48,14.3,221
2020-05-12T20:00,22.7,0.00,11.6,50,18.1,229
2020-05-12T21:00,22.5,0.00,11.9,51,23.6,239
2020-05-12T22:00,22.1,0.00,12.0,53,26.6,240
2020-05-12T23:00,21.5,0.00,11.9,54,26.7,238
2020-05-13T00:00,20.5,0.00,13.0,62,20.2,235
2020-05-13T01:00,20.0,0.00,12.3,61,17.0,234
2020-05-13T02:00,18.5,0.00,11.1,62,17.2,237
2020-05-13T03:00,17.4,0.00,11.6,69,12.9,240
2020-05-13T04:00,17.0,0.00,12.1,73,8.0,260
2020-05-13T05:00,16.5,0.00,12.0,75,6.5,264
2020-05-13T06:00,15.8,0.00,11.9,78,5.5,259
2020-05-13T07:00,15.2,0.00,12.1,82,7.2,243
2020-05-13T08:00,14.9,0.00,12.4,85,6.7,234
2020-05-13T09:00,14.7,0.00,12.4,86,3.9,236
2020-05-13T10:00,13.6,0.00,12.4,92,2.9,90
2020-05-13T11:00,13.1,0.00,12.1,94,5.5,101
2020-05-13T12:00,14.3,0.00,12.3,88,1.0,45
2020-05-13T13:00,13.3,0.00,12.2,93,3.3,96
2020-05-13T14:00,14.5,0.00,12.0,85,7.6,93
2020-05-13T15:00,15.9,0.00,11.6,75,6.3,114
2020-05-13T16:00,18.0,0.00,10.3,61,6.6,139
2020-05-13T17:00,19.8,0.00,9.6,52,3.6,135
2020-05-13T18:00,22.0,0.00,8.9,43,3.8,163
2020-05-13T19:00,23.9,0.00,7.8,36,8.9,207
2020-05-13T20:00,24.8,0.00,8.1,35,16.6,221
2020-05-13T21:00,24.4,0.00,7.2,33,19.2,230
2020-05-13T22:00,24.0,0.00,6.2,32,19.3,237
2020-05-13T23:00,23.5,0.00,5.8,32,16.9,236
2020-05-14T00:00,22.3,0.00,7.9,40,15.2,239
2020-05-14T01:00,21.3,0.00,8.0,42,16.0,234
2020-05-14T02:00,19.8,0.00,8.2,47,14.3,236
2020-05-14T03:00,17.9,0.00,9.6,58,11.5,231
2020-05-14T04:00,17.0,0.00,10.6,66,8.2,203
2020-05-14T05:00,16.5,0.00,10.7,68,5.6,130
2020-05-14T06:00,16.0,0.00,10.2,68,8.7,85
2020-05-14T07:00,15.6,0.00,9.6,68,10.8,86
2020-05-14T08:00,14.9,0.00,10.3,74,11.2,86
2020-05-14T09:00,14.2,0.00,10.9,81,9.8,73
2020-05-14T10:00,13.8,0.00,10.9,83,7.3,57
2020-05-14T11:00,13.4,0.00,10.9,85,4.6,51
2020-05-14T12:00,13.9,0.00,12.9,94,6.2,83
2020-05-14T13:00,13.9,0.00,12.9,93,6.6,77
2020-05-14T14:00,14.9,0.00,12.5,85,7.2,84
2020-05-14T15:00,16.1,0.00,12.4,79,6.9,118
2020-05-14T16:00,18.1,0.00,11.8,67,5.5,148
2020-05-14T17:00,20.8,0.00,11.4,55,6.2,187
2020-05-14T18:00,24.1,0.00,10.6,43,11.7,227
2020-05-14T19:00,25.9,0.00,10.3,38,19.3,241
2020-05-14T20:00,25.2,0.00,10.9,41,26.6,240
2020-05-14T21:00,25.5,0.00,11.4,41,26.5,233
2020-05-14T22:00,27.0,0.00,10.6,36,26.2,233
2020-05-14T23:00,27.0,0.00,10.4,35,28.3,236
2020-05-15T00:00,23.5,0.00,11.0,45,13.4,211
2020-05-15T01:00,22.5,0.00,11.0,48,11.6,185
2020-05-15T02:00,21.5,0.00,10.9,51,12.7,155
2020-05-15T03:00,20.3,0.00,11.4,56,14.5,138
2020-05-15T04:00,18.8,0.00,12.4,67,16.0,121
2020-05-15T05:00,17.6,0.00,12.4,72,14.9,98
2020-05-15T06:00,17.1,0.00,12.1,72,15.1,89
2020-05-15T07:00,16.5,0.00,12.6,77,12.6,85
2020-05-15T08:00,15.9,0.00,13.1,83,7.7,101
2020-05-15T09:00,15.5,0.00,13.7,89,5.0,120
2020-05-15T10:00,15.0,0.00,13.7,92,5.2,106
2020-05-15T11:00,14.4,0.00,12.8,90,5.2,78
2020-05-15T12:00,14.6,0.00,14.1,97,9.4,97
2020-05-15T13:00,14.5,0.00,14.1,97,8.3,90
2020-05-15T14:00,15.3,0.00,13.9,92,8.7,85
2020-05-15T15:00,17.2,0.00,13.2,77,5.2,115
2020-05-15T16:00,19.5,0.00,12.2,63,4.3,156
2020-05-15T17:00,22.5,0.00,10.8,48,5.2,196
2020-05-15T18:00,25.6,0.00,8.1,33,8.7,210
2020-05-15T19:00,26.8,0.00,11.0,37,16.9,209
2020-05-15T20:00,26.0,0.00,12.8,44,19.6,216
2020-05-15T21:00,26.4,0.00,12.1,41,15.0,235
2020-05-15T22:00,26.8,0.00,11.1,37,17.2,241
2020-05-15T23:00,26.8,0.00,9.4,34,17.0,234
2020-05-16T00:00,25.8,0.00,11.2,40,16.8,228
2020-05-16T01:00,24.5,0.00,11.0,43,13.6,233
2020-05-16T02:00,22.6,0.00,11.1,48,11.2,225
2020-05-16T03:00,19.9,0.00,11.6,59,9.4,230
2020-05-16T04:00,18.4,0.00,12.2,68,6.1,220
2020-05-16T05:00,17.8,0.00,12.4,70,3.7,151
2020-05-16T06:00,17.7,0.00,12.2,70,5.9,79
2020-05-16T07:00,17.6,0.00,12.1,70,4.3,66
2020-05-16T08:00,17.2,0.00,12.1,72,4.1,75
2020-05-16T09:00,16.4,0.00,12.4,77,5.2,74
2020-05-16T10:00,15.9,0.00,12.2,79,5.8,60
2020-05-16T11:00,15.8,0.00,11.8,77,5.5,67
2020-05-16T12:00,14.9,0.00,11.9,82,7.6,109
2020-05-16T13:00,16.2,0.00,11.6,74,3.0,14
2020-05-16T14:00,17.4,0.00,11.2,67,2.8,310
2020-05-16T15:00,19.5,0.00,13.4,68,3.6,225
2020-05-16T16:00,21.5,0.00,13.2,60,4.8,207
2020-05-16T17:00,23.8,0.00,12.7,50,6.1,208
2020-05-16T18:00,26.0,0.00,12.1,42,6.0,205
2020-05-16T19:00,28.1,0.00,11.9,37,8.3,198
2020-05-16T20:00,29.5,0.00,12.2,35,12.4,210
2020-05-16T21:00,29.7,0.00,11.1,32,17.1,221
2020-05-16T22:00,28.5,0.00,10.3,32,18.9,228
2020-05-16T23:00,27.4,0.00,10.3,34,18.3,234
2020-05-17T00:00,26.0,0.00,10.8,39,18.2,236
2020-05-17T01:00,23.8,0.00,10.1,42,18.0,244
2020-05-17T02:00,22.4,0.00,9.9,45,13.8,229
2020-05-17T03:00,20.5,0.00,10.4,52,10.6,208
2020-05-17T04:00,19.6,0.00,11.2,58,7.7,208
2020-05-17T05:00,19.0,0.00,12.1,64,5.4,188
2020-05-17T06:00,18.3,0.00,12.6,69,6.2,144
2020-05-17T07:00,17.6,0.00,12.9,74,7.1,135
2020-05-17T08:00,16.8,0.00,13.4,81,3.2,153
2020-05-17T09:00,16.1,0.00,13.9,87,3.3,174
2020-05-17T10:00,16.0,0.00,13.7,86,1.6,153
2020-05-17T11:00,15.0,0.00,13.8,93,3.1,69
2020-05-17T12:00,15.1,0.00,14.0,93,4.2,59
2020-05-17T13:00,15.9,0.00,14.3,91,2.3,72
2020-05-17T14:00,16.5,0.00,14.9,90,3.6,135
2020-05-17T15:00,18.0,0.00,14.1,78,4.8,132
2020-05-17T16:00,20.2,0.00,13.6,66,5.9,137
2020-05-17T17:00,22.8,0.00,13.2,55,7.4,151
2020-05-17T18:00,25.3,0.00,13.2,47,9.6,160
2020-05-17T19:00,27.2,0.00,12.9,41,13.6,169
2020-05-17T20:00,28.0,0.00,12.4,38,16.6,179
2020-05-17T21:00,27.6,0.00,12.6,39,17.9,202
2020-05-17T22:00,26.2,0.00,13.4,45,18.6,226
2020-05-17T23:00,25.8,0.00,11.5,41,16.9,232
2020-05-18T00:00,24.5,0.00,12.2,46,16.1,228
2020-05-18T01:00,23.4,0.00,11.4,47,16.2,233
2020-05-18T02:00,21.6,0.00,13.4,60,13.0,231
2020-05-18T03:00,20.3,0.00,14.9,71,10.3,216
2020-05-18T04:00,20.0,0.00,14.9,73,6.9,219
2020-05-18T05:00,19.2,0.00,14.8,75,6.2,234
2020-05-18T06:00,18.4,0.00,14.6,79,3.9,248
2020-05-18T07:00,17.3,0.00,14.8,85,2.0,225
2020-05-18T08:00,16.6,0.00,14.9,90,2.3,231
2020-05-18T09:00,16.5,0.00,15.1,91,1.9,292
2020-05-18T10:00,16.9,0.00,15.1,89,2.9,330
2020-05-18T11:00,17.2,0.00,15.1,87,1.8,11
2020-05-18T12:00,16.6,0.10,15.2,91,5.2,146
2020-05-18T13:00,16.8,0.10,15.1,90,5.1,141
2020-05-18T14:00,17.5,0.20,14.8,84,6.6,139
2020-05-18T15:00,18.0,0.60,14.9,82,6.3,167
2020-05-18T16:00,17.8,2.40,15.7,88,13.1,238
2020-05-18T17:00,18.0,1.30,15.4,85,13.8,250
2020-05-18T18:00,18.0,0.20,15.3,84,11.2,237
2020-05-18T19:00,20.0,0.20,14.6,71,10.3,241
2020-05-18T20:00,20.7,0.00,12.4,59,14.5,240
2020-05-18T21:00,21.7,0.00,11.1,51,15.0,243
2020-05-18T22:00,21.8,0.00,11.6,53,16.3,239
2020-05-18T23:00,21.5,0.00,12.4,56,19.5,240
2020-05-19T00:00,20.7,0.00,11.5,56,21.9,243
2020-05-19T01:00,19.8,0.00,11.5,59,22.7,245
2020-05-19T02:00,18.4,0.00,11.8,66,19.0,245
2020-05-19T03:00,16.8,0.00,12.7,77,15.6,241
2020-05-19T04:00,16.5,0.00,12.9,80,11.8,258
2020-05-19T05:00,15.9,0.00,12.3,79,9.6,250
2020-05-19T06:00,15.2,0.00,11.8,80,9.0,233
2020-05-19T07:00,14.8,0.00,11.8,82,7.1,246
2020-05-19T08:00,14.0,0.00,11.8,87,5.1,262
2020-05-19T09:00,13.2,0.00,11.5,89,7.2,252
2020-05-19T10:00,13.8,0.00,10.9,83,4.3,204
2020-05-19T11:00,12.4,0.00,10.7,90,3.8,73
2020-05-19T12:00,13.8,0.00,11.6,87,3.4,302
2020-05-19T13:00,12.5,0.00,11.5,94,4.6,45
2020-05-19T14:00,13.9,0.00,11.8,87,6.0,65
2020-05-19T15:00,15.4,0.00,11.2,76,10.5,98
2020-05-19T16:00,16.9,0.00,9.3,61,10.5,98
2020-05-19T17:00,18.2,0.00,8.0,51,8.1,111
2020-05-19T18:00,19.5,0.00,7.4,46,5.2,168
2020-05-19T19:00,20.0,0.00,7.8,45,13.1,233
2020-05-19T20:00,21.0,0.00,7.3,41,13.9,245
2020-05-19T21:00,21.9,0.00,6.3,36,13.5,245
2020-05-19T22:00,22.3,0.00,7.4,38,18.5,241
2020-05-19T23:00,22.0,0.00,8.6,42,22.4,244
2020-05-20T00:00,21.1,0.00,8.4,44,15.9,245
2020-05-20T01:00,20.8,0.00,8.7,46,17.5,238
2020-05-20T02:00,19.7,0.00,8.6,49,16.8,242
2020-05-20T03:00,18.1,0.00,9.6,58,11.6,244
2020-05-20T04:00,16.7,0.00,10.8,68,11.2,230
2020-05-20T05:00,15.6,0.00,11.6,77,9.8,234
2020-05-20T06:00,14.5,0.00,12.5,88,4.7,203
2020-05-20T07:00,14.1,0.00,11.9,87,6.2,97
2020-05-20T08:00,13.2,0.00,11.5,89,8.0,80
2020-05-20T09:00,12.6,0.00,10.9,90,8.9,76
2020-05-20T10:00,12.1,0.00,10.4,89,10.0,69
2020-05-20T11:00,11.9,0.00,10.2,90,11.0,67
2020-05-20T12:00,12.0,0.00,10.2,89,8.2,52
2020-05-20T13:00,13.8,0.00,10.9,83,8.3,56
2020-05-20T14:00,14.8,0.00,11.6,81,6.1,50
2020-05-20T15:00,15.9,0.00,11.8,76,1.6,117
2020-05-20T16:00,17.6,0.00,10.9,65,6.0,253
2020-05-20T17:00,20.5,0.00,9.9,51,10.5,248
2020-05-20T18:00,23.0,0.00,8.4,39,13.1,238
2020-05-20T19:00,23.9,0.00,10.0,42,19.4,230
2020-05-20T20:00,23.2,0.00,9.9,43,23.6,231
2020-05-20T21:00,22.8,0.00,9.4,43,23.6,239
2020-05-20T22:00,23.0,0.00,7.8,38,21.9,243
2020-05-20T23:00,23.3,0.00,6.6,34,19.5,240
2020-05-21T00:00,22.4,0.00,7.7,39,18.7,236
2020-05-21T01:00,21.9,0.00,7.1,38,15.4,233
2020-05-21T02:00,20.5,0.00,9.2,48,12.5,229
2020-05-21T03:00,18.8,0.00,11.0,61,8.7,225
2020-05-21T04:00,17.8,0.00,11.8,68,4.3,204
2020-05-21T05:00,16.9,0.00,12.2,74,4.6,141
2020-05-21T06:00,15.8,0.00,12.2,79,9.1,108
2020-05-21T07:00,14.9,0.00,11.6,80,9.0,74
2020-05-21T08:00,14.4,0.00,10.9,80,7.9,47
2020-05-21T09:00,13.8,0.00,9.7,77,5.8,22
2020-05-21T10:00,13.0,0.00,7.9,71,4.4,9
2020-05-21T11:00,12.4,0.00,6.5,67,3.0,14
2020-05-21T12:00,12.4,0.00,7.2,71,8.2,75
2020-05-21T13:00,13.4,0.00,6.7,64,4.9,36
2020-05-21T14:00,15.5,0.00,6.7,56,6.5,19
2020-05-21T15:00,17.6,0.00,8.8,56,4.5,29
2020-05-21T16:00,19.8,0.00,9.4,51,1.8,53
2020-05-21T17:00,22.5,0.00,9.1,42,0.8,243
2020-05-21T18:00,25.5,0.00,7.7,32,2.3,231
2020-05-21T19:00,27.9,0.00,7.1,27,6.4,232
2020-05-21T20:00,29.4,0.00,7.8,26,11.8,232
2020-05-21T21:00,29.5,0.00,7.2,25,17.6,235
2020-05-21T22:00,29.1,0.00,5.4,22,21.8,236
2020-05-21T23:00,29.1,0.00,3.5,20,21.3,240
2020-05-22T00:00,28.2,0.00,4.8,23,20.0,247
2020-05-22T01:00,28.2,0.00,4.6,22,15.5,248
2020-05-22T02:00,26.6,0.00,7.9,31,12.4,244
2020-05-22T03:00,24.2,0.00,8.8,37,10.9,243
2020-05-22T04:00,23.0,0.00,7.9,38,7.4,247
2020-05-22T05:00,21.0,0.00,8.4,44,6.4,153
2020-05-22T06:00,18.3,0.00,9.9,58,15.9,123
2020-05-22T07:00,16.9,0.00,11.9,73,12.4,116
2020-05-22T08:00,16.1,0.00,13.8,86,10.5,112
2020-05-22T09:00,15.4,0.00,13.8,90,8.0,100
2020-05-22T10:00,14.9,0.00,13.2,90,8.0,82
2020-05-22T11:00,14.6,0.00,12.6,88,7.6,82
2020-05-22T12:00,14.4,0.00,12.8,90,8.6,92
2020-05-22T13:00,14.7,0.00,13.5,93,9.5,101
2020-05-22T14:00,15.8,0.00,14.3,91,11.1,119
2020-05-22T15:00,16.7,0.00,13.9,84,11.0,113
2020-05-22T16:00,18.4,0.00,13.2,72,10.1,117
2020-05-22T17:00,20.9,0.00,12.1,57,9.9,123
2020-05-22T18:00,23.5,0.00,11.4,47,11.5,136
2020-05-22T19:00,25.5,0.00,11.2,41,12.9,150
2020-05-22T20:00,26.6,0.00,10.9,37,15.4,169
2020-05-22T21:00,26.5,0.00,10.6,37,18.6,190
2020-05-22T22:00,25.5,0.00,10.8,40,19.5,208
2020-05-22T23:00,24.5,0.00,11.1,43,15.7,212
2020-05-23T00:00,24.2,0.00,9.4,39,15.0,201
2020-05-23T01:00,21.9,0.00,11.9,53,14.8,214
2020-05-23T02:00,19.7,0.00,12.8,64,11.2,225
2020-05-23T03:00,18.1,0.00,13.2,73,7.9,219
2020-05-23T04:00,17.3,0.00,13.6,79,7.1,204
2020-05-23T05:00,16.9,0.00,13.5,80,7.6,177
2020-05-23T06:00,16.5,0.00,13.2,81,7.0,159
2020-05-23T07:00,16.8,0.00,12.9,78,8.7,135
2020-05-23T08:00,16.8,0.00,12.3,75,13.5,132
2020-05-23T09:00,15.9,0.00,12.6,81,11.2,123
2020-05-23T10:00,15.3,0.00,12.7,84,9.9,109
2020-05-23T11:00,14.8,0.00,12.6,87,8.7,85
2020-05-23T12:00,14.7,0.00,12.7,88,8.8,55
2020-05-23T13:00,14.6,0.00,12.4,86,9.4,47
2020-05-23T14:00,15.6,0.00,11.9,79,9.7,45
2020-05-23T15:00,17.0,0.00,12.0,72,5.0,60
2020-05-23T16:00,18.3,0.00,11.2,63,2.7,157
2020-05-23T17:00,19.8,0.00,11.1,57,3.3,174
2020-05-23T18:00,22.1,0.00,10.6,48,4.0,190
2020-05-23T19:00,24.3,0.00,10.8,43,9.8,208
2020-05-23T20:00,25.0,0.00,12.1,45,16.4,220
2020-05-23T21:00,24.6,0.00,12.3,46,20.9,226
2020-05-23T22:00,23.6,0.00,11.9,48,21.3,236
2020-05-23T23:00,23.5,0.00,10.7,44,20.0,236
2020-05-24T00:00,22.0,0.00,12.0,53,18.6,234
2020-05-24T01:00,21.2,0.00,11.1,52,17.5,238
2020-05-24T02:00,19.9,0.00,10.6,55,14.6,237
2020-05-24T03:00,18.2,0.00,11.2,64,10.6,235
2020-05-24T04:00,17.0,0.00,12.1,73,8.5,216
2020-05-24T05:00,16.2,0.00,12.2,77,5.8,173
2020-05-24T06:00,15.8,0.00,12.1,78,3.6,127
2020-05-24T07:00,15.4,0.00,11.9,80,3.6,84
2020-05-24T08:00,14.8,0.00,11.6,81,3.8,73
2020-05-24T09:00,13.9,0.00,11.4,85,6.3,66
2020-05-24T10:00,13.6,0.00,11.2,86,6.0,65
2020-05-24T11:00,13.1,0.00,11.2,88,5.6,63
2020-05-24T12:00,13.2,0.00,12.1,93,7.0,78
2020-05-24T13:00,13.7,0.00,12.9,95,7.0,69
2020-05-24T14:00,15.4,0.00,13.2,87,7.2,63
2020-05-24T15:00,16.4,0.00,13.4,82,3.7,79
2020-05-24T16:00,17.5,0.00,13.3,76,2.3,108
2020-05-24T17:00,20.1,0.00,12.9,63,3.1,159
2020-05-24T18:00,22.9,0.00,12.6,52,4.0,190
2020-05-24T19:00,25.8,0.00,12.4,43,7.3,200
2020-05-24T20:00,27.8,0.00,12.4,39,11.0,212
2020-05-24T21:00,28.2,0.00,12.7,38,16.6,228
2020-05-24T22:00,27.2,0.00,12.1,39,19.6,234
2020-05-24T23:00,26.3,0.00,11.1,39,19.2,236
2020-05-25T00:00,23.7,0.00,12.6,50,19.0,237
2020-05-25T01:00,22.6,0.00,12.1,51,16.8,235
2020-05-25T02:00,21.1,0.00,12.1,56,11.0,232
2020-05-25T03:00,19.4,0.00,12.9,66,5.2,196
2020-05-25T04:00,18.2,0.00,13.4,74,6.6,171
2020-05-25T05:00,17.3,0.00,13.6,79,9.7,129
2020-05-25T06:00,17.0,0.00,13.1,77,9.0,106
2020-05-25T07:00,16.9,0.00,13.1,78,6.3,114
2020-05-25T08:00,16.4,0.00,13.2,82,4.7,90
2020-05-25T09:00,15.9,0.00,13.2,84,4.4,99
2020-05-25T10:00,15.4,0.00,13.4,88,4.4,125
2020-05-25T11:00,14.6,0.00,13.5,93,4.6,108
2020-05-25T12:00,14.8,0.00,13.7,93,3.1,111
2020-05-25T13:00,14.6,0.00,13.8,95,0.8,207
2020-05-25T14:00,14.8,0.00,13.9,94,0.8,117
2020-05-25T15:00,16.5,0.00,13.5,83,2.5,82
2020-05-25T16:00,18.8,0.00,12.8,68,2.2,171
2020-05-25T17:00,21.9,0.00,12.4,55,3.6,186
2020-05-25T18:00,25.1,0.00,12.4,45,6.8,177
2020-05-25T19:00,27.9,0.00,12.3,38,9.2,201
2020-05-25T20:00,29.1,0.00,12.4,36,13.0,222
2020-05-25T21:00,29.6,0.00,11.7,33,15.1,230
2020-05-25T22:00,29.5,0.00,10.2,30,16.9,232
2020-05-25T23:00,28.4,0.00,10.1,32,17.5,233
2020-05-26T00:00,27.1,0.00,10.6,36,15.7,238
2020-05-26T01:00,26.1,0.00,11.3,39,12.8,232
2020-05-26T02:00,24.0,0.00,11.8,47,10.9,224
2020-05-26T03:00,20.9,0.00,12.1,57,9.0,209
2020-05-26T04:00,18.9,0.00,12.7,67,6.9,171
2020-05-26T05:00,17.9,0.00,12.8,72,9.2,135
2020-05-26T06:00,17.9,0.00,12.4,70,8.7,128
2020-05-26T07:00,17.9,0.00,12.3,70,5.9,128
2020-05-26T08:00,17.5,0.00,12.4,72,5.2,124
2020-05-26T09:00,16.8,0.00,12.6,77,4.5,166
2020-05-26T10:00,16.7,0.00,12.9,78,2.2,189
2020-05-26T11:00,15.1,0.00,13.1,88,4.7,94
2020-05-26T12:00,14.6,0.00,13.4,93,4.0,85
2020-05-26T13:00,14.8,0.00,13.6,92,3.0,104
2020-05-26T14:00,16.0,0.00,13.7,86,2.4,117
2020-05-26T15:00,18.3,0.00,13.4,73,3.6,127
2020-05-26T16:00,21.2,0.00,12.8,59,4.2,149
2020-05-26T17:00,24.5,0.00,12.7,48,5.4,184
2020-05-26T18:00,27.4,0.00,12.5,40,7.6,205
2020-05-26T19:00,30.0,0.00,12.1,33,8.8,215
2020-05-26T20:00,31.9,0.00,11.9,29,12.7,225
2020-05-26T21:00,31.1,0.00,11.3,30,19.4,230
2020-05-26T22:00,29.1,0.00,10.4,31,21.7,234
2020-05-26T23:00,28.7,0.00,8.9,29,19.5,236
2020-05-27T00:00,26.2,0.00,9.9,36,18.0,237
2020-05-27T01:00,23.8,0.00,10.8,44,11.8,220
2020-05-27T02:00,21.4,0.00,12.1,56,8.9,201
2020-05-27T03:00,19.0,0.00,13.0,68,10.0,206
2020-05-27T04:00,17.6,0.00,13.6,77,8.3,180
2020-05-27T05:00,17.3,0.00,13.4,78,7.8,146
2020-05-27T06:00,17.4,0.00,13.1,76,6.1,140
2020-05-27T07:00,17.2,0.00,13.1,77,4.2,149
2020-05-27T08:00,16.9,0.00,13.4,80,2.5,172
2020-05-27T09:00,16.3,0.00,13.4,83,3.8,163
2020-05-27T10:00,15.8,0.00,13.4,86,3.1,159
2020-05-27T11:00,15.3,0.00,13.5,89,3.8,131
2020-05-27T12:00,15.0,0.00,13.2,89,3.1,159
2020-05-27T13:00,14.8,0.00,13.3,91,2.6,106
2020-05-27T14:00,15.9,0.00,13.4,86,4.3,114
2020-05-27T15:00,17.9,0.00,12.6,71,4.3,114
2020-05-27T16:00,20.5,0.00,12.2,59,4.8,132
2020-05-27T17:00,23.2,0.00,12.6,51,5.8,150
2020-05-27T18:00,26.1,0.00,12.7,43,7.6,172
2020-05-27T19:00,28.5,0.00,12.6,38,9.8,186
2020-05-27T20:00,29.5,0.00,12.9,36,14.0,209
2020-05-27T21:00,29.1,0.00,12.6,36,15.8,223
2020-05-27T22:00,28.2,0.00,11.9,36,16.3,223
2020-05-27T23:00,26.6,0.00,12.2,41,17.3,227
2020-05-28T00:00,25.9,0.00,11.8,41,15.0,228
2020-05-28T01:00,24.0,0.00,11.9,47,14.8,223
2020-05-28T02:00,21.1,0.00,12.1,56,11.9,215
2020-05-28T03:00,18.5,0.00,12.8,69,10.0,201
2020-05-28T04:00,17.0,0.00,13.8,81,9.8,186
2020-05-28T05:00,16.7,0.00,13.9,84,8.7,175
2020-05-28T06:00,16.2,0.00,13.9,86,7.0,168
2020-05-28T07:00,15.7,0.00,13.9,89,4.6,162
2020-05-28T08:00,15.4,0.00,13.9,90,3.3,139
2020-05-28T09:00,15.1,0.00,13.9,93,1.6,63
2020-05-28T10:00,14.8,0.00,13.9,94,1.3,56
2020-05-28T11:00,14.4,0.00,13.9,97,1.3,146
2020-05-28T12:00,13.9,0.00,13.8,99,0.7,180
2020-05-28T13:00,14.6,0.00,13.9,96,2.5,98
2020-05-28T14:00,14.9,0.00,13.8,93,1.8,127
2020-05-28T15:00,16.1,0.00,13.6,85,1.1,198
2020-05-28T16:00,18.3,0.00,13.6,74,2.5,180
2020-05-28T17:00,21.5,0.00,13.5,61,4.8,193
2020-05-28T18:00,24.2,0.00,13.4,51,7.2,198
2020-05-28T19:00,25.9,0.00,13.4,46,10.8,206
2020-05-28T20:00,26.6,0.00,13.4,44,13.3,213
2020-05-28T21:00,26.2,0.00,13.3,45,16.4,220
2020-05-28T22:00,25.5,0.00,13.3,47,17.1,224
2020-05-28T23:00,24.1,0.00,13.4,51,16.5,226
2020-05-29T00:00,23.5,0.00,14.1,56,14.3,221
2020-05-29T01:00,21.4,0.00,14.0,63,16.1,231
2020-05-29T02:00,19.1,0.00,13.8,71,14.6,232
2020-05-29T03:00,17.5,0.00,13.8,79,13.3,232
2020-05-29T04:00,16.6,0.00,13.7,83,10.2,225
2020-05-29T05:00,16.3,0.00,13.6,84,4.8,228
2020-05-29T06:00,15.9,0.00,13.6,87,3.3,193
2020-05-29T07:00,15.5,0.00,13.6,89,4.0,207
2020-05-29T08:00,15.4,0.00,13.6,90,3.9,236
2020-05-29T09:00,15.2,0.00,13.6,90,3.6,233
2020-05-29T10:00,15.1,0.00,13.6,91,4.6,252
2020-05-29T11:00,14.9,0.00,13.6,92,4.5,241
2020-05-29T12:00,15.3,0.00,13.7,90,3.3,139
2020-05-29T13:00,15.5,0.00,13.6,89,2.1,211
2020-05-29T14:00,16.0,0.00,13.7,86,2.3,198
2020-05-29T15:00,16.5,0.00,13.6,83,1.3,124
2020-05-29T16:00,17.3,0.00,13.6,79,7.6,172
2020-05-29T17:00,18.8,0.00,13.6,72,7.1,165
2020-05-29T18:00,20.2,0.00,13.8,66,8.8,168
2020-05-29T19:00,21.5,0.00,13.9,62,10.5,176
2020-05-29T20:00,24.0,0.00,14.0,54,12.3,185
2020-05-29T21:00,24.8,0.00,14.0,51,13.6,191
2020-05-29T22:00,24.8,0.00,13.7,50,14.7,205
2020-05-29T23:00,24.3,0.00,13.6,51,14.3,208
2020-05-30T00:00,22.8,0.00,14.3,59,15.0,222
2020-05-30T01:00,21.0,0.00,14.1,64,14.8,227
2020-05-30T02:00,19.1,0.00,13.6,71,15.0,235
2020-05-30T03:00,17.1,0.00,13.2,78,15.5,245
2020-05-30T04:00,16.5,0.00,12.7,78,12.9,252
2020-05-30T05:00,16.4,0.00,12.4,78,9.2,244
2020-05-30T06:00,16.2,0.00,12.4,78,6.9,231
2020-05-30T07:00,16.0,0.00,12.4,79,2.1,149
2020-05-30T08:00,15.6,0.00,12.4,81,4.0,185
2020-05-30T09:00,15.1,0.00,12.6,85,4.1,255
2020-05-30T10:00,14.4,0.00,12.6,89,4.0,280
2020-05-30T11:00,13.9,0.00,12.6,92,3.6,315
2020-05-30T12:00,14.2,0.00,12.8,91,4.8,312
2020-05-30T13:00,15.1,0.00,12.6,86,3.8,311
2020-05-30T14:00,16.1,0.00,12.4,79,2.2,279
2020-05-30T15:00,17.6,0.00,12.6,73,2.8,220
2020-05-30T16:00,19.3,0.00,12.3,64,4.7,180
2020-05-30T17:00,20.7,0.00,11.9,57,6.7,196
2020-05-30T18:00,22.0,0.00,11.9,53,8.7,218
2020-05-30T19:00,24.0,0.00,11.4,45,9.2,222
2020-05-30T20:00,25.4,0.00,9.9,38,12.2,225
2020-05-30T21:00,25.8,0.00,10.0,37,18.3,238
2020-05-30T22:00,25.3,0.00,9.4,37,22.7,245
2020-05-30T23:00,24.1,0.00,9.5,39,26.8,250
2020-05-31T00:00,21.8,0.00,12.5,56,24.5,248
2020-05-31T01:00,20.2,0.00,13.4,65,23.8,252
2020-05-31T02:00,19.2,0.00,13.9,72,20.5,259
2020-05-31T03:00,18.1,0.00,14.3,78,17.0,257
2020-05-31T04:00,17.2,0.00,14.4,84,16.1,250
2020-05-31T05:00,17.0,0.00,14.6,85,14.1,251
2020-05-31T06:00,16.9,0.00,14.2,84,10.8,244
2020-05-31T07:00,16.4,0.00,13.7,84,4.8,228
2020-05-31T08:00,15.7,0.00,13.6,87,3.5,204
2020-05-31T09:00,15.3,0.00,13.4,88,3.6,233
2020-05-31T10:00,14.6,0.00,13.2,91,4.5,194
2020-05-31T11:00,14.1,0.00,13.2,95,3.0,104
2020-05-31T12:00,14.1,0.00,13.4,96,2.9,97
2020-05-31T13:00,14.6,0.00,13.6,94,4.3,95
2020-05-31T14:00,15.4,0.00,13.6,88,2.1,121
2020-05-31T15:00,17.4,0.00,13.1,76,3.6,127
2020-05-31T16:00,19.3,0.00,12.4,64,4.3,138
2020-05-31T17:00,20.9,0.00,12.1,57,4.7,176
2020-05-31T18:00,23.0,0.00,11.8,49,6.2,201
2020-05-31T19:00,24.8,0.10,11.5,43,8.6,213
2020-05-31T20:00,26.2,0.00,11.2,39,12.1,217
2020-05-31T21:00,25.6,0.00,11.0,40,15.5,224
2020-05-31T22:00,25.8,0.00,10.7,39,14.8,229
2020-05-31T23:00,26.1,0.00,10.6,38,15.1,237
2020-06-01T00:00,24.4,0.00,12.0,46,17.3,239
2020-06-01T01:00,22.6,0.00,12.4,52,18.5,241
2020-06-01T02:00,21.0,0.00,12.6,59,11.6,234
2020-06-01T03:00,19.2,0.00,13.2,68,6.7,216
2020-06-01T04:00,18.4,0.00,13.6,74,4.5,194
2020-06-01T05:00,17.8,0.00,13.7,77,6.1,152
2020-06-01T06:00,17.2,0.00,13.6,79,8.1,122
2020-06-01T07:00,16.9,0.00,13.3,79,8.9,104
2020-06-01T08:00,16.8,0.00,13.1,79,7.5,125
2020-06-01T09:00,16.4,0.00,13.1,81,4.6,198
2020-06-01T10:00,16.2,0.00,13.3,83,3.0,284
2020-06-01T11:00,16.2,0.00,13.3,83,0.8,153
2020-06-01T12:00,16.1,0.00,13.3,83,2.3,219
2020-06-01T13:00,16.0,0.00,13.4,84,5.8,176
2020-06-01T14:00,16.6,0.00,13.1,79,6.3,114
2020-06-01T15:00,18.8,0.00,12.1,65,2.4,153
2020-06-01T16:00,21.5,0.00,11.9,55,3.3,186
2020-06-01T17:00,23.6,0.00,11.9,48,5.4,200
2020-06-01T18:00,25.9,0.00,11.9,42,7.4,227
2020-06-01T19:00,27.8,0.00,11.9,38,11.8,239
2020-06-01T20:00,29.4,0.00,12.2,35,16.3,242
2020-06-01T21:00,30.6,0.00,11.9,32,19.5,240
2020-06-01T22:00,31.9,0.00,9.9,26,22.5,243
2020-06-01T23:00,31.9,0.00,10.2,26,24.9,248
2020-06-02T00:00,29.7,0.00,10.9,31,20.7,235
2020-06-02T01:00,26.8,0.00,11.9,40,20.0,236
2020-06-02T02:00,26.2,0.00,11.8,40,13.7,240
2020-06-02T03:00,23.9,0.00,11.6,46,11.5,221
2020-06-02T04:00,21.9,0.00,12.0,53,7.6,183
2020-06-02T05:00,20.3,0.00,12.5,61,6.5,146
2020-06-02T06:00,19.6,0.00,12.7,64,7.1,114
2020-06-02T07:00,19.1,0.00,12.9,68,10.6,114
2020-06-02T08:00,18.2,0.00,12.9,71,8.6,123
2020-06-02T09:00,17.4,0.00,12.6,73,6.3,121
2020-06-02T10:00,16.7,0.00,12.2,75,5.5,113
2020-06-02T11:00,16.5,0.00,12.1,75,7.2,90
2020-06-02T12:00,16.2,0.00,12.9,81,5.1,98
2020-06-02T13:00,16.3,0.00,14.0,86,7.2,108
2020-06-02T14:00,17.6,0.00,14.6,82,8.9,122
2020-06-02T15:00,19.0,0.00,14.6,76,8.9,133
2020-06-02T16:00,21.3,0.00,14.6,66,7.1,139
2020-06-02T17:00,24.2,0.00,14.0,53,6.9,141
2020-06-02T18:00,27.3,0.00,13.2,42,8.5,152
2020-06-02T19:00,29.7,0.00,12.1,34,10.2,172
2020-06-02T20:00,30.9,0.00,11.4,30,11.0,199
2020-06-02T21:00,32.0,0.00,11.9,29,12.7,209
2020-06-02T22:00,31.2,0.00,13.1,33,15.6,214
2020-06-02T23:00,30.2,0.00,12.7,34,13.1,217
2020-06-03T00:00,29.2,0.00,13.1,37,14.2,216
2020-06-03T01:00,26.2,0.00,12.8,43,14.3,227
2020-06-03T02:00,23.8,0.00,12.6,50,12.0,226
2020-06-03T03:00,21.5,0.00,12.9,58,10.5,221
2020-06-03T04:00,20.0,0.00,12.9,64,7.4,227
2020-06-03T05:00,19.4,0.00,13.1,67,4.2,239
2020-06-03T06:00,19.2,0.00,13.2,68,2.5,225
2020-06-03T07:00,19.0,0.00,13.2,69,2.8,220
2020-06-03T08:00,19.0,0.00,13.1,69,1.8,180
2020-06-03T09:00,18.8,0.00,13.2,70,6.7,164
2020-06-03T10:00,18.0,0.00,13.3,74,4.3,114
2020-06-03T11:00,17.5,0.00,13.4,76,1.6,333
2020-06-03T12:00,16.9,0.00,13.6,81,9.4,247
2020-06-03T13:00,16.3,0.00,13.9,86,4.4,171
2020-06-03T14:00,18.0,0.00,13.6,76,7.4,309
2020-06-03T15:00,22.0,0.00,13.9,60,9.2,225
2020-06-03T16:00,24.1,0.00,12.7,49,6.8,180
2020-06-03T17:00,27.8,0.00,11.1,36,5.4,143
2020-06-03T18:00,30.4,0.00,11.1,31,6.4,164
2020-06-03T19:00,33.2,0.00,11.1,26,6.4,196
2020-06-03T20:00,35.8,0.00,10.6,22,10.4,224
2020-06-03T21:00,37.0,0.00,10.2,20,16.0,226
2020-06-03T22:00,35.6,0.00,8.0,18,21.9,226
2020-06-03T23:00,31.4,0.00,11.5,30,24.0,227
2020-06-04T00:00,29.0,0.00,11.1,33,13.3,237
2020-06-04T01:00,27.5,0.00,10.6,35,13.8,221
2020-06-04T02:00,25.2,0.00,12.3,44,11.9,185
2020-06-04T03:00,24.0,0.00,13.5,52,12.5,168
2020-06-04T04:00,21.1,0.00,14.6,67,13.7,135
2020-06-04T05:00,19.6,0.00,15.4,77,12.1,127
2020-06-04T06:00,19.0,0.00,14.9,77,8.1,111
2020-06-04T07:00,19.0,0.00,13.8,72,7.2,87
2020-06-04T08:00,18.9,0.00,13.5,71,9.2,101
2020-06-04T09:00,18.0,0.00,14.2,79,7.6,98
2020-06-04T10:00,17.3,0.00,14.0,81,5.1,94
2020-06-04T11:00,16.5,0.00,13.9,84,4.6,108
2020-06-04T12:00,16.2,0.00,14.2,88,5.5,67
2020-06-04T13:00,16.2,0.00,14.6,90,5.5,148
2020-06-04T14:00,16.6,0.00,15.1,91,6.7,144
2020-06-04T15:00,17.5,0.00,14.9,85,6.1,152
2020-06-04T16:00,19.5,0.00,14.4,72,5.7,162
2020-06-04T17:00,22.2,0.00,13.9,59,8.9,159
2020-06-04T18:00,24.7,0.00,13.4,50,11.7,162
2020-06-04T19:00,26.4,0.00,13.1,44,13.4,166
2020-06-04T20:00,27.4,0.00,12.9,41,14.6,170
2020-06-04T21:00,28.0,0.00,12.7,39,15.1,179
2020-06-04T22:00,27.9,0.00,12.9,40,15.2,184
2020-06-04T23:00,27.0,0.00,13.3,43,15.3,188
2020-06-05T00:00,24.6,0.00,14.6,54,13.0,185
2020-06-05T01:00,23.2,0.00,14.4,57,14.4,180
2020-06-05T02:00,21.4,0.00,14.1,63,13.8,174
2020-06-05T03:00,19.6,0.00,13.9,70,13.1,172
2020-06-05T04:00,18.3,0.00,13.9,76,12.0,164
2020-06-05T05:00,17.6,0.00,13.8,78,9.6,160
2020-06-05T06:00,17.4,0.00,13.6,79,8.3,162
2020-06-05T07:00,17.3,0.00,13.5,78,7.7,152
2020-06-05T08:00,16.9,0.00,13.5,81,7.4,157
2020-06-05T09:00,17.0,0.00,13.4,80,7.3,169
2020-06-05T10:00,16.8,0.00,13.6,82,6.8,177
2020-06-05T11:00,17.0,0.10,13.6,81,7.8,167
2020-06-05T12:00,17.6,0.20,14.0,79,7.6,155
2020-06-05T13:00,17.7,0.20,14.4,81,8.4,137
2020-06-05T14:00,17.9,0.10,14.6,81,8.4,140
2020-06-05T15:00,18.2,0.10,14.6,80,10.0,150
2020-06-05T16:00,19.0,0.10,14.4,75,11.5,148
2020-06-05T17:00,20.0,0.70,13.7,67,11.8,153
2020-06-05T18:00,21.0,0.40,13.4,62,12.9,162
2020-06-05T19:00,21.4,0.00,13.1,59,11.8,157
2020-06-05T20:00,22.4,0.00,12.4,54,12.2,161
2020-06-05T21:00,23.2,0.00,12.1,49,12.6,153
2020-06-05T22:00,24.3,0.00,11.2,44,12.1,170
2020-06-05T23:00,23.4,0.00,12.8,51,16.2,212
2020-06-06T00:00,20.5,0.10,12.9,62,13.2,253
2020-06-06T01:00,19.8,0.00,12.8,64,13.3,268
2020-06-06T02:00,19.4,0.00,12.7,65,11.1,257
2020-06-06T03:00,18.9,0.00,12.9,68,8.8,261
2020-06-06T04:00,18.1,0.00,13.0,72,12.3,267
2020-06-06T05:00,17.9,0.00,13.1,74,6.7,254
2020-06-06T06:00,17.8,0.00,13.2,75,5.7,252
2020-06-06T07:00,17.5,0.00,13.4,77,1.8,259
2020-06-06T08:00,16.8,0.00,13.7,82,4.8,243
2020-06-06T09:00,16.6,0.00,13.8,84,5.5,247
2020-06-06T10:00,16.2,0.10,13.8,86,5.0,249
2020-06-06T11:00,16.2,0.10,13.8,86,2.1,211
2020-06-06T12:00,16.7,0.00,14.4,86,4.2,211
2020-06-06T13:00,17.0,0.00,14.3,84,8.9,230
2020-06-06T14:00,17.3,0.00,13.6,79,6.1,230
2020-06-06T15:00,18.5,0.00,12.2,67,8.0,207
2020-06-06T16:00,19.4,0.00,10.8,58,12.6,217
2020-06-06T17:00,19.9,0.00,10.2,54,10.0,206
2020-06-06T18:00,21.6,0.00,9.8,47,9.0,180
2020-06-06T19:00,23.5,0.00,9.4,41,11.7,198
2020-06-06T20:00,24.2,0.00,9.4,39,16.5,196
2020-06-06T21:00,24.4,0.00,9.4,38,17.5,194
2020-06-06T22:00,24.2,0.00,9.9,40,16.5,203
2020-06-06T23:00,23.7,0.00,9.8,41,15.3,210
2020-06-07T00:00,22.2,0.00,11.9,52,17.8,228
2020-06-07T01:00,20.6,0.00,11.3,55,16.4,230
2020-06-07T02:00,19.9,0.00,11.2,57,11.8,232
2020-06-07T03:00,19.5,0.00,11.6,60,6.0,213
2020-06-07T04:00,18.9,0.00,12.2,65,5.8,184
2020-06-07T05:00,18.1,0.00,12.6,70,6.1,140
2020-06-07T06:00,17.3,0.00,12.4,73,9.2,111
2020-06-07T07:00,16.6,0.00,12.4,76,10.8,105
2020-06-07T08:00,15.8,0.00,13.2,85,12.0,99
2020-06-07T09:00,14.9,0.00,13.1,89,11.6,85
2020-06-07T10:00,14.3,0.00,12.9,91,8.6,57
2020-06-07T11:00,14.4,0.00,13.1,92,5.2,65
2020-06-07T12:00,14.7,0.00,13.6,93,3.7,79
2020-06-07T13:00,15.0,0.00,13.9,93,5.4,132
2020-06-07T14:00,15.9,0.00,13.9,88,8.2,157
2020-06-07T15:00,17.4,0.00,13.1,76,8.1,159
2020-06-07T16:00,19.1,0.00,11.6,62,4.8,153
2020-06-07T17:00,21.8,0.00,9.9,47,2.5,180
2020-06-07T18:00,24.9,0.00,1.5,22,5.7,252
2020-06-07T19:00,27.4,0.00,-3.6,13,12.9,257
2020-06-07T20:00,26.9,0.00,6.8,28,21.1,240
2020-06-07T21:00,25.2,0.00,9.5,37,27.7,231
2020-06-07T22:00,25.2,0.00,5.9,29,30.2,234
2020-06-07T23:00,26.1,0.00,6.9,29,26.3,241
2020-06-08T00:00,24.4,0.00,7.1,33,19.1,223
2020-06-08T01:00,24.6,0.00,6.9,32,19.6,226
2020-06-08T02:00,24.6,0.00,6.1,30,15.1,242
2020-06-08T03:00,24.0,0.00,1.6,23,10.1,297
2020-06-08T04:00,22.8,0.00,-8.0,12,22.2,352
2020-06-08T05:00,21.5,0.00,-9.5,12,28.4,359
2020-06-08T06:00,20.5,0.00,-8.9,13,28.5,342
2020-06-08T07:00,19.8,0.00,-9.5,13,29.0,330
2020-06-08T08:00,19.1,0.00,-8.3,15,27.3,310
2020-06-08T09:00,18.5,0.00,-7.4,17,20.4,302
2020-06-08T10:00,17.6,0.00,-7.1,18,13.8,303
2020-06-08T11:00,16.5,0.00,-5.9,21,9.8,324
2020-06-08T12:00,17.0,0.00,-3.3,25,15.5,312
2020-06-08T13:00,17.5,0.00,-3.8,23,17.8,315
2020-06-08T14:00,19.5,0.00,-4.1,20,19.1,313
2020-06-08T15:00,22.2,0.00,-5.8,15,19.5,332
2020-06-08T16:00,24.1,0.00,-4.2,15,12.4,350
2020-06-08T17:00,25.6,0.00,-3.2,15,8.3,90
2020-06-08T18:00,27.1,0.00,-3.5,13,9.3,106
2020-06-08T19:00,29.0,0.00,-7.8,8,7.6,93
2020-06-08T20:00,30.4,0.00,-11.1,6,8.0,95
2020-06-08T21:00,31.8,0.00,-13.6,5,6.5,84
2020-06-08T22:00,32.2,0.00,-16.2,4,2.8,140
2020-06-08T23:00,32.2,0.00,-14.0,4,5.4,200
2020-06-09T00:00,30.8,0.00,-5.6,9,17.7,241
2020-06-09T01:00,30.3,0.00,-6.2,9,18.9,257
2020-06-09T02:00,29.2,0.00,-5.8,10,19.1,273
2020-06-09T03:00,27.2,0.00,-4.2,12,14.2,291
2020-06-09T04:00,25.8,0.00,-1.8,16,14.1,341
2020-06-09T05:00,23.6,0.00,-7.0,12,14.4,1
2020-06-09T06:00,21.8,0.00,-10.6,10,12.3,355
2020-06-09T07:00,20.5,0.00,-11.1,11,12.9,347
2020-06-09T08:00,19.5,0.00,-9.8,13,10.6,350
2020-06-09T09:00,17.8,0.00,-9.1,15,4.6,18
2020-06-09T10:00,16.2,0.00,-7.7,19,4.7,67
2020-06-09T11:00,16.0,0.00,-6.7,21,3.6,37
2020-06-09T12:00,16.6,0.00,-6.8,19,4.0,5
2020-06-09T13:00,16.0,0.00,-7.7,19,4.5,14
2020-06-09T14:00,18.9,0.00,-6.4,17,4.8,27
2020-06-09T15:00,24.5,0.00,-6.9,12,1.6,27
2020-06-09T16:00,28.2,0.00,-8.6,8,1.8,233
2020-06-09T17:00,31.0,0.00,-9.9,6,2.7,157
2020-06-09T18:00,33.0,0.00,-10.9,5,7.3,147
2020-06-09T19:00,34.6,0.00,-11.1,5,7.4,157
2020-06-09T20:00,35.7,0.00,-11.3,4,4.8,207
2020-06-09T21:00,36.2,0.00,-10.7,5,13.9,249
2020-06-09T22:00,35.5,0.00,-11.0,5,24.1,250
2020-06-09T23:00,34.7,0.00,-10.3,5,27.1,251
2020-06-10T00:00,34.7,0.00,-10.2,5,24.2,259
2020-06-10T01:00,33.8,0.00,-9.9,6,22.8,265
2020-06-10T02:00,33.0,0.00,-9.2,6,17.5,261
2020-06-10T03:00,30.4,0.00,-7.6,8,12.7,263
2020-06-10T04:00,28.8,0.00,-8.4,8,13.2,299
2020-06-10T05:00,27.5,0.00,-8.5,9,13.8,317
2020-06-10T06:00,26.0,0.00,-7.8,10,15.0,314
2020-06-10T07:00,23.9,0.00,-6.6,13,11.2,327
2020-06-10T08:00,21.8,0.00,-3.3,18,10.0,60
2020-06-10T09:00,20.8,0.00,-2.8,20,9.8,62
2020-06-10T10:00,20.5,0.00,-2.7,21,5.5,23
2020-06-10T11:00,20.0,0.00,-3.0,21,4.7,23
2020-06-10T12:00,19.8,0.00,-3.0,21,7.4,51
2020-06-10T13:00,20.7,0.00,-3.2,20,6.6,49
2020-06-10T14:00,23.5,0.00,-3.2,17,7.5,55
2020-06-10T15:00,26.0,0.00,-3.9,14,8.3,72
2020-06-10T16:00,28.8,0.00,-5.3,10,7.2,90
2020-06-10T17:00,31.2,0.00,-5.9,9,5.0,120
2020-06-10T18:00,33.8,0.00,-5.2,8,5.2,164
2020-06-10T19:00,36.1,0.00,-4.2,8,8.8,189
2020-06-10T20:00,37.3,0.00,-2.5,8,14.7,211
2020-06-10T21:00,37.1,0.00,-2.2,8,19.4,223
2020-06-10T22:00,36.0,0.00,-4.8,7,21.8,236
2020-06-10T23:00,35.5,0.00,-4.8,7,21.6,242
2020-06-11T00:00,34.3,0.00,-3.2,9,20.6,241
2020-06-11T01:00,32.7,0.00,-0.3,12,18.8,241
2020-06-11T02:00,30.3,0.00,1.9,16,15.7,233
2020-06-11T03:00,27.5,0.00,3.5,21,9.9,226
2020-06-11T04:00,25.0,0.00,5.8,29,7.6,177
2020-06-11T05:00,23.0,0.00,6.5,34,10.7,130
2020-06-11T06:00,22.4,0.00,5.6,34,8.8,125
2020-06-11T07:00,21.5,0.00,8.0,42,7.5,125
2020-06-11T08:00,20.0,0.00,10.8,56,7.0,125
2020-06-11T09:00,18.9,0.00,11.3,61,4.3,95
2020-06-11T10:00,18.4,0.00,10.6,60,5.2,78
2020-06-11T11:00,19.4,0.00,9.5,53,3.3,77
2020-06-11T12:00,17.0,0.00,10.1,63,6.3,121
2020-06-11T13:00,17.0,0.00,9.4,61,5.9,79
2020-06-11T14:00,19.5,0.00,8.6,49,1.6,63
2020-06-11T15:00,22.2,0.00,9.4,44,1.3,146
2020-06-11T16:00,25.5,0.00,6.5,30,3.8,163
2020-06-11T17:00,28.7,0.00,4.2,21,6.6,167
2020-06-11T18:00,31.4,0.00,4.3,18,10.2,170
2020-06-11T19:00,33.3,0.00,4.9,17,11.4,191
2020-06-11T20:00,34.6,0.00,5.5,16,14.4,212
2020-06-11T21:00,34.5,0.00,4.1,15,16.9,218
2020-06-11T22:00,33.8,0.00,3.0,14,18.1,223
2020-06-11T23:00,32.1,0.00,4.6,18,19.7,230
2020-06-12T00:00,30.5,0.00,5.4,21,16.8,228
2020-06-12T01:00,27.5,0.00,8.2,30,17.1,231
2020-06-12T02:00,24.0,0.00,10.8,43,13.0,228
2020-06-12T03:00,21.3,0.00,12.3,56,9.2,222
2020-06-12T04:00,19.9,0.00,13.3,66,7.4,203
2020-06-12T05:00,18.9,0.00,14.0,73,6.6,221
2020-06-12T06:00,18.0,0.00,14.2,78,6.6,241
2020-06-12T07:00,17.1,0.00,14.4,84,4.6,231
2020-06-12T08:00,16.5,0.00,14.6,89,3.4,198
2020-06-12T09:00,15.9,0.00,14.9,93,2.9,173
2020-06-12T10:00,15.4,0.00,14.9,97,1.8,143
2020-06-12T11:00,14.9,0.00,14.7,99,2.6,146
2020-06-12T12:00,14.8,0.00,14.6,99,2.9,173
2020-06-12T13:00,15.1,0.00,14.8,98,3.4,162
2020-06-12T14:00,15.7,0.00,14.4,92,5.1,129
2020-06-12T15:00,17.3,0.00,13.8,80,6.7,144
2020-06-12T16:00,19.5,0.00,13.2,67,7.2,174
2020-06-12T17:00,22.0,0.00,12.8,56,7.1,195
2020-06-12T18:00,24.5,0.00,12.4,47,7.6,177
2020-06-12T19:00,26.8,0.00,12.0,40,11.3,187
2020-06-12T20:00,27.8,0.00,11.4,36,15.6,206
2020-06-12T21:00,26.9,0.00,11.9,39,16.6,219
2020-06-12T22:00,26.6,0.00,11.6,39,15.6,220
2020-06-12T23:00,25.2,0.00,11.9,43,17.3,227
2020-06-13T00:00,23.9,0.00,12.0,47,14.9,233
2020-06-13T01:00,22.5,0.00,11.2,49,14.8,236
2020-06-13T02:00,20.6,0.00,10.9,54,15.3,236
2020-06-13T03:00,19.1,0.00,10.8,58,9.0,217
2020-06-13T04:00,18.0,0.00,12.0,68,7.3,191
2020-06-13T05:00,17.5,0.00,12.6,73,7.8,158
2020-06-13T06:00,17.0,0.00,12.8,76,7.6,149
2020-06-13T07:00,16.9,0.00,12.8,77,6.9,118
2020-06-13T08:00,16.1,0.00,12.8,81,8.7,107
2020-06-13T09:00,15.2,0.00,12.9,86,9.6,77
2020-06-13T10:00,14.6,0.00,12.9,89,12.5,78
2020-06-13T11:00,14.4,0.00,13.0,92,12.4,80
2020-06-13T12:00,14.4,0.00,14.1,98,7.4,76
2020-06-13T13:00,14.4,0.00,14.1,98,7.1,66
2020-06-13T14:00,15.6,0.00,13.7,89,6.2,69
2020-06-13T15:00,17.2,0.00,13.6,79,4.4,99
2020-06-13T16:00,19.2,0.00,13.4,69,5.1,141
2020-06-13T17:00,21.6,0.00,12.4,56,4.6,141
2020-06-13T18:00,24.5,0.00,10.7,42,4.7,184
2020-06-13T19:00,26.5,0.00,9.9,35,13.0,224
2020-06-13T20:00,26.5,0.00,10.1,36,19.1,234
2020-06-13T21:00,26.4,0.00,8.1,31,20.1,241
2020-06-13T22:00,26.2,0.00,6.4,28,17.9,236
2020-06-13T23:00,26.2,0.00,6.4,28,16.9,232
2020-06-14T00:00,24.2,0.00,7.2,34,16.5,234
2020-06-14T01:00,23.5,0.00,8.8,39,15.0,235
2020-06-14T02:00,21.7,0.00,10.2,48,15.1,232
2020-06-14T03:00,19.5,0.00,11.2,59,10.1,235
2020-06-14T04:00,18.2,0.00,11.8,66,4.1,195
2020-06-14T05:00,17.5,0.00,12.1,70,9.2,135
2020-06-14T06:00,16.9,0.00,11.8,72,11.4,108
2020-06-14T07:00,16.6,0.00,11.1,70,11.0,101
2020-06-14T08:00,16.4,0.00,11.3,72,11.6,97
2020-06-14T09:00,15.8,0.00,12.0,78,12.0,97
2020-06-14T10:00,15.2,0.00,12.6,84,9.8,98
2020-06-14T11:00,14.8,0.00,12.8,88,6.1,87
2020-06-14T12:00,14.6,0.00,14.1,96,6.9,99
2020-06-14T13:00,15.0,0.00,14.2,95,8.8,78
2020-06-14T14:00,16.8,0.00,14.2,85,9.5,79
2020-06-14T15:00,17.6,0.00,13.6,77,6.5,96
2020-06-14T16:00,19.5,0.00,12.3,63,6.5,109
2020-06-14T17:00,21.5,0.00,11.5,53,4.1,128
2020-06-14T18:00,23.7,0.00,10.7,44,1.9,158
2020-06-14T19:00,26.2,0.00,9.9,36,4.0,185
2020-06-14T20:00,28.0,0.00,10.8,34,11.6,210
2020-06-14T21:00,28.0,0.00,12.4,38,18.3,223
2020-06-14T22:00,27.0,0.00,11.8,39,20.3,237
2020-06-14T23:00,26.4,0.00,11.4,39,17.6,239
2020-06-15T00:00,26.0,0.00,12.6,44,12.9,234
2020-06-15T01:00,25.5,0.00,12.2,44,13.3,229
2020-06-15T02:00,23.0,0.00,12.2,51,14.4,233
2020-06-15T03:00,21.0,0.00,11.9,56,9.7,239
2020-06-15T04:00,20.0,0.00,12.1,60,5.8,210
2020-06-15T05:00,19.3,0.00,12.6,65,3.7,209
2020-06-15T06:00,18.8,0.00,13.0,69,3.3,131
2020-06-15T07:00,18.8,0.00,13.0,69,3.6,90
2020-06-15T08:00,18.5,0.00,13.0,71,4.4,99
2020-06-15T09:00,17.8,0.00,13.4,75,4.0,117
2020-06-15T10:00,17.1,0.00,14.0,82,4.5,119
2020-06-15T11:00,16.3,0.00,14.4,89,4.1,128
2020-06-15T12:00,16.1,0.00,14.7,91,4.8,138
2020-06-15T13:00,16.0,0.00,15.1,94,5.5,122
2020-06-15T14:00,17.2,0.00,15.4,89,7.2,117
2020-06-15T15:00,18.5,0.00,15.2,82,6.2,126
2020-06-15T16:00,19.8,0.00,15.1,74,5.4,138
2020-06-15T17:00,21.8,0.00,14.5,63,5.7,145
2020-06-15T18:00,24.9,0.00,13.6,50,6.4,153
2020-06-15T19:00,27.5,0.00,13.1,41,8.6,180
2020-06-15T20:00,28.9,0.00,13.4,38,13.0,204
2020-06-15T21:00,28.9,0.00,13.5,39,16.1,214
2020-06-15T22:00,28.5,0.00,12.9,38,17.6,226
2020-06-15T23:00,27.5,0.00,13.4,42,17.5,233
2020-06-16T00:00,25.4,0.00,14.2,50,15.0,228
2020-06-16T01:00,23.5,0.00,14.9,59,15.9,231
2020-06-16T02:00,21.2,0.00,14.7,66,14.0,226
2020-06-16T03:00,19.5,0.00,14.8,74,11.6,216
2020-06-16T04:00,18.6,0.00,14.8,78,8.2,209
2020-06-16T05:00,18.3,0.00,14.7,80,6.0,163
2020-06-16T06:00,18.0,0.00,14.6,81,9.4,130
2020-06-16T07:00,17.5,0.00,14.5,82,10.2,129
2020-06-16T08:00,17.0,0.00,14.6,85,9.6,124
2020-06-16T09:00,16.7,0.00,14.4,86,9.2,116
2020-06-16T10:00,16.4,0.00,14.3,88,6.7,106
2020-06-16T11:00,16.3,0.00,14.2,87,6.9,96
2020-06-16T12:00,16.5,0.00,14.2,87,7.1,120
2020-06-16T13:00,16.7,0.00,14.1,85,5.9,137
2020-06-16T14:00,16.9,0.00,14.1,84,5.3,118
2020-06-16T15:00,17.5,0.00,14.1,80,3.2,117
2020-06-16T16:00,18.1,0.00,14.1,77,2.6,124
2020-06-16T17:00,20.0,0.00,13.9,68,3.3,139
2020-06-16T18:00,22.4,0.00,13.9,58,5.2,164
2020-06-16T19:00,24.6,0.00,13.8,51,7.9,183
2020-06-16T20:00,26.1,0.00,13.8,47,12.3,212
2020-06-16T21:00,26.1,0.00,13.9,47,17.3,222
2020-06-16T22:00,25.5,0.00,13.4,47,18.6,227
2020-06-16T23:00,24.5,0.00,13.4,50,17.2,233
2020-06-17T00:00,24.1,0.00,14.4,55,16.3,225
2020-06-17T01:00,22.8,0.00,14.6,60,15.0,226
2020-06-17T02:00,21.1,0.00,14.7,67,15.3,227
2020-06-17T03:00,19.2,0.00,14.6,74,14.0,222
2020-06-17T04:00,18.2,0.00,14.4,78,10.2,219
2020-06-17T05:00,17.8,0.00,14.2,80,5.7,198
2020-06-17T06:00,17.4,0.00,14.3,82,3.6,143
2020-06-17T07:00,17.5,0.00,14.4,82,5.2,106
2020-06-17T08:00,17.5,0.00,14.6,83,7.3,123
2020-06-17T09:00,17.5,0.00,14.5,83,7.9,129
2020-06-17T10:00,17.5,0.00,14.3,82,9.2,129
2020-06-17T11:00,17.2,0.00,14.1,82,8.7,120
2020-06-17T12:00,17.5,0.00,13.8,79,7.1,135
2020-06-17T13:00,17.5,0.00,13.8,78,6.5,124
2020-06-17T14:00,18.0,0.00,13.4,74,8.2,128
2020-06-17T15:00,18.7,0.00,13.2,71,8.2,139
2020-06-17T16:00,19.6,0.00,13.2,66,6.1,135
2020-06-17T17:00,20.7,0.00,13.1,62,6.4,133
2020-06-17T18:00,22.4,0.00,13.1,56,7.1,139
2020-06-17T19:00,24.2,0.00,13.0,50,9.8,152
2020-06-17T20:00,25.4,0.00,12.9,46,13.8,165
2020-06-17T21:00,26.0,0.00,13.0,45,14.2,171
2020-06-17T22:00,26.1,0.00,13.1,45,14.4,181
2020-06-17T23:00,26.0,0.00,13.2,45,15.6,199
2020-06-18T00:00,24.0,0.00,13.9,53,15.1,198
2020-06-18T01:00,23.4,0.00,13.9,55,10.8,210
2020-06-18T02:00,22.3,0.00,14.4,61,10.2,219
2020-06-18T03:00,20.5,0.00,14.8,70,12.2,208
2020-06-18T04:00,19.2,0.00,14.8,76,10.6,208
2020-06-18T05:00,18.5,0.00,14.8,79,8.8,189
2020-06-18T06:00,17.9,0.00,14.6,81,9.7,165
2020-06-18T07:00,17.3,0.00,14.1,81,9.5,151
2020-06-18T08:00,16.9,0.00,13.8,82,9.7,149
2020-06-18T09:00,16.5,0.00,13.6,83,8.6,158
2020-06-18T10:00,16.5,0.00,13.5,83,8.0,162
2020-06-18T11:00,16.3,0.00,13.4,83,7.1,150
2020-06-18T12:00,16.1,0.00,13.9,87,7.3,123
2020-06-18T13:00,16.5,0.00,13.4,82,6.5,124
2020-06-18T14:00,16.7,0.00,13.2,80,4.9,126
2020-06-18T15:00,17.1,0.00,13.1,78,3.1,135
2020-06-18T16:00,17.7,0.00,13.0,74,0.5,225
2020-06-18T17:00,19.0,0.00,12.8,67,1.1,252
2020-06-18T18:00,21.5,0.00,12.6,57,1.8,191
2020-06-18T19:00,24.2,0.00,12.7,48,6.1,180
2020-06-18T20:00,26.0,0.00,12.6,44,12.0,201
2020-06-18T21:00,26.4,0.00,12.6,43,16.5,212
2020-06-18T22:00,26.0,0.00,12.5,43,16.9,214
2020-06-18T23:00,25.0,0.00,12.6,46,16.1,220
2020-06-19T00:00,23.3,0.00,13.4,54,13.4,211
2020-06-19T01:00,22.5,0.00,13.4,57,11.5,229
2020-06-19T02:00,21.1,0.00,13.4,61,11.3,233
2020-06-19T03:00,19.4,0.00,13.4,68,10.7,237
2020-06-19T04:00,18.3,0.00,13.3,73,9.7,228
2020-06-19T05:00,17.6,0.00,13.4,76,6.9,219
2020-06-19T06:00,17.1,0.00,13.6,79,5.9,218
2020-06-19T07:00,16.9,0.00,13.9,82,3.5,204
2020-06-19T08:00,16.8,0.00,13.9,83,2.3,162
2020-06-19T09:00,16.8,0.00,13.9,83,0.8,117
2020-06-19T10:00,16.7,0.00,13.6,82,1.6,63
2020-06-19T11:00,16.5,0.00,13.4,82,2.4,63
2020-06-19T12:00,17.0,0.00,13.8,81,1.1,342
2020-06-19T13:00,17.1,0.00,13.3,78,0.8,27
2020-06-19T14:00,17.3,0.00,13.2,77,1.5,76
2020-06-19T15:00,17.6,0.00,13.3,76,0.8,27
2020-06-19T16:00,18.8,0.00,13.4,71,2.2,270
2020-06-19T17:00,20.5,0.00,13.4,64,5.3,242
2020-06-19T18:00,22.6,0.00,13.2,55,8.4,227
2020-06-19T19:00,24.5,0.00,13.4,50,11.5,221
2020-06-19T20:00,25.4,0.00,13.6,48,14.8,223
2020-06-19T21:00,25.1,0.00,13.8,49,17.8,228
2020-06-19T22:00,24.5,0.00,13.7,51,19.2,232
2020-06-19T23:00,23.3,0.00,13.7,55,19.6,234
2020-06-20T00:00,22.0,0.00,14.5,63,17.4,236
2020-06-20T01:00,21.0,0.00,14.4,66,15.5,239
2020-06-20T02:00,19.6,0.00,14.4,71,14.6,237
2020-06-20T03:00,18.4,0.00,13.9,75,12.9,240
2020-06-20T04:00,17.5,0.00,13.6,78,9.4,252
2020-06-20T05:00,16.9,0.00,13.6,81,6.3,239
2020-06-20T06:00,16.4,0.00,13.8,84,4.1,232
2020-06-20T07:00,15.9,0.00,13.9,88,2.9,277
2020-06-20T08:00,15.6,0.00,13.9,90,4.9,306
2020-06-20T09:00,15.2,0.00,14.1,93,4.1,315
2020-06-20T10:00,15.0,0.00,14.1,95,3.1,339
2020-06-20T11:00,14.9,0.00,14.2,96,2.2,360
2020-06-20T12:00,15.4,0.00,13.7,90,1.5,14
2020-06-20T13:00,16.0,0.00,13.8,87,1.4,270
2020-06-20T14:00,16.5,0.00,13.4,82,3.9,248
2020-06-20T15:00,17.1,0.00,13.5,79,6.2,249
2020-06-20T16:00,18.2,0.00,13.5,74,7.3,237
2020-06-20T17:00,19.4,0.00,13.4,68,8.1,225
2020-06-20T18:00,21.0,0.00,13.4,62,9.0,217
2020-06-20T19:00,22.7,0.00,13.2,55,10.1,215
2020-06-20T20:00,24.6,0.00,13.2,49,12.5,221
2020-06-20T21:00,25.2,0.00,13.4,48,16.1,228
2020-06-20T22:00,24.7,0.00,13.4,50,19.0,233
2020-06-20T23:00,23.8,0.00,13.4,52,20.1,237
2020-06-21T00:00,22.6,0.00,14.5,60,16.6,236
2020-06-21T01:00,21.0,0.00,14.7,67,17.1,229
2020-06-21T02:00,19.5,0.00,14.7,74,16.6,229
2020-06-21T03:00,17.8,0.00,14.6,81,13.3,229
2020-06-21T04:00,17.0,0.00,14.5,85,9.4,227
2020-06-21T05:00,16.6,0.00,14.5,87,4.6,219
2020-06-21T06:00,16.1,0.00,14.4,90,3.0,194
2020-06-21T07:00,16.0,0.00,14.4,90,2.2,171
2020-06-21T08:00,15.7,0.00,14.4,92,1.0,225
2020-06-21T09:00,15.8,0.00,14.2,91,2.5,278
2020-06-21T10:00,15.8,0.00,14.2,91,2.5,270
2020-06-21T11:00,15.8,0.00,14.3,91,1.9,292
2020-06-21T12:00,15.9,0.00,14.6,92,2.4,153
2020-06-21T13:00,16.0,0.00,14.5,91,2.5,135
2020-06-21T14:00,16.1,0.00,14.4,89,3.3,96
2020-06-21T15:00,16.4,0.00,14.2,87,2.9,83
2020-06-21T16:00,17.2,0.00,14.1,82,2.2,90
2020-06-21T17:00,19.2,0.00,13.9,72,3.2,153
2020-06-21T18:00,21.9,0.00,13.8,60,5.8,180
2020-06-21T19:00,24.3,0.00,13.9,52,8.9,201
2020-06-21T20:00,25.5,0.00,14.1,49,12.8,212
2020-06-21T21:00,26.0,0.00,14.1,48,15.1,220
2020-06-21T22:00,25.5,0.00,13.9,49,16.8,227
2020-06-21T23:00,24.8,0.00,13.9,51,15.9,231
2020-06-22T00:00,23.6,0.00,14.6,57,12.5,226
2020-06-22T01:00,23.1,0.00,14.4,58,10.9,224
2020-06-22T02:00,21.6,0.00,14.4,64,12.7,225
2020-06-22T03:00,19.2,0.00,14.3,73,12.2,225
2020-06-22T04:00,17.9,0.00,14.3,79,9.4,223
2020-06-22T05:00,17.3,0.00,14.4,83,6.5,214
2020-06-22T06:00,16.7,0.00,14.4,87,3.1,201
2020-06-22T07:00,16.3,0.00,14.5,89,3.2,117
2020-06-22T08:00,16.0,0.00,14.4,90,3.3,84
2020-06-22T09:00,15.6,0.00,14.3,92,3.1,45
2020-06-22T10:00,15.2,0.00,14.2,94,4.1,45
2020-06-22T11:00,15.1,0.00,14.2,95,3.8,49
2020-06-22T12:00,15.6,0.00,14.8,95,4.1,15
2020-06-22T13:00,16.0,0.00,14.8,92,3.1,54
2020-06-22T14:00,16.5,0.00,14.8,90,2.2,81
2020-06-22T15:00,17.0,0.00,14.8,86,1.1,72
2020-06-22T16:00,18.0,0.00,14.7,81,0.7,360
2020-06-22T17:00,20.1,0.00,14.4,70,1.9,202
2020-06-22T18:00,23.1,0.00,14.4,58,4.7,184
2020-06-22T19:00,26.0,0.00,14.3,49,7.1,195
2020-06-22T20:00,28.0,0.00,14.4,44,10.9,214
2020-06-22T21:00,28.2,0.00,14.8,44,16.5,226
2020-06-22T22:00,26.8,0.00,14.3,46,19.8,233
2020-06-22T23:00,25.9,0.00,14.1,48,18.2,236
2020-06-23T00:00,25.4,0.00,15.1,53,14.4,233
2020-06-23T01:00,24.1,0.00,14.8,56,15.4,233
2020-06-23T02:00,22.1,0.00,14.6,62,14.5,235
2020-06-23T03:00,20.4,0.00,14.8,70,10.7,237
2020-06-23T04:00,19.1,0.00,15.1,78,6.9,231
2020-06-23T05:00,18.3,0.00,15.3,83,5.8,210
2020-06-23T06:00,17.7,0.00,15.4,86,3.6,180
2020-06-23T07:00,17.4,0.00,15.4,88,5.5,148
2020-06-23T08:00,16.8,0.00,15.4,91,6.6,119
2020-06-23T09:00,16.2,0.00,15.2,94,6.7,126
2020-06-23T10:00,16.0,0.00,15.1,95,5.9,104
2020-06-23T11:00,15.6,0.00,15.1,96,8.7,97
2020-06-23T12:00,15.6,0.00,15.1,97,8.9,130
2020-06-23T13:00,15.8,0.00,14.8,94,7.9,137
2020-06-23T14:00,15.9,0.00,14.6,92,5.2,115
2020-06-23T15:00,16.6,0.00,14.6,88,4.7,113
2020-06-23T16:00,18.0,0.00,14.8,81,3.9,124
2020-06-23T17:00,20.5,0.00,14.7,70,4.1,165
2020-06-23T18:00,23.6,0.00,14.6,57,6.1,183
2020-06-23T19:00,26.5,0.00,14.4,47,9.2,201
2020-06-23T20:00,28.0,0.00,14.4,43,12.2,214
2020-06-23T21:00,28.5,0.00,14.1,41,14.8,221
2020-06-23T22:00,27.4,0.00,14.0,44,17.1,231
2020-06-23T23:00,26.9,0.00,13.8,45,15.1,232
2020-06-24T00:00,25.4,0.00,14.8,52,12.3,230
2020-06-24T01:00,24.0,0.00,14.8,57,14.1,230
2020-06-24T02:00,21.6,0.00,14.8,65,14.3,231
2020-06-24T03:00,20.0,0.00,14.6,72,12.5,229
2020-06-24T04:00,18.8,0.00,14.8,78,8.9,227
2020-06-24T05:00,18.0,0.00,15.0,82,5.8,184
2020-06-24T06:00,17.7,0.00,15.1,85,6.2,144
2020-06-24T07:00,17.0,0.00,15.1,89,6.6,151
2020-06-24T08:00,16.8,0.00,15.1,90,5.0,150
2020-06-24T09:00,16.3,0.00,15.1,93,2.5,135
2020-06-24T10:00,16.1,0.00,15.0,93,4.1,105
2020-06-24T11:00,15.8,0.00,14.9,95,4.3,90
2020-06-24T12:00,15.9,0.00,15.0,95,4.6,129
2020-06-24T13:00,15.9,0.00,14.8,93,4.0,117
2020-06-24T14:00,15.9,0.00,14.7,92,2.2,90
2020-06-24T15:00,16.7,0.00,14.6,87,0.5,135
2020-06-24T16:00,18.3,0.00,14.4,78,2.1,211
2020-06-24T17:00,20.9,0.00,14.0,65,3.7,209
2020-06-24T18:00,23.9,0.00,13.8,53,5.4,200
2020-06-24T19:00,26.4,0.00,13.8,46,8.4,205
2020-06-24T20:00,27.7,0.00,14.1,43,11.1,216
2020-06-24T21:00,28.4,0.00,14.4,43,14.0,224
2020-06-24T22:00,27.4,0.00,14.1,44,18.2,231
2020-06-24T23:00,25.3,0.00,14.1,50,19.2,236
2020-06-25T00:00,24.4,0.00,14.9,55,15.5,228
2020-06-25T01:00,23.0,0.00,14.9,60,15.3,229
2020-06-25T02:00,21.0,0.00,14.9,68,14.0,226
2020-06-25T03:00,19.2,0.00,15.1,77,12.8,232
2020-06-25T04:00,18.1,0.00,15.1,83,10.8,233
2020-06-25T05:00,17.6,0.00,15.1,85,7.4,227
2020-06-25T06:00,17.3,0.00,15.0,86,4.6,225
2020-06-25T07:00,17.1,0.00,15.0,87,2.7,247
2020-06-25T08:00,16.8,0.00,15.0,89,1.5,284
2020-06-25T09:00,16.5,0.00,14.9,90,2.5,315
2020-06-25T10:00,16.2,0.00,14.9,92,3.1,324
2020-06-25T11:00,16.1,0.00,14.9,93,2.6,344
2020-06-25T12:00,16.4,0.00,15.1,92,2.6,164
2020-06-25T13:00,16.6,0.00,15.0,90,3.2,207
2020-06-25T14:00,16.9,0.00,14.9,88,2.4,207
2020-06-25T15:00,17.4,0.00,14.9,86,3.0,166
2020-06-25T16:00,18.4,0.00,14.9,80,3.1,159
2020-06-25T17:00,20.2,0.00,14.8,71,3.0,166
2020-06-25T18:00,22.5,0.00,14.6,61,4.7,180
2020-06-25T19:00,24.8,0.00,14.1,51,6.5,199
2020-06-25T20:00,26.5,0.00,14.0,46,9.0,217
2020-06-25T21:00,27.4,0.00,14.4,45,12.2,225
2020-06-25T22:00,27.1,0.00,14.8,47,15.5,224
2020-06-25T23:00,26.0,0.00,14.4,49,17.6,224
2020-06-26T00:00,24.4,0.00,14.8,55,15.9,232
2020-06-26T01:00,23.2,0.00,14.6,58,14.3,225
2020-06-26T02:00,21.8,0.00,14.8,65,13.3,232
2020-06-26T03:00,19.8,0.00,15.1,74,13.4,234
2020-06-26T04:00,18.6,0.00,15.1,80,10.2,225
2020-06-26T05:00,18.1,0.00,15.1,83,7.1,240
2020-06-26T06:00,17.8,0.00,15.1,84,3.9,236
2020-06-26T07:00,17.4,0.00,15.2,87,3.9,248
2020-06-26T08:00,17.0,0.00,15.2,90,3.3,264
2020-06-26T09:00,16.5,0.00,15.2,92,2.9,240
2020-06-26T10:00,16.2,0.00,15.2,94,1.5,194
2020-06-26T11:00,16.2,0.00,15.3,94,3.4,122
2020-06-26T12:00,16.2,0.00,15.5,95,3.6,96
2020-06-26T13:00,16.5,0.00,15.4,93,3.2,117
2020-06-26T14:00,16.5,0.00,15.2,93,1.5,225
2020-06-26T15:00,17.4,0.00,15.1,87,2.2,279
2020-06-26T16:00,19.2,0.00,15.0,76,3.5,246
2020-06-26T17:00,21.7,0.00,15.1,66,5.0,210
2020-06-26T18:00,24.2,0.00,15.2,57,7.2,198
2020-06-26T19:00,26.5,0.00,14.8,49,10.0,206
2020-06-26T20:00,27.6,0.00,14.6,45,13.0,219
2020-06-26T21:00,27.5,0.00,14.0,43,15.0,224
2020-06-26T22:00,27.4,0.00,12.6,40,16.0,226
2020-06-26T23:00,26.4,0.00,12.6,42,16.8,227
2020-06-27T00:00,25.5,0.00,11.6,42,15.8,221
2020-06-27T01:00,23.4,0.00,14.0,56,15.1,230
2020-06-27T02:00,21.8,0.00,14.1,62,12.5,226
2020-06-27T03:00,20.4,0.00,14.2,68,11.0,221
2020-06-27T04:00,18.9,0.00,15.1,79,8.1,225
2020-06-27T05:00,18.0,0.00,15.4,85,4.3,204
2020-06-27T06:00,17.5,0.00,15.4,87,3.6,186
2020-06-27T07:00,16.9,0.00,15.5,91,1.8,191
2020-06-27T08:00,16.4,0.00,15.4,94,1.8,270
2020-06-27T09:00,15.9,0.00,15.4,97,1.5,315
2020-06-27T10:00,15.5,0.00,15.2,98,2.0,45
2020-06-27T11:00,15.2,0.00,14.9,98,3.8,73
2020-06-27T12:00,15.8,0.00,14.6,92,1.0,45
2020-06-27T13:00,16.4,0.00,14.9,91,1.0,225
2020-06-27T14:00,16.8,0.00,14.9,89,1.4,270
2020-06-27T15:00,17.5,0.00,14.9,84,1.5,194
2020-06-27T16:00,19.0,0.00,14.8,76,3.0,166
2020-06-27T17:00,21.5,0.00,14.6,65,6.0,163
2020-06-27T18:00,24.1,0.00,14.4,55,9.0,178
2020-06-27T19:00,25.9,0.00,14.4,49,10.2,198
2020-06-27T20:00,26.8,0.00,14.4,46,12.5,213
2020-06-27T21:00,26.9,0.00,13.9,45,14.8,219
2020-06-27T22:00,26.2,0.00,13.5,45,15.8,225
2020-06-27T23:00,25.2,0.00,13.8,49,15.5,228
2020-06-28T00:00,25.2,0.00,14.1,50,13.2,215
2020-06-28T01:00,23.1,0.00,14.4,58,15.3,223
2020-06-28T02:00,21.5,0.00,14.3,64,12.6,217
2020-06-28T03:00,20.1,0.00,14.2,69,9.7,219
2020-06-28T04:00,19.2,0.00,14.3,73,8.8,215
2020-06-28T05:00,18.6,0.00,14.3,76,6.6,209
2020-06-28T06:00,18.2,0.00,14.3,78,5.3,208
2020-06-28T07:00,18.0,0.00,14.2,79,6.5,183
2020-06-28T08:00,17.9,0.00,14.2,79,6.5,180
2020-06-28T09:00,18.0,0.00,14.4,79,6.7,164
2020-06-28T10:00,18.1,0.00,14.4,79,7.5,163
2020-06-28T11:00,18.0,0.00,14.4,79,6.8,162
2020-06-28T12:00,18.5,0.00,14.6,79,12.0,134
2020-06-28T13:00,18.6,0.00,14.4,76,14.1,130
2020-06-28T14:00,18.7,0.00,14.1,75,14.8,133
2020-06-28T15:00,19.0,0.00,13.8,72,13.6,130
2020-06-28T16:00,20.4,0.00,13.6,65,14.5,134
2020-06-28T17:00,21.0,0.00,13.9,64,14.6,147
2020-06-28T18:00,21.5,0.00,13.9,62,13.9,155
2020-06-28T19:00,22.2,0.00,13.9,59,13.8,165
2020-06-28T20:00,23.0,0.00,13.8,56,14.6,171
2020-06-28T21:00,23.5,0.00,13.6,54,14.4,183
2020-06-28T22:00,23.9,0.00,13.7,53,14.5,194
2020-06-28T23:00,23.9,0.00,14.0,54,15.5,205
2020-06-29T00:00,22.8,0.00,14.6,60,16.5,212
2020-06-29T01:00,21.4,0.00,14.6,65,15.6,220
2020-06-29T02:00,20.5,0.00,14.4,68,13.5,214
2020-06-29T03:00,19.8,0.00,14.4,71,12.4,206
2020-06-29T04:00,19.4,0.10,14.2,72,11.0,203
2020-06-29T05:00,19.0,0.20,14.2,74,10.8,210
2020-06-29T06:00,18.6,0.30,14.4,76,10.1,207
2020-06-29T07:00,18.1,0.10,14.4,79,9.4,212
2020-06-29T08:00,17.9,0.00,14.1,79,7.6,205
2020-06-29T09:00,17.8,0.10,14.1,79,6.2,187
2020-06-29T10:00,17.6,0.10,13.8,78,7.2,186
2020-06-29T11:00,17.2,0.10,13.9,81,8.7,197
2020-06-29T12:00,17.0,0.10,14.6,86,7.2,177
2020-06-29T13:00,17.0,0.20,14.4,84,5.1,176
2020-06-29T14:00,17.3,0.10,14.1,81,5.9,194
2020-06-29T15:00,18.0,0.00,13.7,76,5.2,192
2020-06-29T16:00,19.0,0.00,13.0,68,6.8,180
2020-06-29T17:00,20.6,0.10,11.9,57,6.7,164
2020-06-29T18:00,21.4,0.00,11.4,53,8.0,185
2020-06-29T19:00,22.2,0.00,11.8,52,9.2,201
2020-06-29T20:00,22.6,0.00,12.1,51,12.2,204
2020-06-29T21:00,23.9,0.00,12.0,47,11.6,196
2020-06-29T22:00,25.1,0.00,11.6,43,15.8,215
2020-06-29T23:00,23.6,0.00,12.1,48,22.5,230
2020-06-30T00:00,23.2,0.00,12.6,51,16.1,220
2020-06-30T01:00,22.2,0.00,12.6,54,14.8,214
2020-06-30T02:00,21.0,0.00,12.6,58,11.7,225
2020-06-30T03:00,19.9,0.00,12.6,63,10.2,225
2020-06-30T04:00,19.0,0.00,12.6,67,7.9,227
2020-06-30T05:00,18.6,0.00,12.8,69,5.2,205
2020-06-30T06:00,18.3,0.00,12.9,71,5.2,164
2020-06-30T07:00,17.6,0.00,13.1,75,5.4,132
2020-06-30T08:00,16.8,0.00,13.1,79,6.9,118
2020-06-30T09:00,15.8,0.00,13.1,84,6.5,93
2020-06-30T10:00,15.1,0.00,13.1,88,4.4,81
2020-06-30T11:00,14.6,0.00,13.2,91,4.7,67
2020-06-30T12:00,16.5,0.00,14.2,86,2.5,98
2020-06-30T13:00,16.7,0.00,14.2,85,2.1,59
2020-06-30T14:00,16.9,0.00,14.3,85,2.6,344
2020-06-30T15:00,17.8,0.00,13.9,78,5.0,300
2020-06-30T16:00,18.8,0.00,13.7,72,5.2,286
2020-06-30T17:00,20.9,0.00,13.1,61,2.3,219
2020-06-30T18:00,23.4,0.00,12.8,51,5.2,205
2020-06-30T19:00,25.5,0.00,12.9,46,10.0,221
2020-06-30T20:00,26.1,0.00,13.8,46,15.4,233
2020-06-30T21:00,25.8,0.00,14.0,48,18.8,238
2020-06-30T22:00,25.4,0.00,13.9,49,19.7,239
2020-06-30T23:00,24.9,0.00,13.6,49,19.9,238
2020-07-01T00:00,23.6,0.00,14.4,56,19.6,234
2020-07-01T01:00,22.0,0.00,13.6,59,18.3,234
2020-07-01T02:00,20.3,0.00,14.1,67,14.8,231
2020-07-01T03:00,18.9,0.00,14.6,77,11.1,209
2020-07-01T04:00,18.0,0.00,14.9,82,9.7,182
2020-07-01T05:00,17.2,0.00,14.8,86,7.7,169
2020-07-01T06:00,16.8,0.00,14.9,88,4.5,166
2020-07-01T07:00,16.8,0.00,14.9,88,3.3,167
2020-07-01T08:00,16.9,0.00,14.8,87,3.3,167
2020-07-01T09:00,16.8,0.00,14.6,87,3.7,169
2020-07-01T10:00,16.8,0.00,14.6,87,2.6,164
2020-07-01T11:00,16.5,0.00,14.6,88,0.5,225
2020-07-01T12:00,16.9,0.00,15.1,89,2.4,153
2020-07-01T13:00,17.0,0.00,14.9,88,3.1,159
2020-07-01T14:00,17.4,0.00,14.8,85,2.8,140
2020-07-01T15:00,18.0,0.00,14.6,80,3.4,148
2020-07-01T16:00,18.9,0.00,14.4,75,3.4,148
2020-07-01T17:00,20.0,0.00,14.2,69,5.5,148
2020-07-01T18:00,21.8,0.00,14.1,62,7.4,157
2020-07-01T19:00,23.9,0.00,13.8,53,8.6,180
2020-07-01T20:00,25.4,0.00,13.6,48,11.6,206
2020-07-01T21:00,26.3,0.00,13.6,46,13.3,221
2020-07-01T22:00,26.1,0.00,13.6,46,14.3,223
2020-07-01T23:00,25.4,0.00,13.8,49,14.5,226
2020-07-02T00:00,24.5,0.00,14.6,54,13.5,224
2020-07-02T01:00,23.0,0.00,14.7,59,14.5,228
2020-07-02T02:00,21.2,0.00,14.4,65,13.8,229
2020-07-02T03:00,19.5,0.00,14.4,72,12.0,231
2020-07-02T04:00,18.4,0.00,14.4,78,10.8,233
2020-07-02T05:00,17.9,0.00,14.4,80,7.7,221
2020-07-02T06:00,17.3,0.00,14.5,84,5.3,208
2020-07-02T07:00,16.9,0.00,14.5,86,3.7,191
2020-07-02T08:00,16.5,0.00,14.4,87,2.9,173
2020-07-02T09:00,16.4,0.00,14.4,88,3.6,127
2020-07-02T10:00,16.5,0.00,14.3,87,4.5,119
2020-07-02T11:00,16.4,0.00,14.4,88,5.0,120
2020-07-02T12:00,16.8,0.00,14.9,89,3.2,153
2020-07-02T13:00,17.0,0.00,14.9,87,1.3,214
2020-07-02T14:00,17.5,0.00,14.8,84,1.6,207
2020-07-02T15:00,18.5,0.00,14.6,78,2.2,180
2020-07-02T16:00,19.4,0.00,14.2,72,4.0,170
2020-07-02T17:00,20.8,0.00,13.8,64,5.8,158
2020-07-02T18:00,22.8,0.00,13.6,56,7.9,164
2020-07-02T19:00,25.2,0.00,13.3,48,8.6,178
2020-07-02T20:00,27.3,0.00,13.1,42,10.6,198
2020-07-02T21:00,28.1,0.00,13.0,39,14.2,210
2020-07-02T22:00,27.6,0.00,13.4,42,15.9,218
2020-07-02T23:00,26.6,0.00,13.8,45,16.3,229
2020-07-03T00:00,26.3,0.00,13.1,44,14.4,233
2020-07-03T01:00,25.0,0.00,12.8,47,15.3,227
2020-07-03T02:00,22.6,0.00,12.8,54,17.3,228
2020-07-03T03:00,19.9,0.00,13.7,67,14.9,233
2020-07-03T04:00,18.9,0.00,13.9,73,10.3,234
2020-07-03T05:00,18.5,0.00,14.1,75,7.1,221
2020-07-03T06:00,18.0,0.00,14.2,79,5.0,201
2020-07-03T07:00,17.4,0.00,14.2,82,4.7,180
2020-07-03T08:00,16.6,0.00,14.3,86,4.1,195
2020-07-03T09:00,15.9,0.00,14.4,91,2.6,254
2020-07-03T10:00,15.4,0.00,14.4,94,3.3,311
2020-07-03T11:00,15.3,0.00,14.2,93,3.2,333
2020-07-03T12:00,15.9,0.00,14.5,92,2.2,279
2020-07-03T13:00,15.6,0.00,14.6,94,2.0,135
2020-07-03T14:00,16.5,0.00,14.6,89,1.0,225
2020-07-03T15:00,19.4,0.00,14.0,71,3.1,225
2020-07-03T16:00,22.8,0.00,13.3,55,5.3,208
2020-07-03T17:00,25.5,0.00,12.6,44,8.7,204
2020-07-03T18:00,27.4,0.00,12.2,39,11.2,213
2020-07-03T19:00,28.6,0.00,11.6,35,13.0,219
2020-07-03T20:00,29.5,0.00,11.1,32,14.8,225
2020-07-03T21:00,30.1,0.00,10.6,30,16.1,228
2020-07-03T22:00,30.1,0.00,10.7,30,17.4,230
2020-07-03T23:00,29.5,0.00,10.8,31,18.0,233
2020-07-04T00:00,28.6,0.00,11.4,34,14.7,239
2020-07-04T01:00,27.9,0.00,11.1,35,14.3,242
2020-07-04T02:00,25.9,0.00,10.7,39,14.1,238
2020-07-04T03:00,23.0,0.00,12.3,51,11.3,239
2020-07-04T04:00,20.9,0.00,14.4,67,7.3,237
2020-07-04T05:00,19.8,0.00,15.1,74,4.4,189
2020-07-04T06:00,18.8,0.00,15.1,79,6.8,148
2020-07-04T07:00,18.0,0.00,15.0,83,9.2,129
2020-07-04T08:00,17.7,0.00,14.6,82,8.5,118
2020-07-04T09:00,17.5,0.00,14.4,82,5.7,125
2020-07-04T10:00,16.7,0.00,14.4,86,3.9,124
2020-07-04T11:00,16.6,0.00,14.5,87,4.0,80
2020-07-04T12:00,17.5,0.00,14.6,83,1.6,207
2020-07-04T13:00,16.4,0.00,14.8,91,4.6,129
2020-07-04T14:00,17.1,0.00,14.9,86,5.7,108
2020-07-04T15:00,19.6,0.00,13.1,66,2.9,120
2020-07-04T16:00,22.6,0.00,11.6,50,4.9,144
2020-07-04T17:00,26.0,0.00,10.9,39,6.3,149
2020-07-04T18:00,29.2,0.00,10.9,32,7.2,186
2020-07-04T19:00,31.4,0.00,11.8,30,12.3,218
2020-07-04T20:00,31.6,0.00,11.1,28,17.7,231
2020-07-04T21:00,31.1,0.00,9.9,27,20.3,237
2020-07-04T22:00,31.1,0.00,8.9,25,20.2,239
2020-07-04T23:00,30.8,0.00,8.8,25,19.7,239
2020-07-05T00:00,29.0,0.00,10.2,31,18.8,238
2020-07-05T01:00,27.8,0.00,10.9,35,16.9,241
2020-07-05T02:00,26.2,0.00,11.8,40,11.9,245
2020-07-05T03:00,24.0,0.00,13.1,51,9.4,238
2020-07-05T04:00,22.0,0.00,14.4,62,6.7,216
2020-07-05T05:00,20.7,0.00,14.8,69,7.1,150
2020-07-05T06:00,19.7,0.00,14.4,71,9.8,126
2020-07-05T07:00,19.8,0.00,13.6,68,8.7,120
2020-07-05T08:00,19.6,0.00,13.3,67,6.4,117
2020-07-05T09:00,19.0,0.00,13.2,69,4.8,103
2020-07-05T10:00,18.1,0.00,13.1,73,6.3,103
2020-07-05T11:00,17.4,0.00,13.2,77,7.2,96
2020-07-05T12:00,16.8,0.00,13.2,79,6.8,93
2020-07-05T13:00,16.8,0.00,13.7,82,6.1,90
2020-07-05T14:00,18.5,0.00,14.4,78,5.9,79
2020-07-05T15:00,21.0,0.00,13.2,61,5.8,86
2020-07-05T16:00,24.0,0.00,11.6,46,6.6,112
2020-07-05T17:00,27.0,0.00,11.1,37,7.4,133
2020-07-05T18:00,30.0,0.00,10.6,30,7.2,153
2020-07-05T19:00,32.6,0.00,9.8,25,7.2,186
2020-07-05T20:00,34.3,0.00,10.8,24,11.5,219
2020-07-05T21:00,34.4,0.00,12.4,26,17.1,228
2020-07-05T22:00,33.0,0.00,10.1,25,20.4,234
2020-07-05T23:00,31.8,0.00,9.8,26,18.9,239
2020-07-06T00:00,30.9,0.00,10.5,28,15.7,233
2020-07-06T01:00,30.0,0.00,9.7,28,13.0,231
2020-07-06T02:00,28.2,0.00,9.7,31,12.0,231
2020-07-06T03:00,25.2,0.00,11.7,43,10.2,225
2020-07-06T04:00,23.0,0.00,14.4,58,6.9,208
2020-07-06T05:00,21.4,0.00,15.9,71,6.6,167
2020-07-06T06:00,20.5,0.00,16.1,76,7.4,137
2020-07-06T07:00,20.5,0.00,15.8,74,6.4,133
2020-07-06T08:00,19.9,0.00,15.6,77,4.1,128
2020-07-06T09:00,19.2,0.00,15.5,79,5.8,120
2020-07-06T10:00,18.2,0.00,15.8,86,6.1,118
2020-07-06T11:00,17.5,0.00,15.9,91,4.3,95
2020-07-06T12:00,16.7,0.00,16.1,96,5.4,98
2020-07-06T13:00,17.2,0.00,16.4,95,4.3,90
2020-07-06T14:00,18.4,0.00,16.8,90,5.8,112
2020-07-06T15:00,21.0,0.00,15.8,72,2.6,124
2020-07-06T16:00,24.3,0.00,13.9,52,3.1,159
2020-07-06T17:00,27.8,0.00,12.2,38,4.7,180
2020-07-06T18:00,31.0,0.00,10.1,27,7.2,183
2020-07-06T19:00,33.2,0.00,9.4,23,10.6,198
2020-07-06T20:00,34.0,0.00,10.8,24,14.1,212
2020-07-06T21:00,33.8,0.00,12.1,27,17.6,224
2020-07-06T22:00,33.0,0.00,10.4,25,17.6,229
2020-07-06T23:00,32.7,0.00,8.4,22,16.1,230
2020-07-07T00:00,32.5,0.00,10.8,26,13.8,219
2020-07-07T01:00,30.6,0.00,10.1,28,15.0,222
2020-07-07T02:00,28.0,0.00,10.4,33,13.3,218
2020-07-07T03:00,25.5,0.00,12.4,44,9.2,211
2020-07-07T04:00,23.5,0.00,14.1,56,8.2,195
2020-07-07T05:00,22.1,0.00,14.5,62,7.3,171
2020-07-07T06:00,21.1,0.00,14.2,65,8.2,151
2020-07-07T07:00,20.5,0.00,14.6,68,7.5,145
2020-07-07T08:00,19.5,0.00,15.6,78,7.9,137
2020-07-07T09:00,18.4,0.00,16.2,87,6.4,128
2020-07-07T10:00,17.5,0.00,16.3,92,2.6,106
2020-07-07T11:00,17.4,0.00,16.2,93,2.6,56
2020-07-07T12:00,16.5,0.00,16.1,97,4.6,51
2020-07-07T13:00,17.1,0.00,16.2,94,2.9,60
2020-07-07T14:00,17.7,0.00,15.9,89,1.9,112
2020-07-07T15:00,19.6,0.00,14.9,74,2.1,121
2020-07-07T16:00,22.5,0.00,13.4,56,1.5,166
2020-07-07T17:00,25.9,0.00,12.6,44,3.6,186
2020-07-07T18:00,29.5,0.00,11.9,34,6.9,189
2020-07-07T19:00,32.0,0.00,12.1,30,10.4,200
2020-07-07T20:00,32.7,0.00,13.7,32,14.7,216
2020-07-07T21:00,32.1,0.00,13.6,32,18.3,223
2020-07-07T22:00,31.2,0.00,11.9,31,19.7,230
2020-07-07T23:00,30.9,0.00,11.1,30,18.4,231
2020-07-08T00:00,28.8,0.00,13.8,40,15.5,228
2020-07-08T01:00,27.4,0.00,13.3,42,15.0,228
2020-07-08T02:00,25.8,0.00,12.4,44,12.7,223
2020-07-08T03:00,23.4,0.00,12.4,50,12.0,213
2020-07-08T04:00,21.4,0.00,13.3,60,9.2,211
2020-07-08T05:00,20.2,0.00,13.9,67,6.6,193
2020-07-08T06:00,19.5,0.00,14.1,71,5.9,169
2020-07-08T07:00,19.2,0.00,14.2,73,5.0,159
2020-07-08T08:00,18.8,0.00,14.3,75,3.7,151
2020-07-08T09:00,18.1,0.00,15.0,82,4.6,135
2020-07-08T10:00,17.5,0.00,16.4,93,5.9,133
2020-07-08T11:00,16.9,0.00,16.9,100,5.6,130
2020-07-08T12:00,17.6,0.00,17.6,100,7.4,137
2020-07-08T13:00,18.0,0.00,17.4,96,7.1,135
2020-07-08T14:00,18.7,0.00,17.2,91,6.6,135
2020-07-08T15:00,19.8,0.00,16.5,82,6.6,135
2020-07-08T16:00,21.4,0.00,15.9,71,6.9,137
2020-07-08T17:00,23.1,0.00,15.4,62,7.2,143
2020-07-08T18:00,25.6,0.00,14.9,51,8.4,149
2020-07-08T19:00,28.4,0.00,13.3,40,10.3,155
2020-07-08T20:00,30.4,0.00,12.1,33,11.9,175
2020-07-08T21:00,30.8,0.00,12.6,33,14.7,197
2020-07-08T22:00,30.2,0.00,12.9,35,15.1,208
2020-07-08T23:00,29.4,0.00,13.1,37,14.0,215
2020-07-09T00:00,28.5,0.00,13.7,40,14.7,211
2020-07-09T01:00,26.6,0.00,14.8,48,13.3,218
2020-07-09T02:00,24.8,0.00,14.6,53,11.0,218
2020-07-09T03:00,22.7,0.00,14.8,61,10.5,218
2020-07-09T04:00,21.1,0.00,14.9,68,8.2,209
2020-07-09T05:00,20.2,0.00,15.2,73,6.5,186
2020-07-09T06:00,19.5,0.00,15.6,78,6.2,170
2020-07-09T07:00,18.8,0.00,15.7,82,6.0,155
2020-07-09T08:00,18.1,0.00,16.0,88,5.6,140
2020-07-09T09:00,17.6,0.00,16.2,92,4.8,117
2020-07-09T10:00,17.3,0.00,16.3,94,4.9,107
2020-07-09T11:00,17.0,0.00,16.2,95,4.7,113
2020-07-09T12:00,17.5,0.00,16.7,95,3.3,139
2020-07-09T13:00,17.1,0.00,16.6,97,3.4,148
2020-07-09T14:00,17.5,0.00,16.4,94,3.6,127
2020-07-09T15:00,18.4,0.00,16.2,87,3.6,127
2020-07-09T16:00,20.7,0.00,15.3,71,3.6,143
2020-07-09T17:00,23.5,0.00,14.0,55,4.7,157
2020-07-09T18:00,26.2,0.00,14.0,47,5.8,173
2020-07-09T19:00,28.8,0.00,13.8,40,8.1,193
2020-07-09T20:00,30.3,0.00,13.8,37,12.1,210
2020-07-09T21:00,30.3,0.00,14.4,38,15.8,221
2020-07-09T22:00,30.1,0.00,12.2,33,16.4,230
2020-07-09T23:00,29.8,0.00,10.0,29,16.6,231
2020-07-10T00:00,27.7,0.00,14.0,43,16.4,232
2020-07-10T01:00,26.3,0.00,13.9,47,13.1,238
2020-07-10T02:00,25.0,0.00,14.0,51,10.7,230
2020-07-10T03:00,22.8,0.00,14.6,60,10.5,221
2020-07-10T04:00,20.9,0.00,15.8,72,8.3,214
2020-07-10T05:00,19.5,0.00,16.7,84,6.3,204
2020-07-10T06:00,18.9,0.00,17.0,89,3.8,197
2020-07-10T07:00,18.4,0.00,17.0,92,3.6,186
2020-07-10T08:00,17.9,0.00,17.0,95,1.6,207
2020-07-10T09:00,17.4,0.00,17.0,98,2.5,278
2020-07-10T10:00,16.6,0.00,16.6,100,4.0,275
2020-07-10T11:00,16.0,0.00,16.0,100,1.8,307
2020-07-10T12:00,16.1,0.00,16.0,99,3.9,34
2020-07-10T13:00,16.8,0.00,16.8,100,1.8,37
2020-07-10T14:00,17.0,0.00,16.8,98,0.4,90
2020-07-10T15:00,18.2,0.00,16.6,90,0.4,180
2020-07-10T16:00,20.9,0.00,15.9,73,2.3,162
2020-07-10T17:00,24.0,0.00,14.9,57,3.4,198
2020-07-10T18:00,27.5,0.00,14.4,45,5.2,214
2020-07-10T19:00,30.5,0.00,14.2,37,7.4,209
2020-07-10T20:00,32.5,0.00,14.1,33,11.4,208
2020-07-10T21:00,32.8,0.00,13.8,32,15.3,223
2020-07-10T22:00,32.2,0.00,12.6,30,17.7,231
2020-07-10T23:00,31.1,0.00,12.4,32,18.3,234
2020-07-11T00:00,30.4,0.00,12.1,33,17.5,238
2020-07-11T01:00,29.2,0.00,11.7,34,14.3,231
2020-07-11T02:00,27.1,0.00,12.2,40,13.3,232
2020-07-11T03:00,24.0,0.00,14.1,54,12.3,230
2020-07-11T04:00,21.8,0.00,16.0,70,7.9,227
2020-07-11T05:00,20.8,0.00,16.9,78,6.5,199
2020-07-11T06:00,20.2,0.00,16.9,81,6.6,151
2020-07-11T07:00,19.9,0.00,16.7,82,6.3,149
2020-07-11T08:00,19.4,0.00,16.5,83,5.4,160
2020-07-11T09:00,19.0,0.00,16.4,84,1.5,194
2020-07-11T10:00,18.6,0.00,16.4,86,1.6,297
2020-07-11T11:00,18.6,0.00,16.4,86,0.7,270
2020-07-11T12:00,17.6,0.00,16.9,95,2.2,171
2020-07-11T13:00,17.2,0.00,16.8,97,4.1,135
2020-07-11T14:00,18.5,0.00,16.5,88,3.6,127
2020-07-11T15:00,21.0,0.00,16.0,73,1.8,169
2020-07-11T16:00,24.0,0.00,15.1,58,3.6,186
2020-07-11T17:00,27.7,0.00,13.0,40,3.5,204
2020-07-11T18:00,31.6,0.00,11.1,28,5.9,232
2020-07-11T19:00,34.8,0.00,10.6,23,10.0,232
2020-07-11T20:00,35.6,0.00,10.3,22,15.8,223
2020-07-11T21:00,35.2,0.00,5.9,16,18.4,228
2020-07-11T22:00,34.7,0.00,5.8,17,19.3,233
2020-07-11T23:00,34.2,0.00,5.1,16,18.4,239
2020-07-12T00:00,33.8,0.00,5.4,17,17.1,235
2020-07-12T01:00,31.1,0.00,9.0,25,15.9,219
2020-07-12T02:00,27.5,0.00,13.4,42,8.7,210
2020-07-12T03:00,25.9,0.00,14.2,49,4.9,197
2020-07-12T04:00,24.0,0.00,14.1,54,9.2,169
2020-07-12T05:00,23.0,0.00,13.9,57,10.9,136
2020-07-12T06:00,23.2,0.00,13.4,54,10.2,138
2020-07-12T07:00,22.8,0.00,13.9,57,10.0,142
2020-07-12T08:00,21.9,0.00,14.8,64,7.7,143
2020-07-12T09:00,20.9,0.00,15.6,71,6.5,146
2020-07-12T10:00,20.4,0.00,16.0,76,5.9,142
2020-07-12T11:00,19.8,0.00,16.4,81,3.3,139
2020-07-12T12:00,19.4,0.00,16.0,81,2.4,153
2020-07-12T13:00,19.0,0.00,16.2,84,4.3,95
2020-07-12T14:00,19.9,0.00,16.5,81,3.6,53
2020-07-12T15:00,22.3,0.00,14.9,63,1.9,68
2020-07-12T16:00,25.5,0.00,12.7,45,3.9,124
2020-07-12T17:00,28.9,0.00,10.3,32,4.7,148
2020-07-12T18:00,32.2,0.00,9.6,25,6.8,180
2020-07-12T19:00,34.7,0.00,10.9,24,10.6,208
2020-07-12T20:00,35.2,0.00,12.4,25,15.3,223
2020-07-12T21:00,34.7,0.00,10.1,22,18.6,226
2020-07-12T22:00,33.1,0.00,11.6,27,19.2,230
2020-07-12T23:00,32.4,0.00,11.2,27,16.6,229
2020-07-13T00:00,31.2,0.00,12.8,32,15.9,231
2020-07-13T01:00,29.7,0.00,12.9,36,14.7,234
2020-07-13T02:00,27.5,0.00,12.8,40,13.6,220
2020-07-13T03:00,24.8,0.00,13.9,51,9.8,208
2020-07-13T04:00,22.5,0.00,15.3,64,9.7,184
2020-07-13T05:00,22.0,0.00,15.7,67,8.2,165
2020-07-13T06:00,21.8,0.00,15.8,69,7.8,158
2020-07-13T07:00,21.5,0.00,16.2,72,6.6,151
2020-07-13T08:00,20.9,0.00,17.0,78,8.7,150
2020-07-13T09:00,20.3,0.00,17.4,83,8.7,138
2020-07-13T10:00,19.8,0.00,17.3,86,6.8,122
2020-07-13T11:00,19.5,0.00,17.4,88,7.6,115
2020-07-13T12:00,19.4,0.00,17.5,89,5.7,125
2020-07-13T13:00,19.5,0.00,18.0,91,8.3,124
2020-07-13T14:00,20.3,0.00,18.0,87,10.0,128
2020-07-13T15:00,21.8,0.00,17.5,77,7.4,129
2020-07-13T16:00,23.8,0.00,17.0,66,5.6,153
2020-07-13T17:00,26.4,0.00,16.5,54,7.4,166
2020-07-13T18:00,29.1,0.00,16.1,45,10.9,163
2020-07-13T19:00,31.0,0.00,15.4,39,13.1,171
2020-07-13T20:00,32.3,0.00,14.2,33,14.8,176
2020-07-13T21:00,32.8,0.00,13.3,31,15.5,183
2020-07-13T22:00,32.5,0.00,13.3,31,15.9,193
2020-07-13T23:00,31.1,0.00,14.4,36,16.1,204
2020-07-14T00:00,30.1,0.00,14.9,40,15.0,197
2020-07-14T01:00,28.1,0.00,16.4,49,14.0,206
2020-07-14T02:00,25.5,0.00,17.4,61,13.0,214
2020-07-14T03:00,23.2,0.00,17.7,71,11.6,216
2020-07-14T04:00,21.8,0.00,17.3,76,11.4,215
2020-07-14T05:00,21.0,0.00,16.4,75,10.0,201
2020-07-14T06:00,20.2,0.00,15.8,75,9.4,187
2020-07-14T07:00,19.5,0.00,15.6,78,9.0,180
2020-07-14T08:00,18.9,0.00,15.6,81,7.9,177
2020-07-14T09:00,18.1,0.00,15.6,85,6.1,180
2020-07-14T10:00,17.7,0.00,15.6,88,4.3,185
2020-07-14T11:00,17.5,0.00,15.6,89,2.6,196
2020-07-14T12:00,18.2,0.00,16.2,88,4.2,149
2020-07-14T13:00,18.3,0.00,16.2,88,3.6,174
2020-07-14T14:00,18.6,0.00,16.2,86,3.0,194
2020-07-14T15:00,19.7,0.00,15.9,78,3.3,186
2020-07-14T16:00,21.5,0.00,15.4,69,4.3,180
2020-07-14T17:00,23.6,0.00,14.9,58,5.7,162
2020-07-14T18:00,26.0,0.00,14.6,49,7.5,163
2020-07-14T19:00,28.2,0.00,14.4,43,10.1,186
2020-07-14T20:00,28.9,0.00,15.1,43,13.4,204
2020-07-14T21:00,28.6,0.00,15.6,45,15.4,213
2020-07-14T22:00,27.9,0.00,15.4,47,16.1,222
2020-07-14T23:00,27.0,0.00,14.9,48,16.0,226
2020-07-15T00:00,27.0,0.00,15.8,50,13.7,225
2020-07-15T01:00,25.5,0.00,15.7,54,13.5,226
2020-07-15T02:00,23.6,0.00,15.6,60,13.0,226
2020-07-15T03:00,21.4,0.00,15.6,70,11.7,227
2020-07-15T04:00,20.1,0.00,15.5,75,9.2,222
2020-07-15T05:00,19.8,0.00,15.4,76,6.8,212
2020-07-15T06:00,19.4,0.00,15.4,78,5.2,192
2020-07-15T07:00,18.8,0.00,15.3,80,6.7,164
2020-07-15T08:00,18.0,0.00,15.1,83,8.2,151
2020-07-15T09:00,17.3,0.00,15.0,86,7.9,141
2020-07-15T10:00,16.6,0.00,15.0,90,6.7,126
2020-07-15T11:00,16.3,0.00,15.0,92,5.4,110
2020-07-15T12:00,16.9,0.00,15.5,91,4.8,132
2020-07-15T13:00,17.1,0.00,15.4,90,3.9,124
2020-07-15T14:00,17.6,0.00,15.1,85,3.4,122
2020-07-15T15:00,18.7,0.00,14.9,79,3.9,158
2020-07-15T16:00,20.0,0.00,14.9,72,5.7,162
2020-07-15T17:00,22.1,0.00,14.7,63,6.5,161
2020-07-15T18:00,24.4,0.00,14.2,53,7.3,189
2020-07-15T19:00,26.4,0.00,13.1,44,10.6,215
2020-07-15T20:00,27.0,0.00,13.4,43,14.8,223
2020-07-15T21:00,26.9,0.00,13.1,43,17.1,224
2020-07-15T22:00,26.3,0.00,12.5,42,18.3,227
2020-07-15T23:00,25.4,0.00,12.6,45,18.4,231
2020-07-16T00:00,25.4,0.00,12.8,45,16.9,236
2020-07-16T01:00,24.0,0.00,13.1,51,15.5,234
2020-07-16T02:00,22.2,0.00,13.3,57,14.9,233
2020-07-16T03:00,20.4,0.00,13.5,65,13.5,236
2020-07-16T04:00,19.1,0.00,13.9,72,11.1,241
2020-07-16T05:00,18.3,0.00,14.4,78,6.8,238
2020-07-16T06:00,17.8,0.00,14.7,82,4.2,239
2020-07-16T07:00,17.2,0.00,14.8,86,1.9,202
2020-07-16T08:00,16.8,0.00,14.8,88,3.3,131
2020-07-16T09:00,16.4,0.00,14.7,90,2.2,99
2020-07-16T10:00,15.8,0.00,14.8,93,3.3,84
2020-07-16T11:00,15.3,0.00,14.7,96,2.9,30
2020-07-16T12:00,15.1,0.00,15.1,100,2.7,67
2020-07-16T13:00,15.6,0.00,15.4,99,4.2,59
2020-07-16T14:00,16.8,0.00,15.2,90,2.3,108
2020-07-16T15:00,18.0,0.00,14.9,82,1.1,198
2020-07-16T16:00,20.0,0.00,14.7,72,3.5,204
2020-07-16T17:00,22.4,0.00,14.8,62,5.7,198
2020-07-16T18:00,24.5,0.00,14.6,54,7.1,204
2020-07-16T19:00,26.6,0.00,14.3,47,8.8,215
2020-07-16T20:00,28.0,0.00,14.1,43,12.2,225
2020-07-16T21:00,28.0,0.00,14.1,43,16.3,227
2020-07-16T22:00,27.4,0.00,13.9,44,17.9,230
2020-07-16T23:00,26.6,0.00,13.8,45,18.3,234
2020-07-17T00:00,25.5,0.00,14.6,51,16.2,233
2020-07-17T01:00,24.2,0.00,14.6,55,15.2,234
2020-07-17T02:00,22.4,0.00,14.8,62,14.7,234
2020-07-17T03:00,20.5,0.00,14.9,70,13.0,236
2020-07-17T04:00,19.3,0.00,15.1,76,10.5,243
2020-07-17T05:00,18.9,0.00,15.0,78,7.3,250
2020-07-17T06:00,18.4,0.00,15.1,81,5.3,242
2020-07-17T07:00,17.9,0.00,15.2,84,3.3,229
2020-07-17T08:00,17.5,0.00,15.2,86,1.9,202
2020-07-17T09:00,17.2,0.00,15.6,90,1.5,256
2020-07-17T10:00,16.7,0.00,15.4,92,1.3,326
2020-07-17T11:00,16.1,0.00,15.3,95,2.6,344
2020-07-17T12:00,15.4,0.00,15.4,100,1.1,288
2020-07-17T13:00,15.4,0.00,15.4,100,1.5,14
2020-07-17T14:00,16.4,0.00,15.2,93,1.4,360
2020-07-17T15:00,18.5,0.00,14.9,80,2.2,279
2020-07-17T16:00,20.7,0.00,15.1,71,5.4,228
2020-07-17T17:00,22.9,0.00,15.0,61,6.1,220
2020-07-17T18:00,25.0,0.00,14.9,53,8.0,216
2020-07-17T19:00,26.8,0.00,14.9,48,11.2,220
2020-07-17T20:00,27.7,0.00,14.9,46,14.3,223
2020-07-17T21:00,27.8,0.00,14.7,45,16.1,228
2020-07-17T22:00,27.5,0.00,14.3,44,17.6,229
2020-07-17T23:00,26.7,0.00,14.1,46,18.5,233
2020-07-18T00:00,25.7,0.00,14.6,50,16.8,235
2020-07-18T01:00,24.8,0.00,14.7,53,14.6,230
2020-07-18T02:00,23.4,0.00,14.9,59,13.8,229
2020-07-18T03:00,21.2,0.00,15.1,68,13.0,231
2020-07-18T04:00,19.9,0.00,15.2,75,10.6,235
2020-07-18T05:00,19.3,0.00,15.4,78,7.0,235
2020-07-18T06:00,18.8,0.00,15.5,81,4.1,225
2020-07-18T07:00,18.3,0.00,15.6,84,3.0,194
2020-07-18T08:00,17.9,0.00,15.5,86,3.2,153
2020-07-18T09:00,17.2,0.00,15.4,89,2.8,140
2020-07-18T10:00,16.6,0.00,15.4,92,3.6,127
2020-07-18T11:00,15.9,0.00,15.4,97,3.0,104
2020-07-18T12:00,16.0,0.00,15.6,97,0.0,270
2020-07-18T13:00,15.8,0.00,15.6,99,3.9,112
2020-07-18T14:00,16.6,0.00,15.6,94,2.9,120
2020-07-18T15:00,18.7,0.00,15.5,82,2.6,196
2020-07-18T16:00,21.3,0.00,14.8,66,4.0,185
2020-07-18T17:00,24.1,0.00,14.3,54,5.8,184
2020-07-18T18:00,26.8,0.00,14.2,46,8.0,198
2020-07-18T19:00,28.5,0.00,14.2,42,11.9,215
2020-07-18T20:00,29.3,0.00,13.9,39,14.8,223
2020-07-18T21:00,29.6,0.00,13.2,36,16.6,228
2020-07-18T22:00,29.5,0.00,12.8,36,17.3,228
2020-07-18T23:00,29.0,0.00,12.4,36,17.2,233
2020-07-19T00:00,27.8,0.00,13.4,41,14.6,237
2020-07-19T01:00,26.7,0.00,13.2,43,14.2,234
2020-07-19T02:00,24.4,0.00,13.2,50,13.6,233
2020-07-19T03:00,21.5,0.00,14.2,63,10.0,229
2020-07-19T04:00,20.0,0.00,14.6,71,5.4,200
2020-07-19T05:00,19.2,0.00,14.6,75,7.4,129
2020-07-19T06:00,18.7,0.00,14.6,77,9.2,111
2020-07-19T07:00,18.3,0.00,14.5,79,10.5,106
2020-07-19T08:00,17.7,0.00,14.6,82,10.2,113
2020-07-19T09:00,17.1,0.00,14.8,86,7.3,110
2020-07-19T10:00,16.5,0.00,14.9,90,4.0,95
2020-07-19T11:00,15.9,0.00,14.9,94,4.7,94
2020-07-19T12:00,15.2,0.00,14.9,98,8.1,103
2020-07-19T13:00,15.2,0.00,14.6,96,6.2,111
2020-07-19T14:00,15.9,0.00,13.9,88,5.1,98
2020-07-19T15:00,18.0,0.00,12.6,71,4.9,107
2020-07-19T16:00,20.9,0.00,11.4,55,4.7,122
2020-07-19T17:00,24.2,0.00,10.5,42,3.8,139
2020-07-19T18:00,27.5,0.00,10.4,34,5.5,191
2020-07-19T19:00,29.4,0.00,11.9,34,11.8,220
2020-07-19T20:00,29.9,0.00,11.6,32,17.1,229
2020-07-19T21:00,29.6,0.00,10.4,31,20.8,233
2020-07-19T22:00,28.9,0.00,10.4,32,21.5,235
2020-07-19T23:00,28.0,0.00,11.4,36,19.2,232
2020-07-20T00:00,26.1,0.00,13.4,45,19.2,232
2020-07-20T01:00,24.6,0.00,13.8,51,14.9,233
2020-07-20T02:00,23.0,0.00,14.4,58,8.0,216
2020-07-20T03:00,21.2,0.00,14.6,66,7.3,171
2020-07-20T04:00,19.9,0.00,14.7,72,7.1,156
2020-07-20T05:00,19.4,0.00,14.8,75,6.5,146
2020-07-20T06:00,19.0,0.00,14.9,77,6.9,137
2020-07-20T07:00,18.4,0.00,15.1,81,5.9,142
2020-07-20T08:00,17.7,0.00,15.3,86,5.9,142
2020-07-20T09:00,17.0,0.00,15.4,91,6.4,128
2020-07-20T10:00,16.2,0.00,15.3,94,9.2,101
2020-07-20T11:00,15.7,0.00,15.1,97,10.4,92
2020-07-20T12:00,16.0,0.00,15.2,95,8.1,103
2020-07-20T13:00,16.2,0.00,15.1,93,7.4,104
2020-07-20T14:00,16.6,0.00,14.9,89,7.2,108
2020-07-20T15:00,17.9,0.00,14.4,80,7.1,105
2020-07-20T16:00,20.1,0.00,14.1,68,7.1,120
2020-07-20T17:00,22.5,0.00,14.1,59,7.4,151
2020-07-20T18:00,25.0,0.00,13.9,50,7.5,163
2020-07-20T19:00,27.5,0.00,13.6,42,8.3,182
2020-07-20T20:00,29.5,0.00,13.6,38,10.6,198
2020-07-20T21:00,30.1,0.00,14.2,38,13.2,209
2020-07-20T22:00,30.0,0.00,14.5,39,14.8,214
2020-07-20T23:00,29.1,0.00,13.9,39,15.3,219
2020-07-21T00:00,28.2,0.00,12.9,39,12.6,207
2020-07-21T01:00,26.0,0.00,13.2,45,14.2,216
2020-07-21T02:00,23.5,0.00,13.1,52,12.4,210
2020-07-21T03:00,21.0,0.00,13.6,62,10.8,201
2020-07-21T04:00,19.6,0.00,14.1,71,6.7,196
2020-07-21T05:00,18.9,0.00,14.2,75,4.1,142
2020-07-21T06:00,18.5,0.00,13.9,75,6.5,109
2020-07-21T07:00,18.1,0.00,13.8,76,6.6,103
2020-07-21T08:00,17.9,0.00,13.9,77,6.5,96
2020-07-21T09:00,17.4,0.00,14.4,82,6.2,97
2020-07-21T10:00,16.9,0.00,14.8,87,4.7,90
2020-07-21T11:00,16.4,0.00,15.1,92,4.0,85
2020-07-21T12:00,15.8,0.00,15.2,97,4.7,90
2020-07-21T13:00,15.7,0.00,15.5,99,3.6,96
2020-07-21T14:00,16.0,0.00,15.6,97,3.2,90
2020-07-21T15:00,17.2,0.00,15.4,89,3.6,96
2020-07-21T16:00,19.5,0.00,15.1,75,4.6,129
2020-07-21T17:00,21.9,0.00,15.1,65,5.6,153
2020-07-21T18:00,24.6,0.00,15.0,55,6.5,161
2020-07-21T19:00,27.4,0.00,14.9,46,8.0,172
2020-07-21T20:00,29.7,0.00,14.8,40,11.4,198
2020-07-21T21:00,29.5,0.00,15.5,43,16.1,220
2020-07-21T22:00,28.7,0.00,15.4,44,16.0,226
2020-07-21T23:00,28.1,0.00,14.8,44,16.9,230
2020-07-22T00:00,26.5,0.00,15.4,51,16.3,229
2020-07-22T01:00,24.1,0.00,15.1,57,16.2,233
2020-07-22T02:00,22.5,0.00,14.6,61,14.5,226
2020-07-22T03:00,20.9,0.00,14.4,67,11.1,216
2020-07-22T04:00,19.9,0.00,14.7,72,8.2,203
2020-07-22T05:00,19.0,0.00,14.9,78,7.2,180
2020-07-22T06:00,18.2,0.00,15.1,82,8.5,152
2020-07-22T07:00,17.5,0.00,15.2,87,8.9,159
2020-07-22T08:00,16.9,0.00,15.3,91,6.3,149
2020-07-22T09:00,16.2,0.00,15.4,94,5.6,135
2020-07-22T10:00,15.9,0.00,15.4,97,4.3,132
2020-07-22T11:00,15.7,0.00,15.4,98,3.7,151
2020-07-22T12:00,16.0,0.00,15.4,96,4.3,222
2020-07-22T13:00,16.0,0.00,15.4,96,3.3,174
2020-07-22T14:00,16.5,0.10,15.2,93,5.5,148
2020-07-22T15:00,17.4,0.00,15.1,87,6.1,152
2020-07-22T16:00,18.6,0.00,15.0,80,5.9,169
2020-07-22T17:00,20.4,0.00,14.7,70,6.5,186
2020-07-22T18:00,22.8,0.00,14.3,59,8.0,207
2020-07-22T19:00,24.6,0.00,14.2,53,10.3,216
2020-07-22T20:00,26.2,0.00,14.3,48,12.8,220
2020-07-22T21:00,26.5,0.00,14.2,47,16.0,226
2020-07-22T22:00,25.9,0.00,13.9,48,17.9,230
2020-07-22T23:00,25.1,0.00,13.6,49,17.3,228
2020-07-23T00:00,24.0,0.00,14.2,54,14.8,225
2020-07-23T01:00,22.9,0.00,14.0,57,14.0,222
2020-07-23T02:00,21.1,0.00,14.1,64,13.8,221
2020-07-23T03:00,19.0,0.00,14.2,74,12.5,221
2020-07-23T04:00,17.8,0.00,14.4,81,10.7,225
2020-07-23T05:00,17.2,0.00,14.4,84,7.4,219
2020-07-23T06:00,16.6,0.00,14.4,86,4.4,189
2020-07-23T07:00,16.0,0.00,14.2,89,4.8,138
2020-07-23T08:00,15.4,0.00,14.2,92,4.8,103
2020-07-23T09:00,15.2,0.00,14.1,93,3.3,84
2020-07-23T10:00,15.1,0.00,14.1,93,0.7,360
2020-07-23T11:00,14.9,0.00,14.1,95,3.5,336
2020-07-23T12:00,15.9,0.00,14.5,92,1.8,349
2020-07-23T13:00,16.0,0.00,14.6,91,1.1,342
2020-07-23T14:00,16.5,0.00,14.6,88,2.5,82
2020-07-23T15:00,17.2,0.00,14.3,83,3.7,101
2020-07-23T16:00,18.2,0.00,14.1,77,4.2,121
2020-07-23T17:00,19.8,0.00,14.0,69,4.5,151
2020-07-23T18:00,21.5,0.00,13.9,62,6.8,162
2020-07-23T19:00,23.2,0.00,13.6,54,8.4,170
2020-07-23T20:00,25.6,0.00,12.7,45,9.4,187
2020-07-23T21:00,26.6,0.00,12.6,42,12.8,212
2020-07-23T22:00,26.1,0.00,13.4,45,14.8,225
2020-07-23T23:00,25.5,0.00,13.5,47,14.8,229
2020-07-24T00:00,24.4,0.00,14.4,54,13.8,227
2020-07-24T01:00,22.9,0.00,14.1,58,13.8,229
2020-07-24T02:00,21.0,0.00,13.8,63,12.7,235
2020-07-24T03:00,19.1,0.00,13.6,70,10.4,236
2020-07-24T04:00,18.2,0.00,13.4,74,7.4,227
2020-07-24T05:00,17.6,0.00,13.6,77,3.8,197
2020-07-24T06:00,17.3,0.00,13.7,79,3.4,162
2020-07-24T07:00,16.9,0.00,13.9,82,3.1,159
2020-07-24T08:00,16.3,0.00,14.0,86,2.6,146
2020-07-24T09:00,15.9,0.00,14.1,89,1.3,124
2020-07-24T10:00,15.2,0.00,14.1,93,2.2,99
2020-07-24T11:00,14.8,0.00,14.1,96,2.1,59
2020-07-24T12:00,15.8,0.00,14.8,94,4.5,76
2020-07-24T13:00,15.8,0.00,14.8,93,4.1,75
2020-07-24T14:00,16.2,0.00,14.5,89,4.2,70
2020-07-24T15:00,17.4,0.00,14.4,82,3.3,96
2020-07-24T16:00,18.6,0.00,14.4,77,3.4,148
2020-07-24T17:00,20.2,0.00,14.4,69,4.0,175
2020-07-24T18:00,22.6,0.00,14.2,59,6.1,177
2020-07-24T19:00,24.9,0.00,14.0,51,7.6,185
2020-07-24T20:00,27.0,0.00,13.9,45,9.9,213
2020-07-24T21:00,27.6,0.00,14.1,44,15.0,224
2020-07-24T22:00,27.1,0.00,14.3,45,17.3,227
2020-07-24T23:00,26.0,0.00,14.2,48,17.1,229
2020-07-25T00:00,25.3,0.00,14.9,52,14.0,226
2020-07-25T01:00,23.6,0.00,15.0,58,15.3,229
2020-07-25T02:00,21.6,0.00,15.0,66,14.4,233
2020-07-25T03:00,19.9,0.00,14.8,73,10.8,233
2020-07-25T04:00,18.9,0.00,14.8,77,7.4,231
2020-07-25T05:00,18.0,0.00,15.0,82,4.5,209
2020-07-25T06:00,17.5,0.00,15.1,86,2.7,157
2020-07-25T07:00,17.0,0.00,15.1,89,0.4,360
2020-07-25T08:00,16.5,0.00,15.1,92,1.9,22
2020-07-25T09:00,16.1,0.00,15.1,93,1.8,37
2020-07-25T10:00,15.6,0.00,15.1,97,1.1,18
2020-07-25T11:00,15.0,0.00,14.9,100,1.8,11
2020-07-25T12:00,16.0,0.00,15.4,96,1.9,338
2020-07-25T13:00,16.2,0.00,15.5,96,1.0,315
2020-07-25T14:00,17.0,0.00,15.4,91,3.2,243
2020-07-25T15:00,17.7,0.00,15.6,87,3.3,229
2020-07-25T16:00,19.1,0.00,15.6,80,3.4,212
2020-07-25T17:00,21.1,0.00,15.4,70,3.4,198
2020-07-25T18:00,24.0,0.00,15.1,58,4.7,203
2020-07-25T19:00,27.1,0.00,14.6,46,7.0,215
2020-07-25T20:00,29.4,0.00,14.1,39,11.5,229
2020-07-25T21:00,29.1,0.00,14.7,41,18.1,235
2020-07-25T22:00,27.8,0.00,13.9,43,20.2,239
2020-07-25T23:00,27.0,0.00,13.9,44,18.9,235
2020-07-26T00:00,25.6,0.00,14.5,50,17.1,235
2020-07-26T01:00,24.5,0.00,14.2,53,15.4,233
2020-07-26T02:00,22.9,0.00,13.8,57,13.3,232
2020-07-26T03:00,20.9,0.00,14.1,65,12.3,230
2020-07-26T04:00,19.4,0.00,15.1,76,8.4,220
2020-07-26T05:00,18.5,0.00,15.4,82,6.6,209
2020-07-26T06:00,18.0,0.00,15.3,84,5.8,187
2020-07-26T07:00,17.5,0.00,15.1,86,6.2,159
2020-07-26T08:00,16.9,0.00,14.9,89,5.2,168
2020-07-26T09:00,16.3,0.00,14.9,91,3.6,186
2020-07-26T10:00,15.8,0.00,14.9,95,1.5,256
2020-07-26T11:00,15.5,0.00,14.9,96,0.8,297
2020-07-26T12:00,15.4,0.00,15.4,100,2.1,211
2020-07-26T13:00,15.1,0.00,15.1,100,1.1,90
2020-07-26T14:00,16.0,0.00,15.7,98,1.5,76
2020-07-26T15:00,18.0,0.00,15.9,87,1.9,202
2020-07-26T16:00,21.0,0.00,15.4,71,4.1,218
2020-07-26T17:00,24.4,0.00,15.0,56,5.7,215
2020-07-26T18:00,27.5,0.00,14.4,44,9.0,217
2020-07-26T19:00,28.9,0.00,14.3,41,14.5,222
2020-07-26T20:00,29.1,0.00,13.9,39,17.1,228
2020-07-26T21:00,29.2,0.00,13.1,37,18.4,231
2020-07-26T22:00,29.5,0.00,12.6,35,18.0,233
2020-07-26T23:00,29.4,0.00,12.0,34,18.1,235
2020-07-27T00:00,27.8,0.00,13.5,41,15.8,235
2020-07-27T01:00,26.9,0.00,13.3,43,13.9,233
2020-07-27T02:00,24.9,0.00,13.8,50,10.4,224
2020-07-27T03:00,21.8,0.00,14.4,63,8.5,192
2020-07-27T04:00,20.0,0.00,14.6,71,8.9,148
2020-07-27T05:00,19.2,0.00,14.4,74,13.3,131
2020-07-27T06:00,18.8,0.00,14.2,75,12.5,139
2020-07-27T07:00,17.9,0.00,14.4,80,10.4,134
2020-07-27T08:00,17.2,0.00,14.6,84,9.2,129
2020-07-27T09:00,16.7,0.00,14.8,89,9.4,133
2020-07-27T10:00,16.1,0.00,14.9,92,5.1,129
2020-07-27T11:00,15.8,0.00,14.9,94,4.9,107
2020-07-27T12:00,16.1,0.00,15.4,95,3.3,103
2020-07-27T13:00,15.8,0.00,15.4,97,4.1,142
2020-07-27T14:00,15.9,0.00,15.4,97,4.3,132
2020-07-27T15:00,17.5,0.00,15.3,87,2.9,150
2020-07-27T16:00,20.4,0.00,14.9,71,4.0,175
2020-07-27T17:00,23.4,0.00,14.3,57,6.8,180
2020-07-27T18:00,25.9,0.00,13.9,48,8.7,185
2020-07-27T19:00,27.6,0.00,13.7,42,10.6,204
2020-07-27T20:00,28.5,0.00,13.4,40,13.6,220
2020-07-27T21:00,28.5,0.00,12.4,37,16.8,228
2020-07-27T22:00,28.1,0.00,11.9,37,18.2,232
2020-07-27T23:00,28.0,0.00,11.6,36,17.5,233
2020-07-28T00:00,26.0,0.00,13.0,44,16.5,226
2020-07-28T01:00,24.3,0.00,13.1,50,14.3,223
2020-07-28T02:00,21.8,0.00,13.4,59,12.6,207
2020-07-28T03:00,19.5,0.00,13.8,69,10.8,201
2020-07-28T04:00,18.4,0.00,14.1,76,8.4,187
2020-07-28T05:00,17.6,0.00,14.3,81,7.4,166
2020-07-28T06:00,17.0,0.00,14.3,84,7.9,137
2020-07-28T07:00,16.5,0.00,14.4,87,8.9,133
2020-07-28T08:00,16.0,0.00,14.3,90,6.4,128
2020-07-28T09:00,15.4,0.00,14.2,93,5.6,105
2020-07-28T10:00,15.0,0.00,14.2,95,5.4,90
2020-07-28T11:00,14.9,0.00,14.2,96,4.9,73
2020-07-28T12:00,15.0,0.00,14.2,95,6.1,93
2020-07-28T13:00,15.1,0.00,14.1,93,7.2,96
2020-07-28T14:00,15.6,0.00,14.1,91,3.8,107
2020-07-28T15:00,17.3,0.00,14.3,83,2.6,164
2020-07-28T16:00,19.4,0.00,13.9,71,4.7,171
2020-07-28T17:00,22.1,0.00,13.5,58,6.2,173
2020-07-28T18:00,25.0,0.00,13.1,47,7.6,180
2020-07-28T19:00,27.6,0.00,13.1,41,9.8,197
2020-07-28T20:00,29.0,0.00,13.9,40,12.9,210
2020-07-28T21:00,29.3,0.00,13.9,39,14.2,216
2020-07-28T22:00,28.6,0.00,13.4,39,16.0,224
2020-07-28T23:00,27.2,0.00,12.9,41,16.6,231
2020-07-29T00:00,26.0,0.00,13.6,46,15.0,228
2020-07-29T01:00,24.4,0.00,13.2,50,13.5,226
2020-07-29T02:00,22.4,0.00,13.1,56,11.9,215
2020-07-29T03:00,19.9,0.00,13.8,68,10.8,210
2020-07-29T04:00,18.4,0.00,14.4,78,8.2,203
2020-07-29T05:00,17.5,0.00,14.7,83,5.4,184
2020-07-29T06:00,17.0,0.00,14.9,87,5.5,157
2020-07-29T07:00,16.6,0.00,14.8,89,6.6,135
2020-07-29T08:00,16.1,0.00,14.8,91,6.0,123
2020-07-29T09:00,15.8,0.00,14.7,93,4.8,117
2020-07-29T10:00,15.3,0.00,14.7,96,5.0,111
2020-07-29T11:00,14.9,0.00,14.7,98,4.7,99
2020-07-29T12:00,15.3,0.00,15.1,99,6.8,115
2020-07-29T13:00,15.2,0.00,15.1,99,4.3,132
2020-07-29T14:00,15.2,0.00,14.9,98,2.4,117
2020-07-29T15:00,15.8,0.00,14.6,93,1.8,127
2020-07-29T16:00,17.8,0.00,14.4,80,2.3,162
2020-07-29T17:00,21.4,0.00,14.0,63,2.9,180
2020-07-29T18:00,24.8,0.00,13.9,51,4.5,194
2020-07-29T19:00,27.7,0.00,13.9,43,6.8,205
2020-07-29T20:00,29.9,0.00,14.1,38,10.1,215
2020-07-29T21:00,30.1,0.00,14.1,38,15.3,229
2020-07-29T22:00,28.9,0.00,13.4,39,18.5,233
2020-07-29T23:00,27.8,0.00,13.1,40,17.8,234
2020-07-30T00:00,26.8,0.00,14.3,46,14.1,232
2020-07-30T01:00,26.0,0.00,13.9,47,13.4,234
2020-07-30T02:00,24.4,0.00,14.1,52,12.2,227
2020-07-30T03:00,21.1,0.00,14.5,66,11.3,217
2020-07-30T04:00,19.2,0.00,14.9,76,6.4,207
2020-07-30T05:00,18.5,0.00,14.9,80,6.3,156
2020-07-30T06:00,18.0,0.00,14.9,82,9.3,144
2020-07-30T07:00,17.5,0.00,14.9,84,8.5,152
2020-07-30T08:00,16.9,0.00,14.9,88,6.8,155
2020-07-30T09:00,16.3,0.00,15.0,92,4.8,153
2020-07-30T10:00,15.8,0.00,15.1,96,2.8,130
2020-07-30T11:00,15.2,0.00,14.9,98,2.3,108
2020-07-30T12:00,14.9,0.00,14.9,100,3.0,104
2020-07-30T13:00,14.7,0.00,14.7,100,3.8,131
2020-07-30T14:00,15.1,0.00,14.9,99,3.7,119
2020-07-30T15:00,16.5,0.00,15.1,91,1.1,252
2020-07-30T16:00,20.0,0.00,14.6,71,2.8,220
2020-07-30T17:00,24.0,0.00,14.1,54,5.2,196
2020-07-30T18:00,27.7,0.00,13.1,41,7.9,219
2020-07-30T19:00,30.4,0.00,13.0,35,11.5,226
2020-07-30T20:00,31.2,0.00,13.1,33,15.3,227
2020-07-30T21:00,31.8,0.00,11.6,29,16.6,229
2020-07-30T22:00,32.1,0.00,10.0,26,17.6,229
2020-07-30T23:00,31.7,0.00,8.7,24,17.1,229
2020-07-31T00:00,30.0,0.00,9.9,29,16.7,237
2020-07-31T01:00,29.1,0.00,10.4,31,12.8,232
2020-07-31T02:00,26.0,0.00,12.9,44,10.7,222
2020-07-31T03:00,23.1,0.00,14.1,57,5.1,219
2020-07-31T04:00,22.6,0.00,14.5,60,1.6,207
2020-07-31T05:00,22.6,0.00,14.6,61,3.6,180
2020-07-31T06:00,21.2,0.00,14.6,66,9.5,143
2020-07-31T07:00,19.7,0.00,14.2,71,8.4,130
2020-07-31T08:00,19.3,0.00,13.8,70,5.5,122
2020-07-31T09:00,19.3,0.00,13.5,69,4.0,95
2020-07-31T10:00,19.0,0.00,13.6,71,5.1,94
2020-07-31T11:00,18.5,0.00,13.7,73,5.6,117
2020-07-31T12:00,18.5,0.00,13.8,74,4.6,129
2020-07-31T13:00,17.7,0.00,13.9,79,3.3,131
2020-07-31T14:00,18.5,0.00,13.8,74,1.8,143
2020-07-31T15:00,21.0,0.00,13.1,61,3.7,191
2020-07-31T16:00,24.3,0.00,12.4,47,5.2,196
2020-07-31T17:00,27.5,0.00,12.0,38,8.8,189
2020-07-31T18:00,30.0,0.00,12.2,34,9.2,201
2020-07-31T19:00,32.0,0.00,11.9,29,10.8,210
2020-07-31T20:00,33.4,0.00,10.5,25,12.1,217
2020-07-31T21:00,33.9,0.00,9.0,22,14.3,225
2020-07-31T22:00,34.2,0.00,7.2,19,15.6,230
2020-07-31T23:00,33.7,0.00,5.8,18,17.4,230
2020-08-01T00:00,31.4,0.00,6.1,21,17.4,230
2020-08-01T01:00,29.2,0.00,7.9,26,14.6,230
2020-08-01T02:00,26.4,0.00,12.1,41,10.7,222
2020-08-01T03:00,22.5,0.00,14.2,60,8.7,210
2020-08-01T04:00,21.0,0.00,14.2,65,5.5,169
2020-08-01T05:00,19.8,0.00,14.1,70,8.9,137
2020-08-01T06:00,19.0,0.00,13.9,72,8.3,124
2020-08-01T07:00,19.0,0.00,13.4,70,8.3,108
2020-08-01T08:00,19.0,0.00,13.1,68,4.5,104
2020-08-01T09:00,18.4,0.00,13.2,72,6.3,114
2020-08-01T10:00,18.1,0.00,13.4,74,6.2,111
2020-08-01T11:00,18.3,0.00,13.5,74,5.2,106
2020-08-01T12:00,18.1,0.00,13.8,76,5.4,132
2020-08-01T13:00,17.8,0.00,13.6,77,2.3,198
2020-08-01T14:00,17.9,0.00,13.6,76,2.2,261
2020-08-01T15:00,20.5,0.00,12.6,61,2.3,198
2020-08-01T16:00,24.5,0.00,10.5,41,6.8,148
2020-08-01T17:00,28.5,0.00,9.1,30,11.5,139
2020-08-01T18:00,31.5,0.00,10.1,27,12.6,149
2020-08-01T19:00,33.9,0.00,10.9,25,12.7,165
2020-08-01T20:00,34.9,0.00,11.2,24,15.1,177
2020-08-01T21:00,34.8,0.00,11.8,25,15.5,184
2020-08-01T22:00,34.5,0.00,11.9,25,15.2,187
2020-08-01T23:00,33.8,0.00,12.3,27,13.4,188
2020-08-02T00:00,31.1,0.00,14.1,36,14.1,177
2020-08-02T01:00,30.0,0.00,14.4,39,11.5,178
2020-08-02T02:00,28.3,0.00,14.8,44,10.1,186
2020-08-02T03:00,26.1,0.00,15.6,52,10.5,176
2020-08-02T04:00,24.4,0.00,16.0,60,11.0,157
2020-08-02T05:00,22.5,0.00,16.5,69,9.2,149
2020-08-02T06:00,21.0,0.00,17.0,78,6.6,151
2020-08-02T07:00,20.0,0.00,17.1,84,2.3,162
2020-08-02T08:00,19.2,0.00,17.2,88,1.0,135
2020-08-02T09:00,18.6,0.00,17.1,91,3.8,41
2020-08-02T10:00,19.1,0.00,16.9,87,1.8,101
2020-08-02T11:00,18.1,0.00,17.0,93,1.8,180
2020-08-02T12:00,17.3,0.00,17.0,98,3.8,139
2020-08-02T13:00,16.8,0.00,16.8,100,4.6,129
2020-08-02T14:00,17.5,0.00,17.2,98,4.8,132
2020-08-02T15:00,19.0,0.00,16.9,87,4.3,132
2020-08-02T16:00,21.9,0.00,15.4,67,3.9,146
2020-08-02T17:00,25.2,0.00,14.7,52,5.5,157
2020-08-02T18:00,28.9,0.00,14.1,40,6.8,162
2020-08-02T19:00,32.0,0.00,13.5,32,8.4,173
2020-08-02T20:00,34.2,0.00,12.9,28,11.2,201
2020-08-02T21:00,34.2,0.00,13.9,30,13.7,215
2020-08-02T22:00,33.6,0.00,13.0,29,15.7,217
2020-08-02T23:00,31.6,0.00,12.4,31,17.6,221
2020-08-03T00:00,29.8,0.00,15.3,42,13.2,197
2020-08-03T01:00,27.8,0.00,16.3,50,11.5,200
2020-08-03T02:00,25.4,0.00,16.9,60,11.9,194
2020-08-03T03:00,22.5,0.00,17.2,72,10.9,189
2020-08-03T04:00,20.6,0.00,17.3,81,7.2,183
2020-08-03T05:00,19.6,0.00,17.4,87,4.3,132
2020-08-03T06:00,19.1,0.00,17.4,90,6.8,93
2020-08-03T07:00,18.8,0.00,17.4,91,5.9,104
2020-08-03T08:00,18.3,0.00,17.1,93,6.5,124
2020-08-03T09:00,17.7,0.00,17.0,95,6.8,115
2020-08-03T10:00,17.4,0.00,16.8,96,6.3,103
2020-08-03T11:00,17.1,0.00,16.6,97,5.6,117
2020-08-03T12:00,16.6,0.00,16.5,100,2.8,130
2020-08-03T13:00,16.3,0.00,16.2,99,2.2,99
2020-08-03T14:00,16.0,0.00,15.9,99,1.8,79
2020-08-03T15:00,17.3,0.00,15.6,89,2.5,90
2020-08-03T16:00,20.5,0.00,14.8,70,4.0,100
2020-08-03T17:00,24.0,0.00,14.1,54,3.4,148
2020-08-03T18:00,27.5,0.00,14.6,45,6.5,199
2020-08-03T19:00,30.1,0.00,15.1,40,9.2,211
2020-08-03T20:00,31.9,0.00,14.9,36,12.5,213
2020-08-03T21:00,32.5,0.00,13.9,32,14.7,216
2020-08-03T22:00,32.0,0.00,12.9,31,15.3,219
2020-08-03T23:00,31.1,0.00,13.2,33,14.3,223
2020-08-04T00:00,29.5,0.00,15.7,43,12.2,199
2020-08-04T01:00,28.2,0.00,16.0,48,11.3,202
2020-08-04T02:00,26.0,0.00,16.4,55,11.3,207
2020-08-04T03:00,23.5,0.00,16.6,65,10.2,203
2020-08-04T04:00,22.1,0.00,17.1,73,9.0,164
2020-08-04T05:00,21.2,0.00,17.4,79,8.7,135
2020-08-04T06:00,20.3,0.00,17.3,83,8.9,133
2020-08-04T07:00,19.4,0.00,17.2,87,6.9,129
2020-08-04T08:00,18.8,0.00,17.2,90,3.2,117
2020-08-04T09:00,18.4,0.00,17.2,93,0.5,315
2020-08-04T10:00,17.6,0.00,17.2,97,1.1,252
2020-08-04T11:00,17.3,0.00,17.1,99,0.8,297
2020-08-04T12:00,17.4,0.00,17.2,99,3.3,131
2020-08-04T13:00,17.4,0.00,17.2,99,3.9,124
2020-08-04T14:00,17.5,0.00,17.0,97,3.3,139
2020-08-04T15:00,17.8,0.00,17.2,97,1.9,202
2020-08-04T16:00,19.3,0.00,17.2,88,2.8,220
2020-08-04T17:00,22.4,0.00,16.9,71,4.0,180
2020-08-04T18:00,25.8,0.00,16.4,56,6.5,180
2020-08-04T19:00,28.5,0.00,15.9,46,9.6,193
2020-08-04T20:00,29.5,0.00,16.1,45,13.5,214
2020-08-04T21:00,29.3,0.00,16.3,45,16.1,222
2020-08-04T22:00,28.6,0.00,15.8,46,16.6,222
2020-08-04T23:00,27.5,0.00,15.6,48,16.1,222
2020-08-05T00:00,27.0,0.00,16.6,53,13.2,202
2020-08-05T01:00,24.5,0.00,16.8,62,14.8,223
2020-08-05T02:00,21.7,0.00,16.3,71,13.6,230
2020-08-05T03:00,19.9,0.00,15.8,77,10.1,235
2020-08-05T04:00,19.0,0.00,15.4,79,6.9,219
2020-08-05T05:00,18.5,0.00,15.1,81,3.9,202
2020-08-05T06:00,18.2,0.00,15.1,82,3.2,180
2020-08-05T07:00,18.0,0.00,15.2,84,3.4,148
2020-08-05T08:00,18.0,0.00,15.4,85,4.4,145
2020-08-05T09:00,18.0,0.00,15.6,86,4.5,151
2020-08-05T10:00,17.8,0.00,15.6,88,4.2,149
2020-08-05T11:00,17.6,0.00,15.8,89,4.2,149
2020-08-05T12:00,17.7,0.00,16.4,92,5.7,125
2020-08-05T13:00,18.1,0.00,16.3,89,5.1,129
2020-08-05T14:00,18.4,0.00,16.2,88,3.1,126
2020-08-05T15:00,18.7,0.00,16.2,86,1.1,108
2020-08-05T16:00,19.6,0.00,16.2,81,1.0,135
2020-08-05T17:00,21.5,0.00,15.9,71,1.9,158
2020-08-05T18:00,24.0,0.00,15.6,59,4.7,171
2020-08-05T19:00,26.8,0.00,15.2,49,7.9,183
2020-08-05T20:00,28.3,0.00,15.1,44,13.0,208
2020-08-05T21:00,28.0,0.00,15.6,47,16.4,220
2020-08-05T22:00,27.6,0.00,15.4,47,16.3,221
2020-08-05T23:00,26.6,0.00,15.1,49,17.3,225
2020-08-06T00:00,25.2,0.00,16.0,57,14.9,217
2020-08-06T01:00,23.1,0.00,15.7,63,15.3,227
2020-08-06T02:00,21.1,0.00,15.1,69,14.3,227
2020-08-06T03:00,19.6,0.00,14.5,72,11.7,223
2020-08-06T04:00,18.9,0.00,14.2,74,8.4,211
2020-08-06T05:00,18.2,0.00,14.2,78,5.6,207
2020-08-06T06:00,17.7,0.00,14.4,81,3.4,198
2020-08-06T07:00,17.5,0.00,14.4,83,2.7,203
2020-08-06T08:00,17.1,0.00,14.5,84,2.3,198
2020-08-06T09:00,17.0,0.00,14.6,86,1.5,135
2020-08-06T10:00,17.0,0.00,14.6,86,2.9,83
2020-08-06T11:00,17.2,0.00,14.8,86,6.3,103
2020-08-06T12:00,18.1,0.00,15.6,85,8.7,132
2020-08-06T13:00,18.5,0.10,15.5,83,8.1,135
2020-08-06T14:00,18.7,0.00,15.4,81,9.3,126
2020-08-06T15:00,19.3,0.00,15.1,77,10.3,126
2020-08-06T16:00,20.1,0.00,14.9,72,9.9,134
2020-08-06T17:00,21.6,0.00,14.9,65,10.8,143
2020-08-06T18:00,23.7,0.00,14.6,57,12.2,152
2020-08-06T19:00,25.3,0.00,14.1,50,13.0,161
2020-08-06T20:00,26.6,0.00,13.6,45,12.3,175
2020-08-06T21:00,27.5,0.00,13.1,41,13.1,189
2020-08-06T22:00,27.6,0.00,12.8,40,12.9,198
2020-08-06T23:00,27.4,0.00,12.8,40,12.2,208
2020-08-07T00:00,26.2,0.00,14.4,48,11.8,220
2020-08-07T01:00,25.2,0.00,14.8,53,11.0,218
2020-08-07T02:00,23.3,0.00,14.8,59,11.7,225
2020-08-07T03:00,21.1,0.00,14.6,66,10.1,243
2020-08-07T04:00,20.0,0.00,14.5,70,6.4,232
2020-08-07T05:00,19.4,0.00,14.6,74,5.1,172
2020-08-07T06:00,19.1,0.00,14.9,76,6.4,133
2020-08-07T07:00,18.8,0.00,14.9,78,8.0,126
2020-08-07T08:00,18.0,0.00,14.8,82,7.9,120
2020-08-07T09:00,17.1,0.00,14.6,86,6.6,112
2020-08-07T10:00,16.4,0.00,14.6,89,4.3,90
2020-08-07T11:00,15.7,0.00,14.6,93,3.5,66
2020-08-07T12:00,15.4,0.00,15.1,98,5.5,67
2020-08-07T13:00,16.0,0.00,15.5,97,7.2,93
2020-08-07T14:00,16.5,0.00,15.3,93,6.0,107
2020-08-07T15:00,17.5,0.00,14.8,84,4.9,107
2020-08-07T16:00,19.8,0.00,14.0,69,3.3,139
2020-08-07T17:00,22.5,0.00,13.1,56,4.3,175
2020-08-07T18:00,25.1,0.00,12.9,46,6.9,189
2020-08-07T19:00,27.3,0.00,13.0,41,10.5,211
2020-08-07T20:00,28.1,0.00,13.8,41,14.8,221
2020-08-07T21:00,28.4,0.00,13.0,39,17.3,227
2020-08-07T22:00,27.8,0.00,11.6,37,18.9,231
2020-08-07T23:00,26.9,0.00,11.9,39,18.2,236
2020-08-08T00:00,26.5,0.00,11.9,40,14.2,234
2020-08-08T01:00,25.2,0.00,12.1,44,14.3,236
2020-08-08T02:00,23.4,0.00,12.6,51,13.1,233
2020-08-08T03:00,21.3,0.00,13.5,61,9.7,222
2020-08-08T04:00,20.0,0.00,14.4,70,7.0,215
2020-08-08T05:00,19.4,0.00,14.9,75,4.8,193
2020-08-08T06:00,18.9,0.00,15.2,80,5.5,157
2020-08-08T07:00,18.1,0.00,15.2,83,7.7,143
2020-08-08T08:00,17.4,0.00,15.1,86,7.4,133
2020-08-08T09:00,17.0,0.00,14.9,88,4.7,122
2020-08-08T10:00,16.5,0.00,14.9,91,3.1,126
2020-08-08T11:00,15.8,0.00,14.9,94,3.9,124
2020-08-08T12:00,15.6,0.00,15.2,97,3.7,119
2020-08-08T13:00,15.9,0.00,15.4,96,4.3,90
2020-08-08T14:00,16.5,0.00,15.3,93,4.5,104
2020-08-08T15:00,18.5,0.00,15.1,81,4.0,153
2020-08-08T16:00,20.7,0.00,14.5,68,5.1,176
2020-08-08T17:00,23.4,0.00,13.6,54,5.8,176
2020-08-08T18:00,26.0,0.00,12.9,44,7.6,185
2020-08-08T19:00,28.0,0.00,13.1,40,9.8,204
2020-08-08T20:00,28.9,0.00,13.6,39,13.4,216
2020-08-08T21:00,29.0,0.00,13.2,38,16.1,222
2020-08-08T22:00,28.4,0.00,12.8,38,17.8,227
2020-08-08T23:00,27.5,0.00,12.9,41,18.2,231
2020-08-09T00:00,26.4,0.00,13.6,45,16.3,235
2020-08-09T01:00,25.4,0.00,13.6,48,14.1,232
2020-08-09T02:00,23.3,0.00,13.8,55,12.3,232
2020-08-09T03:00,21.0,0.00,14.1,65,10.7,230
2020-08-09T04:00,19.5,0.00,14.9,74,8.2,229
2020-08-09T05:00,18.9,0.00,15.4,80,5.6,207
2020-08-09T06:00,18.4,0.00,15.4,83,5.8,187
2020-08-09T07:00,17.9,0.00,15.3,85,5.9,166
2020-08-09T08:00,17.2,0.00,15.1,87,5.4,160
2020-08-09T09:00,16.7,0.00,15.1,90,3.1,159
2020-08-09T10:00,16.2,0.00,15.2,94,1.1,270
2020-08-09T11:00,15.9,0.00,15.1,95,0.8,333
2020-08-09T12:00,15.4,0.00,15.1,98,2.9,97
2020-08-09T13:00,15.6,0.00,15.2,98,2.2,99
2020-08-09T14:00,15.9,0.00,15.2,96,2.6,124
2020-08-09T15:00,17.5,0.00,14.8,84,2.3,198
2020-08-09T16:00,20.1,0.00,14.2,69,3.9,202
2020-08-09T17:00,23.0,0.00,14.1,57,4.4,189
2020-08-09T18:00,25.8,0.00,13.8,47,6.6,193
2020-08-09T19:00,28.1,0.00,13.3,40,9.3,208
2020-08-09T20:00,29.2,0.00,13.1,37,13.0,219
2020-08-09T21:00,29.3,0.00,12.6,36,16.6,228
2020-08-09T22:00,28.8,0.00,12.5,37,17.4,232
2020-08-09T23:00,27.9,0.00,12.9,40,17.2,233
2020-08-10T00:00,26.3,0.00,13.7,46,14.5,235
2020-08-10T01:00,25.7,0.00,13.1,46,12.6,233
2020-08-10T02:00,23.6,0.00,13.2,52,11.7,225
2020-08-10T03:00,20.6,0.00,13.7,65,11.7,225
2020-08-10T04:00,19.0,0.00,14.6,75,9.2,225
2020-08-10T05:00,18.2,0.00,15.2,83,6.7,216
2020-08-10T06:00,17.7,0.00,15.4,87,5.6,207
2020-08-10T07:00,17.0,0.00,15.4,90,4.5,194
2020-08-10T08:00,16.4,0.00,15.3,94,3.3,174
2020-08-10T09:00,15.8,0.00,15.2,97,2.5,180
2020-08-10T10:00,15.4,0.00,15.2,98,2.8,140
2020-08-10T11:00,15.3,0.00,15.2,100,3.4,122
2020-08-10T12:00,14.9,0.00,14.9,99,4.5,119
2020-08-10T13:00,15.0,0.00,14.9,99,4.8,117
2020-08-10T14:00,15.1,0.00,14.6,97,3.3,139
2020-08-10T15:00,16.2,0.00,14.5,90,1.9,202
2020-08-10T16:00,18.9,0.00,14.1,73,4.6,219
2020-08-10T17:00,22.2,0.00,13.2,57,7.8,214
2020-08-10T18:00,25.0,0.00,12.5,46,8.6,213
2020-08-10T19:00,27.6,0.00,11.6,37,8.8,215
2020-08-10T20:00,29.5,0.00,10.6,31,12.1,217
2020-08-10T21:00,29.2,0.00,10.8,32,17.3,225
2020-08-10T22:00,28.5,0.00,10.6,33,19.5,232
2020-08-10T23:00,27.2,0.00,11.8,38,19.9,235
2020-08-11T00:00,26.0,0.00,12.9,44,18.1,239
2020-08-11T01:00,24.8,0.00,12.2,46,15.2,239
2020-08-11T02:00,23.4,0.00,11.9,48,11.4,235
2020-08-11T03:00,21.1,0.00,12.9,59,10.7,230
2020-08-11T04:00,19.5,0.00,14.4,73,8.6,213
2020-08-11T05:00,18.0,0.00,15.2,83,6.9,189
2020-08-11T06:00,17.4,0.00,15.2,87,5.8,150
2020-08-11T07:00,16.9,0.00,15.1,89,7.4,137
2020-08-11T08:00,16.3,0.00,14.9,91,5.9,137
2020-08-11T09:00,15.6,0.00,14.8,95,4.7,122
2020-08-11T10:00,15.1,0.00,14.7,98,5.5,113
2020-08-11T11:00,14.8,0.00,14.6,99,4.2,110
2020-08-11T12:00,15.2,0.00,15.1,99,5.2,124
2020-08-11T13:00,14.9,0.00,14.9,100,3.1,159
2020-08-11T14:00,14.9,0.00,14.6,98,2.8,140
2020-08-11T15:00,15.4,0.00,14.9,97,3.4,162
2020-08-11T16:00,18.2,0.00,14.5,79,3.5,204
2020-08-11T17:00,22.0,0.00,13.9,60,4.5,209
2020-08-11T18:00,25.4,0.00,13.1,46,6.8,205
2020-08-11T19:00,28.0,0.00,12.4,38,9.9,213
2020-08-11T20:00,28.9,0.00,12.5,36,13.8,221
2020-08-11T21:00,29.0,0.00,11.9,35,16.3,227
2020-08-11T22:00,29.2,0.00,10.7,32,16.2,233
2020-08-11T23:00,29.6,0.00,9.6,29,16.2,238
2020-08-12T00:00,30.0,0.00,7.8,25,13.7,240
2020-08-12T01:00,28.6,0.00,8.8,29,14.4,233
2020-08-12T02:00,25.3,0.00,12.6,45,11.5,226
2020-08-12T03:00,21.8,0.00,14.3,63,9.2,191
2020-08-12T04:00,19.5,0.00,14.6,73,6.8,155
2020-08-12T05:00,18.6,0.00,14.6,77,9.5,119
2020-08-12T06:00,18.1,0.00,14.2,78,11.1,119
2020-08-12T07:00,17.5,0.00,13.9,79,10.3,126
2020-08-12T08:00,16.9,0.00,14.1,84,5.6,117
2020-08-12T09:00,15.9,0.00,14.2,90,5.8,112
2020-08-12T10:00,15.2,0.00,14.3,94,5.6,140
2020-08-12T11:00,14.2,0.00,13.9,98,5.1,135
2020-08-12T12:00,13.8,0.00,13.2,96,6.8,72
2020-08-12T13:00,15.0,0.00,12.9,88,5.1,39
2020-08-12T14:00,15.8,0.00,12.6,82,1.1,162
2020-08-12T15:00,17.6,0.00,12.6,72,5.4,160
2020-08-12T16:00,20.1,0.00,12.1,60,4.5,151
2020-08-12T17:00,23.9,0.00,11.7,47,4.6,162
2020-08-12T18:00,27.9,0.00,10.9,35,5.9,191
2020-08-12T19:00,31.4,0.00,10.2,27,8.2,209
2020-08-12T20:00,33.5,0.00,9.5,23,10.9,226
2020-08-12T21:00,34.3,0.00,8.1,20,14.1,232
2020-08-12T22:00,32.7,0.00,8.1,22,20.0,231
2020-08-12T23:00,30.5,0.00,9.0,26,20.1,234
2020-08-13T00:00,30.4,0.00,8.4,25,15.5,234
2020-08-13T01:00,28.8,0.00,9.6,30,14.3,229
2020-08-13T02:00,25.0,0.00,12.0,44,13.7,225
2020-08-13T03:00,22.6,0.00,13.1,55,6.9,208
2020-08-13T04:00,20.9,0.00,14.0,65,8.3,185
2020-08-13T05:00,20.6,0.00,14.2,67,6.5,161
2020-08-13T06:00,20.2,0.00,14.1,68,7.6,161
2020-08-13T07:00,19.5,0.00,14.1,71,6.0,155
2020-08-13T08:00,19.2,0.00,14.2,73,6.6,151
2020-08-13T09:00,19.3,0.00,14.2,73,6.2,159
2020-08-13T10:00,18.8,0.00,14.6,77,6.1,208
2020-08-13T11:00,18.2,0.00,14.9,81,1.5,315
2020-08-13T12:00,19.4,0.00,14.6,74,4.4,351
2020-08-13T13:00,19.1,0.00,14.9,77,5.4,200
2020-08-13T14:00,20.4,0.00,14.5,69,4.3,5
2020-08-13T15:00,21.4,0.00,14.2,64,11.8,250
2020-08-13T16:00,22.3,0.00,12.4,54,7.6,267
2020-08-13T17:00,27.0,0.00,10.0,34,1.8,90
2020-08-13T18:00,31.1,0.00,6.7,22,3.8,107
2020-08-13T19:00,34.2,0.00,6.8,18,13.5,228
2020-08-13T20:00,29.1,0.00,11.4,33,21.9,234
2020-08-13T21:00,34.8,0.00,7.3,18,16.0,234
2020-08-13T22:00,34.9,0.00,10.0,22,19.6,221
2020-08-13T23:00,32.8,0.00,11.4,27,15.5,224
2020-08-14T00:00,32.2,0.00,9.7,25,16.1,219
2020-08-14T01:00,29.7,0.00,8.6,27,11.5,229
2020-08-14T02:00,27.0,0.00,8.6,31,12.5,237
2020-08-14T03:00,24.0,0.00,11.8,46,9.8,216
2020-08-14T04:00,23.0,0.00,13.3,55,5.1,176
2020-08-14T05:00,21.7,0.00,14.4,63,5.9,142
2020-08-14T06:00,22.5,0.00,13.4,56,7.2,96
2020-08-14T07:00,23.1,0.00,13.9,56,7.8,112
2020-08-14T08:00,22.9,0.00,14.6,60,6.1,152
2020-08-14T09:00,22.4,0.00,15.0,63,5.8,176
2020-08-14T10:00,21.4,0.00,15.2,68,2.9,187
2020-08-14T11:00,20.3,0.00,15.6,75,3.3,186
2020-08-14T12:00,20.5,0.00,14.8,69,4.4,171
2020-08-14T13:00,20.9,0.00,14.8,68,2.9,83
2020-08-14T14:00,21.6,0.00,14.4,63,6.1,50
2020-08-14T15:00,25.0,0.00,12.9,47,4.2,31
2020-08-14T16:00,27.6,0.00,11.7,37,11.9,185
2020-08-14T17:00,28.6,0.00,11.8,35,7.5,163
2020-08-14T18:00,32.5,0.00,11.1,27,6.0,163
2020-08-14T19:00,35.5,0.00,11.4,23,8.6,202
2020-08-14T20:00,37.2,0.00,11.8,22,13.7,225
2020-08-14T21:00,37.0,0.00,10.9,21,18.1,235
2020-08-14T22:00,36.6,0.00,10.9,21,18.8,238
2020-08-14T23:00,35.2,0.00,12.1,25,19.4,235
2020-08-15T00:00,33.5,0.00,13.0,29,18.2,245
2020-08-15T01:00,31.8,0.00,14.0,34,14.3,242
2020-08-15T02:00,29.0,0.00,14.6,41,11.2,225
2020-08-15T03:00,26.1,0.00,15.1,50,6.0,197
2020-08-15T04:00,25.2,0.00,15.2,54,5.0,159
2020-08-15T05:00,24.4,0.00,15.4,58,6.4,137
2020-08-15T06:00,23.7,0.00,15.4,60,7.2,117
2020-08-15T07:00,23.8,0.00,15.4,59,7.6,98
2020-08-15T08:00,23.8,0.00,15.3,59,7.1,105
2020-08-15T09:00,23.5,0.00,15.4,60,5.2,74
2020-08-15T10:00,23.1,0.00,15.4,62,6.3,59
2020-08-15T11:00,24.2,0.00,15.3,58,5.0,60
2020-08-15T12:00,22.7,0.00,15.8,65,6.5,109
2020-08-15T13:00,23.2,0.00,15.4,62,6.1,360
2020-08-15T14:00,24.5,0.00,14.9,55,4.4,235
2020-08-15T15:00,25.8,0.00,15.8,54,6.8,180
2020-08-15T16:00,29.0,0.00,15.2,43,2.1,31
2020-08-15T17:00,33.8,0.00,14.1,31,2.8,140
2020-08-15T18:00,34.7,0.00,14.8,30,10.5,207
2020-08-15T19:00,35.0,0.00,14.9,30,11.9,209
2020-08-15T20:00,38.7,0.00,13.6,23,4.7,180
2020-08-15T21:00,40.4,0.00,13.9,21,16.6,202
2020-08-15T22:00,37.2,0.00,14.1,25,21.6,210
2020-08-15T23:00,34.6,0.00,14.6,30,10.7,220
2020-08-16T00:00,33.5,0.00,15.1,33,12.0,237
2020-08-16T01:00,33.0,0.00,15.6,35,12.1,197
2020-08-16T02:00,30.7,0.00,16.0,41,12.4,210
2020-08-16T03:00,27.0,0.00,16.4,52,8.0,216
2020-08-16T04:00,26.1,0.00,16.8,56,10.6,190
2020-08-16T05:00,24.8,0.00,17.0,62,4.5,151
2020-08-16T06:00,24.8,0.00,16.6,61,12.0,106
2020-08-16T07:00,23.7,0.00,17.0,66,10.7,123
2020-08-16T08:00,23.1,0.00,17.4,70,6.4,106
2020-08-16T09:00,22.8,0.00,17.4,72,6.1,152
2020-08-16T10:00,21.4,0.00,17.9,80,5.1,135
2020-08-16T11:00,21.2,0.00,17.9,81,5.4,82
2020-08-16T12:00,21.0,0.00,18.1,84,8.7,95
2020-08-16T13:00,21.2,0.00,18.1,82,10.1,107
2020-08-16T14:00,22.0,0.00,18.1,79,8.6,92
2020-08-16T15:00,24.2,0.00,17.5,66,9.2,101
2020-08-16T16:00,26.0,0.00,16.8,57,12.4,112
2020-08-16T17:00,28.8,0.00,16.6,48,9.7,141
2020-08-16T18:00,30.9,0.00,16.5,42,9.5,155
2020-08-16T19:00,33.3,0.00,16.0,36,10.3,168
2020-08-16T20:00,35.2,0.00,15.8,31,13.2,169
2020-08-16T21:00,35.8,0.00,15.2,29,16.2,181
2020-08-16T22:00,34.0,0.00,15.4,33,21.1,163
2020-08-16T23:00,33.0,0.00,15.4,35,13.4,166
2020-08-17T00:00,32.7,0.00,15.6,36,10.8,165
2020-08-17T01:00,31.6,0.00,15.9,39,14.5,173
2020-08-17T02:00,28.3,0.00,17.4,51,13.0,174
2020-08-17T03:00,26.4,0.00,17.6,58,9.6,167
2020-08-17T04:00,25.6,0.00,17.5,61,8.5,168
2020-08-17T05:00,24.4,0.00,17.7,66,9.2,159
2020-08-17T06:00,23.4,0.00,18.0,72,5.7,145
2020-08-17T07:00,23.0,0.00,18.1,74,3.6,174
2020-08-17T08:00,22.3,0.00,18.5,79,3.6,174
2020-08-17T09:00,21.8,0.00,18.5,82,1.0,225
2020-08-17T10:00,21.6,0.00,18.5,83,1.1,198
2020-08-17T11:00,21.4,0.00,18.5,84,1.8,323
2020-08-17T12:00,21.9,0.00,18.5,81,5.0,240
2020-08-17T13:00,21.8,0.00,18.5,82,2.9,300
2020-08-17T14:00,22.7,0.00,18.3,76,4.0,280
2020-08-17T15:00,24.6,0.00,17.5,65,1.6,153
2020-08-17T16:00,26.6,0.00,17.0,56,5.8,176
2020-08-17T17:00,28.9,0.00,17.4,50,4.7,189
2020-08-17T18:00,31.7,0.00,17.5,43,7.3,250
2020-08-17T19:00,34.7,0.00,17.0,35,8.6,237
2020-08-17T20:00,36.7,0.00,16.3,30,12.5,226
2020-08-17T21:00,36.8,0.00,15.9,29,19.3,209
2020-08-17T22:00,34.0,0.00,16.1,34,20.9,216
2020-08-17T23:00,32.7,0.00,16.3,37,12.2,236
2020-08-18T00:00,33.5,0.00,15.2,33,14.0,235
2020-08-18T01:00,31.0,0.00,15.6,39,15.1,237
2020-08-18T02:00,28.5,0.00,16.0,47,12.0,221
2020-08-18T03:00,25.6,0.00,16.6,58,8.7,204
2020-08-18T04:00,24.3,0.00,17.0,64,6.2,159
2020-08-18T05:00,24.4,0.00,17.0,63,11.2,140
2020-08-18T06:00,24.0,0.00,17.2,66,9.4,130
2020-08-18T07:00,23.4,0.00,17.6,70,6.9,137
2020-08-18T08:00,22.7,0.00,18.0,75,4.9,144
2020-08-18T09:00,22.0,0.00,18.1,79,1.8,180
2020-08-18T10:00,21.5,0.00,18.2,82,3.8,107
2020-08-18T11:00,21.3,0.00,18.2,83,3.9,56
2020-08-18T12:00,21.4,0.00,18.6,84,3.4,18
2020-08-18T13:00,21.8,0.00,18.5,81,4.7,67
2020-08-18T14:00,22.3,0.00,18.4,78,5.0,159
2020-08-18T15:00,24.4,0.00,18.4,69,4.7,266
2020-08-18T16:00,28.4,0.00,17.8,53,6.1,242
2020-08-18T17:00,30.4,0.00,17.8,47,12.2,137
2020-08-18T18:00,35.3,0.00,16.5,33,5.3,332
2020-08-18T19:00,36.7,0.00,16.3,30,14.7,208
2020-08-18T20:00,38.3,0.00,16.5,28,7.5,235
2020-08-18T21:00,39.5,0.00,16.9,27,13.6,230
2020-08-18T22:00,40.5,0.00,16.4,25,11.4,208
2020-08-18T23:00,41.3,0.00,15.4,22,10.8,195
2020-08-19T00:00,33.8,0.00,16.5,36,22.9,233
2020-08-19T01:00,30.4,0.00,18.2,48,16.9,200
2020-08-19T02:00,28.6,0.00,18.1,53,10.6,215
2020-08-19T03:00,27.2,0.00,18.1,58,9.6,214
2020-08-19T04:00,26.0,0.00,18.4,63,9.9,199
2020-08-19T05:00,25.2,0.00,18.6,67,6.2,173
2020-08-19T06:00,24.8,0.00,18.8,69,4.6,252
2020-08-19T07:00,24.1,0.00,18.9,73,7.6,115
2020-08-19T08:00,24.1,0.00,18.9,73,5.3,62
2020-08-19T09:00,23.9,0.00,18.9,74,3.5,114
2020-08-19T10:00,23.2,0.00,18.9,77,1.0,135
2020-08-19T11:00,22.9,0.00,18.9,78,5.0,60
2020-08-19T12:00,23.4,0.00,19.5,79,5.5,157
2020-08-19T13:00,23.0,0.00,19.6,82,5.2,78
2020-08-19T14:00,23.6,0.00,19.6,79,4.8,257
2020-08-19T15:00,25.0,0.00,19.5,72,1.8,270
2020-08-19T16:00,28.4,0.00,19.0,57,0.8,333
2020-08-19T17:00,32.7,0.00,18.5,43,4.8,153
2020-08-19T18:00,35.6,0.00,18.4,36,8.8,189
2020-08-19T19:00,36.0,0.00,18.9,36,15.8,227
2020-08-19T20:00,37.3,0.00,18.2,33,17.7,232
2020-08-19T21:00,35.8,0.00,17.8,35,18.4,211
2020-08-19T22:00,35.0,0.00,18.3,37,17.5,217
2020-08-19T23:00,32.3,0.00,18.6,44,21.1,233
2020-08-20T00:00,32.0,0.00,17.9,43,19.6,238
2020-08-20T01:00,30.9,0.00,17.5,45,13.2,235
2020-08-20T02:00,29.0,0.00,17.5,50,12.7,227
2020-08-20T03:00,26.9,0.00,17.6,57,8.7,187
2020-08-20T04:00,25.9,0.00,17.7,61,6.8,177
2020-08-20T05:00,25.5,0.00,17.6,62,5.2,155
2020-08-20T06:00,24.8,0.00,17.5,64,5.2,124
2020-08-20T07:00,24.0,0.00,17.5,67,5.8,90
2020-08-20T08:00,23.5,0.00,17.4,68,4.0,90
2020-08-20T09:00,22.9,0.00,17.4,71,2.3,72
2020-08-20T10:00,22.5,0.00,17.4,73,2.8,50
2020-08-20T11:00,22.1,0.00,17.4,75,3.8,41
2020-08-20T12:00,21.4,0.00,18.5,84,3.4,72
2020-08-20T13:00,21.5,0.00,18.8,84,4.3,90
2020-08-20T14:00,22.0,0.00,19.1,84,4.7,94
2020-08-20T15:00,23.6,0.00,19.4,77,0.5,135
2020-08-20T16:00,25.9,0.00,19.1,67,1.5,194
2020-08-20T17:00,29.0,0.00,18.6,54,3.0,194
2020-08-20T18:00,32.3,0.00,18.0,43,5.2,214
2020-08-20T19:00,35.2,0.00,17.2,34,7.4,219
2020-08-20T20:00,37.7,0.00,16.0,28,10.2,219
2020-08-20T21:00,37.7,0.00,16.2,28,16.8,227
2020-08-20T22:00,34.6,0.00,16.7,35,21.3,236
2020-08-20T23:00,32.7,0.00,17.0,39,19.6,234
2020-08-21T00:00,30.8,0.00,18.2,47,15.5,226
2020-08-21T01:00,28.6,0.00,18.7,55,15.4,217
2020-08-21T02:00,28.0,0.00,18.5,56,7.7,221
2020-08-21T03:00,26.7,0.00,18.5,61,9.1,189
2020-08-21T04:00,24.9,0.00,19.8,73,11.9,145
2020-08-21T05:00,24.0,0.00,20.0,78,9.0,119
2020-08-21T06:00,23.8,0.00,19.6,77,6.8,115
2020-08-21T07:00,23.4,0.00,19.5,79,5.8,120
2020-08-21T08:00,22.8,0.00,19.4,81,2.3,129
2020-08-21T09:00,22.2,0.00,19.5,84,1.3,236
2020-08-21T10:00,21.6,0.00,19.5,87,2.1,239
2020-08-21T11:00,21.0,0.00,19.5,91,4.2,290
2020-08-21T12:00,20.5,0.00,20.0,98,3.8,343
2020-08-21T13:00,20.8,0.00,19.9,95,4.8,312
2020-08-21T14:00,21.0,0.00,19.6,92,4.2,340
2020-08-21T15:00,23.6,0.00,19.1,76,6.3,301
2020-08-21T16:00,27.0,0.00,18.7,60,4.0,243
2020-08-21T17:00,30.1,0.00,18.2,49,5.7,215
2020-08-21T18:00,32.5,0.00,18.5,43,10.2,190
2020-08-21T19:00,33.8,0.00,19.2,42,11.9,205
2020-08-21T20:00,34.7,0.00,18.9,39,16.4,195
2020-08-21T21:00,34.2,0.00,18.7,40,16.6,179
2020-08-21T22:00,34.7,0.00,18.1,38,15.5,162
2020-08-21T23:00,34.5,0.00,17.9,37,16.5,169
2020-08-22T00:00,32.0,0.00,18.6,45,10.7,200
2020-08-22T01:00,31.6,0.00,18.2,45,9.2,154
2020-08-22T02:00,30.7,0.00,17.7,46,11.3,158
2020-08-22T03:00,29.0,0.00,17.8,51,10.9,171
2020-08-22T04:00,27.4,0.00,18.3,58,8.6,178
2020-08-22T05:00,25.9,0.00,19.0,66,6.5,186
2020-08-22T06:00,25.0,0.00,19.2,70,3.5,156
2020-08-22T07:00,24.6,0.00,19.2,72,0.8,153
2020-08-22T08:00,24.5,0.00,19.3,73,2.2,171
2020-08-22T09:00,24.1,0.00,19.4,75,3.8,139
2020-08-22T10:00,23.8,0.00,19.6,78,4.7,94
2020-08-22T11:00,23.5,0.00,20.1,81,3.1,126
2020-08-22T12:00,24.0,0.00,19.6,76,3.4,18
2020-08-22T13:00,24.5,0.00,19.4,73,2.8,50
2020-08-22T14:00,25.2,0.00,19.0,68,1.5,346
2020-08-22T15:00,26.9,0.00,18.6,61,1.5,256
2020-08-22T16:00,27.1,0.00,18.7,60,5.2,164
2020-08-22T17:00,30.4,0.00,17.8,47,6.8,162
2020-08-22T18:00,33.4,0.00,16.5,37,12.8,164
2020-08-22T19:00,35.0,0.00,15.5,31,13.0,178
2020-08-22T20:00,35.8,0.00,15.3,30,12.5,192
2020-08-22T21:00,36.2,0.00,16.2,31,13.4,211
2020-08-22T22:00,35.4,0.00,17.3,34,18.1,221
2020-08-22T23:00,34.5,0.00,17.0,35,17.1,224
2020-08-23T00:00,32.2,0.00,17.4,41,14.5,228
2020-08-23T01:00,30.2,0.00,18.0,48,18.8,238
2020-08-23T02:00,27.5,0.00,19.0,60,14.7,234
2020-08-23T03:00,25.8,0.00,19.6,69,8.9,227
2020-08-23T04:00,25.1,0.00,20.1,74,6.8,212
2020-08-23T05:00,24.9,0.00,20.5,76,6.2,170
2020-08-23T06:00,24.6,0.00,20.7,79,7.1,139
2020-08-23T07:00,24.3,0.00,20.8,81,5.9,142
2020-08-23T08:00,24.0,0.00,21.0,83,4.7,157
2020-08-23T09:00,23.8,0.00,21.0,85,4.3,175
2020-08-23T10:00,23.4,0.00,21.0,87,4.0,190
2020-08-23T11:00,23.1,0.00,21.1,88,3.7,191
2020-08-23T12:00,23.2,0.00,21.5,90,1.5,104
2020-08-23T13:00,23.3,0.00,21.6,90,2.4,117
2020-08-23T14:00,23.5,0.00,21.6,89,0.4,90
2020-08-23T15:00,24.7,0.00,21.6,83,3.9,214
2020-08-23T16:00,26.6,0.00,21.5,73,3.0,194
2020-08-23T17:00,29.0,0.00,20.9,61,5.2,192
2020-08-23T18:00,31.2,0.00,20.1,52,8.2,209
2020-08-23T19:00,32.8,0.00,20.0,47,10.7,220
2020-08-23T20:00,33.5,0.00,19.9,45,13.6,220
2020-08-23T21:00,33.6,0.00,19.2,43,18.6,227
2020-08-23T22:00,31.9,0.00,19.8,49,21.0,235
2020-08-23T23:00,30.9,0.00,20.1,53,19.7,239
2020-08-24T00:00,30.5,0.00,19.7,52,15.3,240
2020-08-24T01:00,29.5,0.00,19.9,56,16.0,239
2020-08-24T02:00,26.5,0.00,20.1,68,15.5,242
2020-08-24T03:00,24.6,0.00,20.4,77,9.9,237
2020-08-24T04:00,23.8,0.00,20.5,82,7.4,223
2020-08-24T05:00,23.4,0.00,20.6,85,4.9,197
2020-08-24T06:00,23.0,0.00,20.7,87,5.2,168
2020-08-24T07:00,22.8,0.00,20.7,88,6.2,159
2020-08-24T08:00,22.5,0.00,20.6,89,6.9,171
2020-08-24T09:00,22.1,0.00,20.6,91,6.9,186
2020-08-24T10:00,21.6,0.00,20.5,93,5.9,194
2020-08-24T11:00,21.3,0.00,20.4,95,5.5,203
2020-08-24T12:00,21.9,0.00,20.4,91,5.1,188
2020-08-24T13:00,21.9,0.00,20.2,90,5.0,201
2020-08-24T14:00,22.0,0.00,20.2,90,4.0,207
2020-08-24T15:00,22.8,0.00,20.2,86,4.3,185
2020-08-24T16:00,24.5,0.00,20.0,76,4.1,165
2020-08-24T17:00,26.6,0.00,19.9,66,5.4,180
2020-08-24T18:00,29.5,0.00,19.8,56,7.8,202
2020-08-24T19:00,31.6,0.00,19.9,50,12.2,225
2020-08-24T20:00,32.1,0.00,19.9,48,17.4,230
2020-08-24T21:00,32.0,0.00,19.1,46,19.7,230
2020-08-24T22:00,31.5,0.00,18.0,45,20.7,231
2020-08-24T23:00,30.4,0.00,18.1,48,21.2,235
2020-08-25T00:00,30.0,0.00,18.9,51,17.2,241
2020-08-25T01:00,28.0,0.00,19.0,58,17.4,236
2020-08-25T02:00,25.5,0.00,18.9,67,12.0,231
2020-08-25T03:00,24.0,0.00,19.0,73,7.7,217
2020-08-25T04:00,23.4,0.00,19.0,77,6.2,190
2020-08-25T05:00,22.9,0.00,19.0,78,6.0,163
2020-08-25T06:00,22.4,0.00,18.9,80,7.2,127
2020-08-25T07:00,22.0,0.00,18.8,82,8.2,119
2020-08-25T08:00,21.5,0.00,18.7,84,8.5,118
2020-08-25T09:00,21.1,0.00,18.6,86,6.8,122
2020-08-25T10:00,20.9,0.00,18.7,88,4.7,122
2020-08-25T11:00,20.4,0.00,18.8,91,3.7,119
2020-08-25T12:00,19.9,0.00,19.1,95,4.6,108
2020-08-25T13:00,19.9,0.00,19.0,95,5.4,110
2020-08-25T14:00,20.0,0.00,19.0,94,5.2,106
2020-08-25T15:00,21.2,0.00,18.8,86,2.8,130
2020-08-25T16:00,23.7,0.00,18.4,72,1.3,146
2020-08-25T17:00,27.1,0.00,17.9,57,1.9,202
2020-08-25T18:00,30.7,0.00,17.4,45,5.1,219
2020-08-25T19:00,33.3,0.00,17.3,39,10.5,229
2020-08-25T20:00,34.2,0.00,17.2,36,15.6,232
2020-08-25T21:00,34.0,0.00,16.1,35,19.9,238
2020-08-25T22:00,33.8,0.00,15.9,34,21.1,240
2020-08-25T23:00,33.8,0.00,15.8,34,20.5,242
2020-08-26T00:00,31.7,0.00,16.6,40,16.8,242
2020-08-26T01:00,30.2,0.00,17.3,46,13.8,237
2020-08-26T02:00,27.5,0.00,18.4,57,10.3,234
2020-08-26T03:00,25.6,0.00,18.9,67,5.9,218
2020-08-26T04:00,24.6,0.00,19.0,71,4.3,185
2020-08-26T05:00,24.0,0.00,19.0,74,5.5,148
2020-08-26T06:00,23.0,0.00,19.0,78,8.2,128
2020-08-26T07:00,22.1,0.00,18.9,82,8.6,123
2020-08-26T08:00,21.7,0.00,18.9,84,7.3,123
2020-08-26T09:00,21.4,0.00,18.9,86,6.0,123
2020-08-26T10:00,21.0,0.00,18.9,88,2.6,146
2020-08-26T11:00,20.3,0.00,19.0,92,4.3,132
2020-08-26T12:00,19.4,0.00,19.4,100,6.5,124
2020-08-26T13:00,19.4,0.00,19.4,100,6.8,93
2020-08-26T14:00,19.5,0.00,19.4,99,5.7,108
2020-08-26T15:00,20.5,0.00,19.2,92,1.6,117
2020-08-26T16:00,23.2,0.00,18.9,77,1.4,180
2020-08-26T17:00,26.8,0.00,18.5,60,4.5,166
2020-08-26T18:00,30.5,0.00,17.3,45,6.5,177
2020-08-26T19:00,33.7,0.00,16.3,35,8.4,205
2020-08-26T20:00,34.8,0.00,16.7,34,13.5,224
2020-08-26T21:00,34.4,0.00,16.5,34,17.6,227
2020-08-26T22:00,33.6,0.00,16.1,35,18.8,227
2020-08-26T23:00,32.3,0.00,16.4,38,19.9,229
2020-08-27T00:00,30.6,0.00,16.9,44,17.3,227
2020-08-27T01:00,29.0,0.00,17.4,50,15.8,229
2020-08-27T02:00,26.4,0.00,18.0,60,11.2,228
2020-08-27T03:00,24.5,0.00,18.4,69,7.4,209
2020-08-27T04:00,23.5,0.00,18.5,74,6.5,177
2020-08-27T05:00,22.5,0.00,18.5,78,7.4,151
2020-08-27T06:00,21.8,0.00,18.4,81,6.9,137
2020-08-27T07:00,21.5,0.00,18.4,82,4.2,149
2020-08-27T08:00,21.0,0.00,18.4,85,1.5,194
2020-08-27T09:00,20.4,0.00,18.5,89,2.1,149
2020-08-27T10:00,19.9,0.00,18.3,91,3.6,90
2020-08-27T11:00,19.6,0.00,18.2,91,4.7,32
2020-08-27T12:00,19.4,0.00,18.0,92,4.7,67
2020-08-27T13:00,19.5,0.00,18.0,91,4.7,86
2020-08-27T14:00,20.2,0.00,18.2,88,5.8,86
2020-08-27T15:00,22.2,0.00,18.0,77,1.1,90
2020-08-27T16:00,24.6,0.00,17.6,65,0.5,225
2020-08-27T17:00,27.8,0.00,16.8,51,2.4,153
2020-08-27T18:00,31.6,0.00,15.9,39,4.8,167
2020-08-27T19:00,34.8,0.00,15.4,31,9.1,214
2020-08-27T20:00,35.7,0.00,15.6,30,16.4,230
2020-08-27T21:00,35.1,0.00,14.9,30,20.3,233
2020-08-27T22:00,34.3,0.00,14.3,30,21.8,231
2020-08-27T23:00,33.3,0.00,13.1,29,21.7,230
2020-08-28T00:00,30.3,0.00,15.6,41,16.5,224
2020-08-28T01:00,28.0,0.00,15.6,47,13.4,207
2020-08-28T02:00,24.9,0.00,16.3,59,9.6,200
2020-08-28T03:00,23.0,0.00,16.6,67,8.3,178
2020-08-28T04:00,22.5,0.00,16.6,70,6.2,159
2020-08-28T05:00,21.9,0.00,16.8,73,4.5,166
2020-08-28T06:00,21.0,0.00,16.8,77,7.4,141
2020-08-28T07:00,20.5,0.00,16.6,79,6.8,108
2020-08-28T08:00,20.2,0.00,16.3,78,4.1,105
2020-08-28T09:00,19.6,0.00,16.1,80,5.6,117
2020-08-28T10:00,19.0,0.00,16.0,83,6.7,106
2020-08-28T11:00,18.5,0.00,15.9,85,7.6,95
2020-08-28T12:00,17.5,0.00,16.9,96,4.3,114
2020-08-28T13:00,17.2,0.00,17.0,98,5.1,82
2020-08-28T14:00,17.5,0.00,17.0,97,6.2,80
2020-08-28T15:00,19.5,0.00,16.9,84,5.2,115
2020-08-28T16:00,22.2,0.00,15.9,68,5.4,138
2020-08-28T17:00,25.5,0.00,15.2,53,6.1,152
2020-08-28T18:00,28.8,0.00,14.9,43,6.9,171
2020-08-28T19:00,31.4,0.00,14.9,37,8.8,199
2020-08-28T20:00,32.8,0.00,14.8,34,13.1,217
2020-08-28T21:00,32.2,0.00,14.7,35,17.8,225
2020-08-28T22:00,31.5,0.00,13.7,34,18.1,227
2020-08-28T23:00,30.6,0.00,13.5,35,17.4,232
2020-08-29T00:00,29.4,0.00,13.2,37,15.1,230
2020-08-29T01:00,26.9,0.00,12.6,41,14.8,223
2020-08-29T02:00,23.9,0.00,13.9,54,10.8,217
2020-08-29T03:00,21.9,0.00,14.7,64,10.2,203
2020-08-29T04:00,21.0,0.00,15.1,69,8.4,187
2020-08-29T05:00,20.0,0.00,15.6,76,9.8,163
2020-08-29T06:00,19.1,0.00,15.8,81,9.3,152
2020-08-29T07:00,18.3,0.00,15.9,86,8.4,149
2020-08-29T08:00,17.5,0.00,16.0,91,8.2,142
2020-08-29T09:00,16.9,0.00,16.2,96,7.9,141
2020-08-29T10:00,16.5,0.00,16.2,98,5.9,128
2020-08-29T11:00,16.4,0.00,16.2,99,5.9,128
2020-08-29T12:00,16.9,0.00,16.6,98,6.5,161
2020-08-29T13:00,16.9,0.00,16.1,95,4.7,157
2020-08-29T14:00,17.0,0.00,15.9,94,3.9,202
2020-08-29T15:00,17.7,0.00,15.5,87,3.8,221
2020-08-29T16:00,19.4,0.00,15.1,76,3.5,204
2020-08-29T17:00,22.3,0.00,14.2,60,4.6,198
2020-08-29T18:00,25.6,0.00,13.0,46,6.7,196
2020-08-29T19:00,27.9,0.00,13.1,40,10.0,206
2020-08-29T20:00,28.8,0.00,13.9,40,13.1,217
2020-08-29T21:00,28.7,0.00,13.8,40,15.5,224
2020-08-29T22:00,28.0,0.00,13.4,41,17.6,224
2020-08-29T23:00,26.5,0.00,13.6,45,18.1,227
2020-08-30T00:00,25.0,0.00,14.2,51,17.8,234
2020-08-30T01:00,23.1,0.00,14.5,58,16.5,234
2020-08-30T02:00,21.0,0.00,15.0,69,14.6,237
2020-08-30T03:00,19.4,0.00,15.5,78,13.4,234
2020-08-30T04:00,18.7,0.00,15.5,82,10.2,228
2020-08-30T05:00,18.3,0.00,15.6,85,6.9,223
2020-08-30T06:00,17.9,0.00,15.9,88,4.7,203
2020-08-30T07:00,17.3,0.00,16.1,93,3.9,202
2020-08-30T08:00,16.8,0.00,16.1,96,3.4,238
2020-08-30T09:00,16.5,0.00,16.1,98,3.3,276
2020-08-30T10:00,16.1,0.00,15.9,99,2.9,330
2020-08-30T11:00,15.9,0.00,15.6,99,2.4,333
2020-08-30T12:00,16.2,0.00,15.8,97,1.6,297
2020-08-30T13:00,16.7,0.00,15.2,91,1.9,248
2020-08-30T14:00,16.5,0.00,15.1,91,2.5,270
2020-08-30T15:00,17.0,0.00,15.1,88,2.9,263
2020-08-30T16:00,18.5,0.00,14.8,79,2.3,219
2020-08-30T17:00,20.9,0.00,14.2,66,3.3,193
2020-08-30T18:00,24.2,0.00,13.8,52,5.4,200
2020-08-30T19:00,26.8,0.00,13.6,44,8.8,215
2020-08-30T20:00,27.9,0.00,14.2,43,12.5,226
2020-08-30T21:00,27.9,0.00,14.5,44,15.6,232
2020-08-30T22:00,27.2,0.00,14.0,44,17.2,233
2020-08-30T23:00,26.2,0.00,13.8,46,18.0,233
2020-08-31T00:00,25.0,0.00,14.1,51,15.4,237
2020-08-31T01:00,23.2,0.00,13.9,56,15.1,232
2020-08-31T02:00,20.9,0.00,14.4,67,14.1,232
2020-08-31T03:00,19.0,0.00,15.1,79,11.8,232
2020-08-31T04:00,18.2,0.00,15.9,86,8.4,223
2020-08-31T05:00,17.9,0.00,16.1,90,6.2,201
2020-08-31T06:00,17.4,0.00,16.1,92,3.7,169
2020-08-31T07:00,16.9,0.00,16.1,96,0.5,135
2020-08-31T08:00,16.7,0.00,16.0,96,3.7,331
2020-08-31T09:00,16.2,0.00,15.9,98,6.3,329
2020-08-31T10:00,15.8,0.00,15.7,99,7.1,311
2020-08-31T11:00,15.4,0.00,15.4,100,5.8,292
2020-08-31T12:00,16.1,0.00,15.9,99,4.5,331
2020-08-31T13:00,16.2,0.00,15.9,98,3.4,342
2020-08-31T14:00,16.1,0.00,15.8,97,2.3,342
2020-08-31T15:00,17.5,0.00,15.6,89,3.3,257
2020-08-31T16:00,19.1,0.00,15.4,79,4.0,243
2020-08-31T17:00,21.7,0.00,15.2,67,5.0,210
2020-08-31T18:00,24.2,0.00,14.9,56,8.2,203
2020-08-31T19:00,26.0,0.00,14.8,50,10.9,214
2020-08-31T20:00,27.0,0.00,14.6,47,13.5,226
2020-08-31T21:00,27.0,0.00,14.4,46,15.6,232
2020-08-31T22:00,26.4,0.00,14.3,47,17.4,236
2020-08-31T23:00,25.4,0.00,14.3,50,17.6,235
2020-09-01T00:00,23.9,0.00,15.2,59,16.2,238
2020-09-01T01:00,22.2,0.00,15.2,65,14.9,238
2020-09-01T02:00,20.5,0.00,15.2,72,13.5,241
2020-09-01T03:00,19.1,0.00,15.4,79,12.1,240
2020-09-01T04:00,18.5,0.00,15.7,84,9.0,241
2020-09-01T05:00,18.0,0.00,15.9,88,5.8,240
2020-09-01T06:00,17.5,0.00,15.9,91,3.4,238
2020-09-01T07:00,17.1,0.00,16.0,93,2.3,252
2020-09-01T08:00,16.9,0.00,16.0,94,3.6,276
2020-09-01T09:00,16.5,0.00,15.9,97,5.8,292
2020-09-01T10:00,16.2,0.00,15.7,97,5.5,293
2020-09-01T11:00,16.1,0.00,15.4,96,3.9,292
2020-09-01T12:00,17.0,0.00,15.8,92,4.2,239
2020-09-01T13:00,17.3,0.10,15.8,91,3.9,236
2020-09-01T14:00,17.4,0.10,15.6,89,3.3,221
2020-09-01T15:00,17.9,0.00,15.6,86,2.8,230
2020-09-01T16:00,18.9,0.00,15.6,81,3.1,249
2020-09-01T17:00,20.3,0.00,15.5,74,3.6,233
2020-09-01T18:00,22.9,0.00,15.0,61,4.9,216
2020-09-01T19:00,25.2,0.00,14.9,53,7.6,225
2020-09-01T20:00,27.0,0.00,15.0,48,12.3,230
2020-09-01T21:00,26.8,0.00,15.4,49,17.8,234
2020-09-01T22:00,25.9,0.00,14.8,50,19.1,238
2020-09-01T23:00,25.0,0.00,14.4,52,18.2,240
2020-09-02T00:00,23.8,0.00,14.9,57,15.7,238
2020-09-02T01:00,22.4,0.00,14.9,63,14.7,234
2020-09-02T02:00,20.3,0.00,15.4,73,13.5,236
2020-09-02T03:00,18.9,0.00,15.8,82,10.9,243
2020-09-02T04:00,18.1,0.00,16.0,88,7.6,239
2020-09-02T05:00,17.9,0.00,16.2,90,4.4,215
2020-09-02T06:00,17.6,0.00,16.2,92,3.3,186
2020-09-02T07:00,17.5,0.00,16.1,92,2.9,173
2020-09-02T08:00,17.0,0.00,16.1,94,1.9,202
2020-09-02T09:00,16.5,0.00,16.0,97,2.3,309
2020-09-02T10:00,16.0,0.00,15.9,99,3.1,315
2020-09-02T11:00,15.7,0.00,15.5,99,2.1,329
2020-09-02T12:00,15.9,0.00,15.6,98,5.6,75
2020-09-02T13:00,16.1,0.00,15.6,97,4.0,90
2020-09-02T14:00,15.9,0.00,15.3,96,2.4,27
2020-09-02T15:00,16.5,0.00,15.2,92,1.8,360
2020-09-02T16:00,18.2,0.00,14.7,80,1.6,117
2020-09-02T17:00,21.2,0.00,13.9,63,2.8,140
2020-09-02T18:00,24.7,0.00,12.7,47,4.4,189
2020-09-02T19:00,27.8,0.00,12.1,38,8.9,220
2020-09-02T20:00,29.0,0.00,13.3,38,13.5,228
2020-09-02T21:00,28.5,0.00,14.1,42,17.4,230
2020-09-02T22:00,28.0,0.00,14.0,42,18.4,231
2020-09-02T23:00,27.8,0.00,13.8,42,17.0,234
2020-09-03T00:00,25.1,0.00,15.6,56,18.2,231
2020-09-03T01:00,23.8,0.00,15.8,61,13.1,233
2020-09-03T02:00,22.2,0.00,15.8,67,8.3,214
2020-09-03T03:00,21.0,0.00,15.9,73,6.9,174
2020-09-03T04:00,20.2,0.00,15.9,76,9.7,129
2020-09-03T05:00,19.5,0.00,15.6,78,10.9,117
2020-09-03T06:00,19.0,0.00,15.6,80,10.6,114
2020-09-03T07:00,18.5,0.00,15.6,83,9.7,117
2020-09-03T08:00,18.1,0.00,15.5,85,8.5,118
2020-09-03T09:00,17.9,0.00,15.5,86,7.4,113
2020-09-03T10:00,17.5,0.00,15.5,88,6.0,107
2020-09-03T11:00,17.1,0.00,15.6,91,4.7,81
2020-09-03T12:00,16.6,0.00,15.8,95,5.1,51
2020-09-03T13:00,17.1,0.00,15.9,93,3.4,58
2020-09-03T14:00,17.0,0.00,16.0,94,3.6,6
2020-09-03T15:00,18.0,0.00,16.0,88,2.6,344
2020-09-03T16:00,20.0,0.00,16.1,78,1.8,281
2020-09-03T17:00,23.2,0.00,15.9,64,2.3,198
2020-09-03T18:00,26.5,0.00,15.6,51,3.7,191
2020-09-03T19:00,29.6,0.00,15.2,42,6.4,218
2020-09-03T20:00,31.5,0.00,15.1,37,12.2,227
2020-09-03T21:00,30.6,0.00,15.6,40,17.7,232
2020-09-03T22:00,29.6,0.00,15.9,44,18.5,233
2020-09-03T23:00,29.5,0.00,15.9,44,17.2,233
2020-09-04T00:00,28.2,0.00,16.8,50,15.5,228
2020-09-04T01:00,26.0,0.00,16.7,57,14.0,222
2020-09-04T02:00,23.4,0.00,16.8,66,9.4,220
2020-09-04T03:00,21.6,0.00,16.8,74,6.8,212
2020-09-04T04:00,20.5,0.00,16.7,79,6.0,147
2020-09-04T05:00,20.0,0.00,16.6,81,6.2,126
2020-09-04T06:00,19.9,0.00,16.5,81,6.2,111
2020-09-04T07:00,19.8,0.00,16.4,81,5.0,120
2020-09-04T08:00,19.5,0.00,16.4,82,3.9,146
2020-09-04T09:00,18.8,0.00,16.5,87,2.4,153
2020-09-04T10:00,18.1,0.00,16.5,90,2.1,59
2020-09-04T11:00,17.5,0.00,16.6,95,4.0,100
2020-09-04T12:00,17.0,0.00,17.0,100,5.2,106
2020-09-04T13:00,17.4,0.00,17.3,100,3.6,96
2020-09-04T14:00,17.3,0.00,17.2,99,1.8,127
2020-09-04T15:00,18.2,0.00,17.3,94,0.8,27
2020-09-04T16:00,21.0,0.00,17.1,78,1.8,259
2020-09-04T17:00,24.9,0.00,16.8,61,2.9,187
2020-09-04T18:00,28.8,0.00,16.5,47,4.4,189
2020-09-04T19:00,32.3,0.00,15.9,37,8.5,208
2020-09-04T20:00,34.4,0.00,15.2,32,12.1,217
2020-09-04T21:00,34.7,0.00,15.2,31,15.3,225
2020-09-04T22:00,33.3,0.00,14.8,33,17.6,229
2020-09-04T23:00,31.5,0.00,15.4,38,17.7,237
2020-09-05T00:00,29.1,0.00,16.9,48,17.1,235
2020-09-05T01:00,26.9,0.00,16.4,53,12.5,226
2020-09-05T02:00,24.5,0.00,16.7,62,8.9,212
2020-09-05T03:00,23.2,0.00,17.4,70,6.2,201
2020-09-05T04:00,22.5,0.00,17.5,73,5.6,165
2020-09-05T05:00,22.1,0.00,17.5,75,7.4,141
2020-09-05T06:00,22.0,0.00,17.2,74,4.8,138
2020-09-05T07:00,22.2,0.00,17.1,73,1.6,207
2020-09-05T08:00,22.2,0.00,17.1,73,1.1,180
2020-09-05T09:00,22.1,0.00,17.1,73,1.1,162
2020-09-05T10:00,22.0,0.00,17.1,74,1.9,248
2020-09-05T11:00,22.2,0.00,17.3,74,3.6,276
2020-09-05T12:00,20.7,0.00,17.5,82,5.6,310
2020-09-05T13:00,21.4,0.00,17.3,78,6.9,261
2020-09-05T14:00,21.3,0.00,18.0,81,6.9,171
2020-09-05T15:00,22.9,0.00,17.7,73,4.4,325
2020-09-05T16:00,30.8,0.00,15.4,39,5.8,292
2020-09-05T17:00,35.4,0.00,14.5,29,8.2,229
2020-09-05T18:00,39.9,0.00,12.1,19,5.2,236
2020-09-05T19:00,42.8,0.00,10.3,15,10.8,233
2020-09-05T20:00,41.7,0.00,13.2,19,16.8,225
2020-09-05T21:00,42.0,0.00,12.2,17,18.6,223
2020-09-05T22:00,42.3,0.00,11.4,16,18.0,233
2020-09-05T23:00,43.0,0.00,10.5,15,15.9,245
2020-09-06T00:00,42.7,0.00,9.2,14,15.5,248
2020-09-06T01:00,42.0,0.00,8.8,14,14.8,247
2020-09-06T02:00,38.5,0.00,10.3,18,10.6,260
2020-09-06T03:00,37.2,0.00,10.0,19,6.7,286
2020-09-06T04:00,36.0,0.00,7.6,18,11.0,308
2020-09-06T05:00,36.8,0.00,6.0,15,6.1,298
2020-09-06T06:00,31.5,0.00,7.4,22,6.5,93
2020-09-06T07:00,29.3,0.00,11.9,34,11.9,95
2020-09-06T08:00,29.3,0.00,9.9,30,7.7,41
2020-09-06T09:00,32.0,0.00,7.2,21,2.9,30
2020-09-06T10:00,31.0,0.00,5.8,21,3.1,45
2020-09-06T11:00,32.3,0.00,5.8,19,2.2,99
2020-09-06T12:00,26.8,0.00,6.0,27,8.0,72
2020-09-06T13:00,28.0,0.00,6.1,25,5.1,51
2020-09-06T14:00,28.3,0.00,6.1,24,4.7,356
2020-09-06T15:00,32.6,0.00,6.3,19,4.2,329
2020-09-06T16:00,36.3,0.00,5.8,15,3.6,233
2020-09-06T17:00,39.2,0.00,5.1,12,8.0,175
2020-09-06T18:00,40.4,0.00,6.8,13,15.3,165
2020-09-06T19:00,41.8,0.00,9.9,15,13.3,167
2020-09-06T20:00,43.2,0.00,9.5,14,12.3,183
2020-09-06T21:00,43.9,0.00,8.7,12,13.2,202
2020-09-06T22:00,44.0,0.00,8.3,12,13.6,217
2020-09-06T23:00,43.2,0.00,8.5,13,15.0,222
2020-09-07T00:00,42.0,0.00,7.2,12,16.7,233
2020-09-07T01:00,38.8,0.00,9.4,17,11.1,216
2020-09-07T02:00,35.0,0.00,11.0,23,8.0,170
2020-09-07T03:00,33.3,0.00,11.8,27,14.6,147
2020-09-07T04:00,29.5,0.00,14.1,39,13.3,142
2020-09-07T05:00,26.5,0.00,16.0,53,12.9,126
2020-09-07T06:00,25.9,0.00,17.3,59,14.5,109
2020-09-07T07:00,26.1,0.00,17.0,57,4.8,117
2020-09-07T08:00,25.8,0.00,16.5,57,5.1,94
2020-09-07T09:00,24.9,0.00,15.7,57,5.1,86
2020-09-07T10:00,24.7,0.00,15.3,56,5.8,83
2020-09-07T11:00,23.8,0.00,15.1,58,6.7,106
2020-09-07T12:00,23.7,0.00,14.9,58,5.8,120
2020-09-07T13:00,22.8,0.00,15.4,63,4.9,107
2020-09-07T14:00,22.5,0.00,15.4,64,5.1,86
2020-09-07T15:00,24.4,0.00,15.8,59,3.8,73
2020-09-07T16:00,26.4,0.00,16.0,53,5.0,120
2020-09-07T17:00,28.9,0.00,16.5,47,8.7,142
2020-09-07T18:00,31.1,0.00,16.5,42,12.9,150
2020-09-07T19:00,32.4,0.00,16.6,39,15.3,153
2020-09-07T20:00,33.3,0.00,16.6,37,14.8,162
2020-09-07T21:00,33.8,0.00,16.5,36,14.7,169
2020-09-07T22:00,33.8,0.00,16.3,35,14.3,170
2020-09-07T23:00,33.4,0.00,16.3,36,14.6,171
2020-09-08T00:00,29.0,0.00,17.8,51,16.2,148
2020-09-08T01:00,27.4,0.00,18.2,57,11.4,156
2020-09-08T02:00,25.5,0.00,18.6,66,10.7,166
2020-09-08T03:00,23.8,0.00,18.9,74,9.1,162
2020-09-08T04:00,22.4,0.00,19.0,81,6.5,174
2020-09-08T05:00,21.5,0.00,18.8,84,4.6,141
2020-09-08T06:00,21.0,0.00,18.6,87,2.6,124
2020-09-08T07:00,20.5,0.00,18.4,88,2.9,97
2020-09-08T08:00,20.0,0.00,18.1,89,6.5,93
2020-09-08T09:00,19.8,0.00,17.9,89,5.8,120
2020-09-08T10:00,19.6,0.00,18.4,92,6.0,123
2020-09-08T11:00,19.5,0.00,18.5,95,7.1,114
2020-09-08T12:00,20.0,0.00,19.0,94,8.8,125
2020-09-08T13:00,20.5,0.10,18.8,90,6.7,126
2020-09-08T14:00,20.6,0.10,18.6,89,7.1,114
2020-09-08T15:00,20.8,0.00,18.5,87,6.8,108
2020-09-08T16:00,21.5,0.00,18.4,83,6.6,103
2020-09-08T17:00,22.5,0.00,18.3,77,5.2,115
2020-09-08T18:00,24.5,0.00,18.4,69,5.6,140
2020-09-08T19:00,27.2,0.00,18.2,58,7.8,146
2020-09-08T20:00,29.4,0.00,18.5,52,11.7,171
2020-09-08T21:00,30.2,0.00,18.5,49,13.4,172
2020-09-08T22:00,30.6,0.00,18.2,48,12.6,182
2020-09-08T23:00,30.2,0.00,18.6,50,13.3,193
2020-09-09T00:00,26.2,0.00,18.4,62,11.9,185
2020-09-09T01:00,25.6,0.00,18.4,64,9.4,184
2020-09-09T02:00,24.8,0.00,18.2,67,4.3,204
2020-09-09T03:00,23.6,0.00,18.2,72,4.7,270
2020-09-09T04:00,22.6,0.00,18.3,77,3.7,299
2020-09-09T05:00,21.8,0.00,18.4,81,3.7,349
2020-09-09T06:00,21.1,0.00,18.5,85,1.8,11
2020-09-09T07:00,20.4,0.00,18.6,90,1.5,76
2020-09-09T08:00,19.5,0.00,18.5,94,1.3,56
2020-09-09T09:00,18.9,0.00,18.3,97,6.4,297
2020-09-09T10:00,18.3,0.00,18.0,98,9.0,307
2020-09-09T11:00,19.0,0.00,18.0,94,1.1,72
2020-09-09T12:00,19.1,0.00,19.1,100,8.3,288
2020-09-09T13:00,19.1,0.00,18.5,96,5.9,313
2020-09-09T14:00,19.5,0.00,18.0,91,4.7,302
2020-09-09T15:00,21.9,0.00,17.2,75,2.4,297
2020-09-09T16:00,24.5,0.00,8.5,36,1.4,180
2020-09-09T17:00,26.9,0.00,4.9,24,5.0,210
2020-09-09T18:00,29.4,0.00,6.7,24,10.4,224
2020-09-09T19:00,31.4,0.00,8.1,23,13.5,224
2020-09-09T20:00,32.5,0.00,8.1,22,16.3,227
2020-09-09T21:00,32.2,0.00,7.9,22,19.4,235
2020-09-09T22:00,30.8,0.00,10.4,28,19.8,241
2020-09-09T23:00,30.1,0.00,11.0,31,18.7,245
2020-09-10T00:00,28.4,0.00,9.9,31,15.9,252
2020-09-10T01:00,27.9,0.00,9.0,31,13.5,261
2020-09-10T02:00,26.0,0.00,10.9,39,9.1,263
2020-09-10T03:00,24.5,0.00,13.4,50,6.3,283
2020-09-10T04:00,24.0,0.00,13.6,52,1.3,34
2020-09-10T05:00,23.1,0.00,12.6,52,5.6,75
2020-09-10T06:00,22.2,0.00,12.1,52,5.4,90
2020-09-10T07:00,21.1,0.00,14.4,66,11.0,113
2020-09-10T08:00,19.9,0.00,13.5,67,8.5,78
2020-09-10T09:00,19.7,0.00,10.5,55,8.0,95
2020-09-10T10:00,19.4,0.00,11.1,59,5.9,169
2020-09-10T11:00,19.1,0.00,12.0,63,5.4,160
2020-09-10T12:00,18.0,0.00,11.9,68,4.1,142
2020-09-10T13:00,15.9,0.00,10.8,72,8.3,90
2020-09-10T14:00,16.5,0.00,7.6,55,6.9,47
2020-09-10T15:00,21.4,0.00,3.0,30,4.6,342
2020-09-10T16:00,25.2,0.00,1.5,21,1.3,236
2020-09-10T17:00,28.4,0.00,0.8,17,3.3,167
2020-09-10T18:00,31.5,0.00,-0.1,13,5.2,168
2020-09-10T19:00,33.3,0.00,0.6,12,8.6,195
2020-09-10T20:00,34.5,0.00,3.7,15,12.5,219
2020-09-10T21:00,34.8,0.00,4.3,15,19.2,232
2020-09-10T22:00,33.8,0.00,4.0,15,23.0,238
2020-09-10T23:00,32.8,0.00,4.6,17,23.2,244
2020-09-11T00:00,29.1,0.00,6.8,25,20.8,240
2020-09-11T01:00,27.9,0.00,8.3,29,15.7,250
2020-09-11T02:00,26.1,0.00,11.6,40,6.0,237
2020-09-11T03:00,24.8,0.00,12.9,48,4.0,180
2020-09-11T04:00,23.8,0.00,14.0,54,1.9,158
2020-09-11T05:00,22.6,0.00,14.3,59,4.6,108
2020-09-11T06:00,21.5,0.00,14.2,63,5.4,110
2020-09-11T07:00,20.5,0.00,14.1,67,7.3,110
2020-09-11T08:00,19.4,0.00,11.9,62,5.1,86
2020-09-11T09:00,18.8,0.00,8.0,50,7.5,73
2020-09-11T10:00,19.9,0.00,6.0,40,6.5,87
2020-09-11T11:00,20.2,0.00,5.9,39,5.8,97
2020-09-11T12:00,20.8,0.00,4.4,34,6.6,61
2020-09-11T13:00,21.1,0.00,1.5,27,7.1,60
2020-09-11T14:00,21.2,0.00,-0.8,23,5.7,35
2020-09-11T15:00,22.2,0.00,-1.1,21,1.6,297
2020-09-11T16:00,25.0,0.00,-2.3,16,0.4,180
2020-09-11T17:00,28.1,0.00,-2.8,13,1.5,166
2020-09-11T18:00,31.2,0.00,-1.8,12,2.5,180
2020-09-11T19:00,33.8,0.00,-0.9,11,7.3,213
2020-09-11T20:00,35.0,0.00,2.5,13,14.0,228
2020-09-11T21:00,34.7,0.00,4.7,15,19.5,236
2020-09-11T22:00,33.8,0.00,3.7,15,21.5,239
2020-09-11T23:00,33.0,0.00,4.6,17,20.8,242
2020-09-12T00:00,29.1,0.00,9.1,29,20.1,243
2020-09-12T01:00,27.4,0.00,11.4,37,14.0,252
2020-09-12T02:00,25.2,0.00,12.2,44,6.5,214
2020-09-12T03:00,23.9,0.00,12.6,49,3.8,197
2020-09-12T04:00,23.9,0.00,12.8,50,0.5,135
2020-09-12T05:00,22.9,0.00,13.3,55,4.6,135
2020-09-12T06:00,21.4,0.00,13.6,61,8.6,112
2020-09-12T07:00,20.0,0.00,12.4,62,9.0,90
2020-09-12T08:00,19.6,0.00,10.3,55,5.6,75
2020-09-12T09:00,19.2,0.00,9.2,52,8.4,100
2020-09-12T10:00,20.2,0.00,10.2,53,3.5,156
2020-09-12T11:00,19.8,0.00,10.4,55,1.3,326
2020-09-12T12:00,20.9,0.00,6.7,40,2.9,60
2020-09-12T13:00,20.6,0.00,5.4,37,4.5,61
2020-09-12T14:00,21.1,0.00,3.6,32,3.1,21
2020-09-12T15:00,22.0,0.00,3.0,29,1.8,281
2020-09-12T16:00,24.8,0.00,3.3,25,0.4,180
2020-09-12T17:00,28.2,0.00,2.8,19,3.1,216
2020-09-12T18:00,31.3,0.00,2.6,16,6.1,225
2020-09-12T19:00,33.2,0.00,5.1,17,10.5,232
2020-09-12T20:00,33.7,0.00,7.4,20,14.7,234
2020-09-12T21:00,33.7,0.00,6.7,19,18.4,235
2020-09-12T22:00,33.3,0.00,6.3,19,21.2,238
2020-09-12T23:00,33.0,0.00,6.7,19,20.9,243
2020-09-13T00:00,29.8,0.00,9.4,28,16.7,237
2020-09-13T01:00,28.0,0.00,11.1,35,10.0,229
2020-09-13T02:00,25.2,0.00,11.8,43,7.4,203
2020-09-13T03:00,23.0,0.00,12.7,52,7.1,165
2020-09-13T04:00,21.5,0.00,13.4,60,6.6,139
2020-09-13T05:00,20.5,0.00,13.5,64,9.8,114
2020-09-13T06:00,19.6,0.00,12.8,65,13.3,103
2020-09-13T07:00,19.7,0.00,12.6,63,7.4,104
2020-09-13T08:00,18.9,0.00,13.1,69,5.2,115
2020-09-13T09:00,17.8,0.00,13.6,76,7.2,84
2020-09-13T10:00,18.1,0.00,13.4,74,5.9,104
2020-09-13T11:00,17.9,0.00,13.4,75,3.7,119
2020-09-13T12:00,16.2,0.00,13.5,84,6.8,108
2020-09-13T13:00,15.3,0.00,13.6,90,5.0,90
2020-09-13T14:00,15.4,0.00,14.1,92,5.5,79
2020-09-13T15:00,17.7,0.00,15.6,88,5.8,97
2020-09-13T16:00,20.5,0.00,15.6,73,4.9,107
2020-09-13T17:00,24.0,0.00,14.4,55,4.6,129
2020-09-13T18:00,27.6,0.00,12.9,40,3.9,146
2020-09-13T19:00,31.3,0.00,10.9,29,5.4,188
2020-09-13T20:00,33.4,0.00,10.1,24,10.6,215
2020-09-13T21:00,32.6,0.00,12.0,29,18.2,231
2020-09-13T22:00,31.5,0.00,8.4,24,21.6,237
2020-09-13T23:00,31.0,0.00,7.7,23,20.1,237
2020-09-14T00:00,28.6,0.00,9.1,29,18.0,241
2020-09-14T01:00,26.5,0.00,9.9,35,13.9,239
2020-09-14T02:00,23.6,0.00,11.9,48,9.2,219
2020-09-14T03:00,21.6,0.00,13.4,59,6.8,155
2020-09-14T04:00,20.6,0.00,13.9,65,7.9,129
2020-09-14T05:00,19.9,0.00,13.9,68,11.1,126
2020-09-14T06:00,19.4,0.00,13.6,69,10.4,134
2020-09-14T07:00,18.9,0.00,13.6,72,5.4,138
2020-09-14T08:00,18.2,0.00,13.9,76,4.0,117
2020-09-14T09:00,17.5,0.00,14.4,82,3.7,119
2020-09-14T10:00,16.8,0.00,14.8,88,4.0,117
2020-09-14T11:00,16.3,0.00,14.9,91,5.5,101
2020-09-14T12:00,15.8,0.00,14.9,95,6.1,93
2020-09-14T13:00,15.5,0.00,14.7,95,5.1,98
2020-09-14T14:00,15.6,0.00,15.1,97,4.5,104
2020-09-14T15:00,17.8,0.00,16.2,91,5.2,124
2020-09-14T16:00,20.6,0.00,16.4,76,4.2,149
2020-09-14T17:00,23.8,0.00,15.9,61,5.8,173
2020-09-14T18:00,27.2,0.00,15.0,47,5.4,176
2020-09-14T19:00,30.8,0.00,13.6,35,6.6,189
2020-09-14T20:00,33.3,0.00,11.8,27,9.7,207
2020-09-14T21:00,34.0,0.00,11.4,25,13.8,221
2020-09-14T22:00,33.0,0.00,10.6,25,17.1,229
2020-09-14T23:00,31.9,0.00,9.7,26,17.0,234
2020-09-15T00:00,30.5,0.00,10.6,29,16.4,237
2020-09-15T01:00,28.5,0.00,11.1,34,12.0,231
2020-09-15T02:00,25.0,0.00,12.4,45,8.2,203
2020-09-15T03:00,22.6,0.00,13.6,57,6.1,180
2020-09-15T04:00,21.6,0.00,14.1,62,8.0,153
2020-09-15T05:00,21.0,0.00,14.2,65,7.8,146
2020-09-15T06:00,20.2,0.00,14.4,69,7.2,153
2020-09-15T07:00,19.0,0.00,14.5,75,6.3,156
2020-09-15T08:00,18.1,0.00,14.8,81,3.5,156
2020-09-15T09:00,17.4,0.00,14.9,86,4.4,125
2020-09-15T10:00,17.0,0.00,14.9,87,4.7,113
2020-09-15T11:00,16.8,0.00,15.0,89,4.8,138
2020-09-15T12:00,16.5,0.00,15.1,91,5.9,133
2020-09-15T13:00,17.0,0.00,14.9,88,4.7,113
2020-09-15T14:00,17.0,0.00,14.6,86,3.2,117
2020-09-15T15:00,18.5,0.00,14.6,78,1.8,217
2020-09-15T16:00,22.0,0.00,14.4,62,2.6,196
2020-09-15T17:00,25.9,0.00,13.4,46,4.3,185
2020-09-15T18:00,29.8,0.00,11.2,32,6.2,190
2020-09-15T19:00,32.8,0.00,9.6,24,9.7,207
2020-09-15T20:00,34.0,0.00,9.9,23,14.3,221
2020-09-15T21:00,34.1,0.00,9.4,22,16.8,227
2020-09-15T22:00,34.0,0.00,8.3,21,17.9,230
2020-09-15T23:00,33.5,0.00,8.4,21,17.7,237
2020-09-16T00:00,31.5,0.00,8.0,23,16.9,241
2020-09-16T01:00,29.4,0.00,7.4,25,14.7,242
2020-09-16T02:00,26.4,0.00,8.1,31,10.5,239
2020-09-16T03:00,24.5,0.00,9.8,39,5.1,231
2020-09-16T04:00,23.4,0.00,10.9,45,2.0,135
2020-09-16T05:00,22.4,0.00,11.6,51,4.8,132
2020-09-16T06:00,21.1,0.00,11.9,56,5.6,105
2020-09-16T07:00,20.4,0.00,10.5,53,5.4,94
2020-09-16T08:00,21.2,0.00,9.2,46,4.3,85
2020-09-16T09:00,21.0,0.00,9.7,48,1.4,270
2020-09-16T10:00,21.0,0.00,10.4,51,1.3,304
2020-09-16T11:00,21.1,0.00,10.6,51,1.8,217
2020-09-16T12:00,22.1,0.00,7.2,38,6.4,63
2020-09-16T13:00,23.0,0.00,5.3,32,4.1,45
2020-09-16T14:00,21.8,0.00,5.9,36,3.4,252
2020-09-16T15:00,22.2,0.00,7.8,40,5.2,254
2020-09-16T16:00,25.0,0.00,6.6,31,3.4,238
2020-09-16T17:00,28.8,0.00,4.5,21,5.0,210
2020-09-16T18:00,32.4,0.00,3.5,16,6.4,218
2020-09-16T19:00,35.2,0.00,4.1,14,9.4,227
2020-09-16T20:00,37.2,0.00,4.1,13,13.0,231
2020-09-16T21:00,37.5,0.00,3.6,12,18.7,232
2020-09-16T22:00,34.7,0.00,5.1,16,22.6,236
2020-09-16T23:00,33.7,0.00,5.3,17,20.2,239
2020-09-17T00:00,30.6,0.00,6.8,23,19.4,235
2020-09-17T01:00,30.0,0.00,6.3,23,12.0,231
2020-09-17T02:00,27.5,0.00,7.3,28,5.7,198
2020-09-17T03:00,25.9,0.00,8.9,34,2.9,210
2020-09-17T04:00,24.3,0.00,10.5,42,3.3,186
2020-09-17T05:00,22.8,0.00,10.9,47,6.4,117
2020-09-17T06:00,21.4,0.00,10.0,48,4.8,117
2020-09-17T07:00,20.5,0.00,9.4,49,4.7,113
2020-09-17T08:00,19.5,0.00,8.7,50,7.2,87
2020-09-17T09:00,21.0,0.00,7.6,42,5.5,79
2020-09-17T10:00,21.2,0.00,7.6,41,3.2,90
2020-09-17T11:00,20.9,0.00,7.6,42,1.3,236
2020-09-17T12:00,22.0,0.00,3.8,30,2.5,315
2020-09-17T13:00,20.0,0.00,3.6,34,5.2,115
2020-09-17T14:00,17.0,0.00,4.7,44,8.4,115
2020-09-17T15:00,19.6,0.00,5.1,38,3.2,270
2020-09-17T16:00,23.5,0.00,5.9,32,1.1,252
2020-09-17T17:00,27.2,0.00,5.5,25,3.3,174
2020-09-17T18:00,31.0,0.00,4.4,19,5.4,176
2020-09-17T19:00,33.8,0.00,3.4,15,7.6,188
2020-09-17T20:00,36.0,0.00,2.2,12,9.8,204
2020-09-17T21:00,36.1,0.00,4.3,14,13.6,220
2020-09-17T22:00,35.2,0.00,3.7,14,16.3,229
2020-09-17T23:00,33.8,0.00,1.8,13,17.5,233
2020-09-18T00:00,32.5,0.00,2.1,15,14.4,233
2020-09-18T01:00,29.5,0.00,2.4,18,14.0,241
2020-09-18T02:00,26.4,0.00,5.8,27,10.5,239
2020-09-18T03:00,24.1,0.00,11.1,44,6.4,254
2020-09-18T04:00,23.4,0.00,12.9,52,1.5,194
2020-09-18T05:00,22.3,0.00,14.4,61,4.3,132
2020-09-18T06:00,21.2,0.00,13.9,63,6.2,111
2020-09-18T07:00,20.1,0.00,12.4,61,6.8,122
2020-09-18T08:00,20.0,0.00,12.0,60,1.6,243
2020-09-18T09:00,18.7,0.00,12.6,68,3.7,299
2020-09-18T10:00,21.2,0.00,10.7,51,1.8,349
2020-09-18T11:00,20.8,0.00,8.6,46,6.1,62
2020-09-18T12:00,21.1,0.00,7.8,42,4.7,99
2020-09-18T13:00,20.6,0.00,6.4,40,3.6,84
2020-09-18T14:00,20.8,0.00,5.2,36,3.7,11
2020-09-18T15:00,23.1,0.00,3.5,28,3.2,333
2020-09-18T16:00,26.5,0.00,0.9,19,3.5,204
2020-09-18T17:00,29.0,0.00,0.9,16,5.2,155
2020-09-18T18:00,31.7,0.00,0.3,13,6.1,152
2020-09-18T19:00,34.8,0.00,0.3,11,8.5,168
2020-09-18T20:00,36.2,0.00,0.6,11,9.8,197
2020-09-18T21:00,35.0,0.00,5.7,16,12.5,226
2020-09-18T22:00,35.3,0.00,0.9,11,13.3,232
2020-09-18T23:00,35.2,0.00,-1.0,10,14.3,231
2020-09-19T00:00,32.7,0.00,2.9,15,17.6,242
2020-09-19T01:00,31.2,0.00,4.4,18,13.2,235
2020-09-19T02:00,27.6,0.00,9.9,33,8.5,234
2020-09-19T03:00,26.6,0.00,12.4,41,1.9,202
2020-09-19T04:00,25.8,0.00,13.8,47,2.9,180
2020-09-19T05:00,24.0,0.00,15.2,58,11.7,124
2020-09-19T06:00,22.7,0.00,14.6,60,11.4,108
2020-09-19T07:00,22.8,0.00,13.5,56,5.2,106
2020-09-19T08:00,21.9,0.00,13.6,59,6.3,114
2020-09-19T09:00,21.5,0.00,13.9,62,5.1,98
2020-09-19T10:00,20.6,0.00,13.6,64,5.9,76
2020-09-19T11:00,20.2,0.00,13.5,65,6.5,90
2020-09-19T12:00,20.1,0.00,14.9,72,5.4,110
2020-09-19T13:00,19.0,0.00,14.9,77,5.0,111
2020-09-19T14:00,18.8,0.00,15.1,79,4.4,99
2020-09-19T15:00,20.8,0.00,15.4,71,6.3,103
2020-09-19T16:00,23.2,0.00,15.5,62,7.7,118
2020-09-19T17:00,26.3,0.00,15.1,50,9.7,129
2020-09-19T18:00,29.5,0.00,14.1,39,12.6,143
2020-09-19T19:00,32.4,0.00,12.6,30,14.5,157
2020-09-19T20:00,33.4,0.00,12.4,28,14.9,187
2020-09-19T21:00,33.0,0.00,12.4,29,15.5,208
2020-09-19T22:00,32.5,0.00,10.1,25,15.3,214
2020-09-19T23:00,31.2,0.00,10.1,27,15.0,222
2020-09-20T00:00,29.6,0.00,9.2,28,14.8,223
2020-09-20T01:00,26.5,0.00,11.1,38,13.1,233
2020-09-20T02:00,23.9,0.00,12.2,48,9.9,226
2020-09-20T03:00,22.0,0.00,13.3,58,5.8,210
2020-09-20T04:00,20.6,0.00,14.1,66,5.1,188
2020-09-20T05:00,19.5,0.00,14.7,74,4.1,165
2020-09-20T06:00,18.9,0.00,14.9,78,2.3,141
2020-09-20T07:00,18.2,0.00,15.0,82,4.8,132
2020-09-20T08:00,17.8,0.00,14.9,83,3.7,119
2020-09-20T09:00,17.0,0.00,14.8,87,5.1,94
2020-09-20T10:00,16.4,0.00,14.8,90,5.4,82
2020-09-20T11:00,15.6,0.00,14.6,94,5.5,79
2020-09-20T12:00,14.8,0.00,14.6,99,5.8,112
2020-09-20T13:00,14.7,0.00,14.7,100,5.7,108
2020-09-20T14:00,15.6,0.00,15.6,100,5.3,118
2020-09-20T15:00,16.5,0.00,16.3,99,1.8,169
2020-09-20T16:00,18.7,0.00,16.5,87,2.3,141
2020-09-20T17:00,22.0,0.00,15.7,67,5.6,153
2020-09-20T18:00,25.0,0.00,14.8,53,7.0,168
2020-09-20T19:00,28.1,0.00,13.8,41,8.6,178
2020-09-20T20:00,30.5,0.00,13.0,34,10.5,186
2020-09-20T21:00,31.4,0.00,12.7,32,13.4,194
2020-09-20T22:00,30.9,0.00,12.2,32,14.6,200
2020-09-20T23:00,29.5,0.00,12.5,35,14.2,210
2020-09-21T00:00,27.7,0.00,14.0,43,13.0,214
2020-09-21T01:00,24.6,0.00,16.2,60,12.5,226
2020-09-21T02:00,22.0,0.00,16.6,71,10.8,233
2020-09-21T03:00,20.6,0.00,16.9,79,9.0,233
2020-09-21T04:00,19.8,0.00,17.0,84,6.2,234
2020-09-21T05:00,19.1,0.00,17.0,87,3.8,221
2020-09-21T06:00,18.6,0.00,17.0,90,2.9,173
2020-09-21T07:00,18.2,0.00,16.9,92,3.3,139
2020-09-21T08:00,17.5,0.00,16.8,95,2.7,157
2020-09-21T09:00,16.8,0.00,16.7,99,1.8,169
2020-09-21T10:00,16.5,0.00,16.5,100,0.5,45
2020-09-21T11:00,16.3,0.00,16.3,100,0.4,180
2020-09-21T12:00,16.0,0.00,16.0,100,1.4,180
2020-09-21T13:00,16.0,0.00,16.0,100,2.2,180
2020-09-21T14:00,15.7,0.00,15.8,100,2.1,211
2020-09-21T15:00,16.5,0.00,15.8,96,1.5,194
2020-09-21T16:00,18.7,0.00,15.1,80,4.1,165
2020-09-21T17:00,21.2,0.00,14.6,66,6.2,173
2020-09-21T18:00,23.8,0.00,14.5,56,8.3,185
2020-09-21T19:00,26.0,0.00,14.2,48,8.3,185
2020-09-21T20:00,28.2,0.00,14.1,42,8.8,192
2020-09-21T21:00,29.6,0.00,14.1,39,11.1,205
2020-09-21T22:00,29.2,0.00,14.9,42,13.7,215
2020-09-21T23:00,27.9,0.00,15.2,46,14.0,226
2020-09-22T00:00,25.6,0.00,15.9,55,16.3,235
2020-09-22T01:00,23.4,0.00,15.7,62,14.0,235
2020-09-22T02:00,21.4,0.00,16.0,72,11.8,230
2020-09-22T03:00,20.0,0.00,16.4,80,11.5,229
2020-09-22T04:00,19.0,0.00,16.6,86,8.9,220
2020-09-22T05:00,18.5,0.00,16.6,88,6.2,216
2020-09-22T06:00,18.1,0.00,16.6,91,5.0,201
2020-09-22T07:00,17.5,0.00,16.5,94,3.2,180
2020-09-22T08:00,17.0,0.00,16.5,97,2.9,180
2020-09-22T09:00,16.6,0.00,16.4,99,1.3,214
2020-09-22T10:00,16.5,0.00,16.4,99,2.2,261
2020-09-22T11:00,16.2,0.00,16.2,100,1.5,135
2020-09-22T12:00,16.0,0.00,15.9,100,1.6,117
2020-09-22T13:00,16.0,0.00,16.0,100,0.0,270
2020-09-22T14:00,15.6,0.00,15.6,100,3.1,291
2020-09-22T15:00,16.5,0.00,15.9,97,3.3,276
2020-09-22T16:00,18.6,0.00,15.8,84,2.2,180
2020-09-22T17:00,21.6,0.00,15.2,67,4.0,170
2020-09-22T18:00,24.9,0.00,14.6,53,4.9,197
2020-09-22T19:00,28.0,0.00,14.0,42,7.7,208
2020-09-22T20:00,29.6,0.00,13.8,38,10.9,214
2020-09-22T21:00,29.6,0.00,14.1,39,14.3,219
2020-09-22T22:00,28.9,0.00,13.6,39,15.8,227
2020-09-22T23:00,27.7,0.00,12.6,39,16.2,233
2020-09-23T00:00,26.1,0.00,12.8,44,12.5,231
2020-09-23T01:00,24.0,0.00,13.4,52,13.5,228
2020-09-23T02:00,21.4,0.00,14.4,65,11.5,229
2020-09-23T03:00,19.9,0.00,15.4,76,9.2,225
2020-09-23T04:00,18.9,0.00,16.5,86,6.8,205
2020-09-23T05:00,18.2,0.00,16.9,92,4.7,171
2020-09-23T06:00,17.8,0.00,16.9,94,3.8,131
2020-09-23T07:00,17.4,0.00,16.7,96,2.2,81
2020-09-23T08:00,16.9,0.00,16.4,97,3.1,45
2020-09-23T09:00,16.5,0.00,16.0,97,4.7,32
2020-09-23T10:00,16.5,0.00,15.7,95,4.0,350
2020-09-23T11:00,15.9,0.00,15.3,96,3.6,307
2020-09-23T12:00,15.4,0.00,15.4,100,1.8,281
2020-09-23T13:00,15.1,0.00,14.9,99,3.5,294
2020-09-23T14:00,15.2,0.00,15.0,99,1.3,304
2020-09-23T15:00,16.4,0.00,15.2,93,1.5,166
2020-09-23T16:00,19.0,0.00,14.8,77,2.2,171
2020-09-23T17:00,22.2,0.00,13.3,57,2.9,173
2020-09-23T18:00,25.8,0.00,12.4,43,5.2,192
2020-09-23T19:00,28.8,0.00,12.4,36,7.3,213
2020-09-23T20:00,30.9,0.00,13.1,34,11.8,232
2020-09-23T21:00,31.3,0.00,12.7,32,17.1,235
2020-09-23T22:00,30.5,0.00,10.6,29,19.7,235
2020-09-23T23:00,29.5,0.00,10.1,30,19.2,236
2020-09-24T00:00,27.9,0.00,10.2,33,15.8,240
2020-09-24T01:00,25.9,0.00,11.4,40,10.9,236
2020-09-24T02:00,23.0,0.00,13.6,56,7.1,221
2020-09-24T03:00,21.0,0.00,15.2,70,4.0,180
2020-09-24T04:00,20.1,0.00,15.8,76,6.7,126
2020-09-24T05:00,19.9,0.00,15.8,77,7.4,113
2020-09-24T06:00,19.8,0.00,15.6,77,5.2,115
2020-09-24T07:00,18.9,0.00,15.4,80,5.3,118
2020-09-24T08:00,19.0,0.00,15.1,78,4.7,90
2020-09-24T09:00,19.4,0.00,14.9,75,2.6,74
2020-09-24T10:00,19.0,0.00,14.9,77,1.5,225
2020-09-24T11:00,18.2,0.00,15.0,82,2.1,149
2020-09-24T12:00,17.5,0.00,14.6,84,4.0,80
2020-09-24T13:00,17.0,0.00,14.4,85,4.8,77
2020-09-24T14:00,15.9,0.00,13.9,88,6.8,90
2020-09-24T15:00,18.4,0.00,14.4,78,5.2,106
2020-09-24T16:00,21.3,0.00,14.1,63,5.4,132
2020-09-24T17:00,24.4,0.00,12.9,49,5.5,148
2020-09-24T18:00,27.4,0.00,11.8,38,6.4,153
2020-09-24T19:00,30.2,0.00,10.6,30,7.3,169
2020-09-24T20:00,32.2,0.00,11.1,28,9.0,203
2020-09-24T21:00,32.7,0.00,13.0,30,13.0,222
2020-09-24T22:00,31.9,0.00,13.1,32,15.8,227
2020-09-24T23:00,30.1,0.00,11.8,32,16.6,236
2020-09-25T00:00,29.0,0.00,12.6,36,13.9,233
2020-09-25T01:00,26.9,0.00,12.2,40,10.9,243
2020-09-25T02:00,24.5,0.00,12.8,48,8.0,234
2020-09-25T03:00,22.6,0.00,14.3,59,5.8,210
2020-09-25T04:00,21.2,0.00,15.9,72,6.0,155
2020-09-25T05:00,20.5,0.00,17.0,80,6.5,124
2020-09-25T06:00,19.9,0.00,17.3,85,4.3,114
2020-09-25T07:00,19.0,0.00,17.5,91,5.6,135
2020-09-25T08:00,18.5,0.00,17.5,94,3.8,139
2020-09-25T09:00,17.5,0.00,17.1,98,5.4,132
2020-09-25T10:00,17.3,0.00,17.1,99,4.2,110
2020-09-25T11:00,17.0,0.00,17.0,100,3.4,108
2020-09-25T12:00,17.5,0.00,17.2,98,6.8,90
2020-09-25T13:00,17.6,0.00,17.2,98,6.0,107
2020-09-25T14:00,17.4,0.00,17.0,98,4.6,108
2020-09-25T15:00,17.6,0.00,16.7,94,2.9,60
2020-09-25T16:00,19.0,0.00,15.9,82,0.8,153
2020-09-25T17:00,21.2,0.00,15.1,68,1.6,207
2020-09-25T18:00,24.4,0.00,14.6,54,3.5,204
2020-09-25T19:00,27.9,0.00,13.6,41,6.4,207
2020-09-25T20:00,30.4,0.00,13.4,35,10.6,215
2020-09-25T21:00,30.8,0.00,14.4,37,15.3,225
2020-09-25T22:00,29.3,0.00,14.4,40,19.4,235
2020-09-25T23:00,27.5,0.00,13.7,43,17.9,236
2020-09-26T00:00,26.4,0.00,14.7,49,12.2,227
2020-09-26T01:00,24.9,0.00,15.1,54,9.8,234
2020-09-26T02:00,23.0,0.00,15.9,64,8.9,227
2020-09-26T03:00,21.5,0.00,16.5,73,7.9,227
2020-09-26T04:00,20.5,0.00,16.8,79,5.0,210
2020-09-26T05:00,19.7,0.00,17.2,86,4.0,180
2020-09-26T06:00,19.0,0.00,17.5,91,2.3,162
2020-09-26T07:00,18.9,0.00,17.5,92,2.2,171
2020-09-26T08:00,18.0,0.00,17.5,97,3.4,148
2020-09-26T09:00,17.1,0.00,17.0,100,4.1,128
2020-09-26T10:00,17.2,0.00,17.1,100,4.0,117
2020-09-26T11:00,17.2,0.00,17.0,99,5.4,132
2020-09-26T12:00,17.1,0.00,17.0,99,5.9,133
2020-09-26T13:00,17.0,0.00,16.8,99,3.7,119
2020-09-26T14:00,16.8,0.00,16.6,99,3.2,117
2020-09-26T15:00,17.6,0.00,16.5,93,3.0,104
2020-09-26T16:00,19.0,0.00,16.0,82,2.6,106
2020-09-26T17:00,21.5,0.00,15.6,69,3.8,139
2020-09-26T18:00,24.0,0.00,15.6,60,5.2,155
2020-09-26T19:00,26.4,0.00,15.4,51,4.5,166
2020-09-26T20:00,28.8,0.00,15.0,43,6.1,177
2020-09-26T21:00,30.5,0.00,14.6,38,9.4,198
2020-09-26T22:00,30.0,0.00,15.6,42,15.1,218
2020-09-26T23:00,27.8,0.00,15.8,48,16.5,234
2020-09-27T00:00,26.2,0.00,16.4,55,13.3,229
2020-09-27T01:00,24.1,0.00,16.1,61,12.0,229
2020-09-27T02:00,21.9,0.00,16.2,70,8.4,230
2020-09-27T03:00,20.7,0.00,16.7,78,6.3,211
2020-09-27T04:00,20.0,0.00,17.0,83,4.1,195
2020-09-27T05:00,19.6,0.00,17.3,87,3.3,174
2020-09-27T06:00,19.4,0.00,17.4,88,3.1,144
2020-09-27T07:00,18.8,0.00,17.4,92,3.9,158
2020-09-27T08:00,18.1,0.00,17.4,95,3.4,148
2020-09-27T09:00,17.6,0.00,17.4,98,1.8,127
2020-09-27T10:00,17.7,0.00,17.4,98,3.6,90
2020-09-27T11:00,17.5,0.00,17.1,98,4.0,90
2020-09-27T12:00,18.0,0.00,17.5,97,4.8,103
2020-09-27T13:00,17.9,0.00,17.5,97,3.8,73
2020-09-27T14:00,17.8,0.00,17.4,98,2.2,360
2020-09-27T15:00,18.5,0.00,17.4,93,0.5,225
2020-09-27T16:00,19.4,0.00,17.2,88,1.6,207
2020-09-27T17:00,20.8,0.00,17.2,80,2.5,188
2020-09-27T18:00,23.3,0.00,17.0,68,3.2,180
2020-09-27T19:00,26.2,0.00,16.2,54,5.1,188
2020-09-27T20:00,29.1,0.00,15.6,44,7.0,192
2020-09-27T21:00,30.4,0.00,15.9,42,10.3,205
2020-09-27T22:00,29.6,0.00,16.4,45,14.1,218
2020-09-27T23:00,28.2,0.00,15.8,47,14.8,221
2020-09-28T00:00,25.6,0.00,16.8,58,13.8,227
2020-09-28T01:00,23.5,0.00,17.2,68,11.7,227
2020-09-28T02:00,21.4,0.00,17.4,78,9.7,239
2020-09-28T03:00,20.2,0.00,17.5,84,4.0,243
2020-09-28T04:00,19.9,0.00,17.5,86,1.3,214
2020-09-28T05:00,19.5,0.00,17.5,88,2.3,252
2020-09-28T06:00,19.1,0.00,17.5,90,2.6,286
2020-09-28T07:00,18.7,0.00,17.4,92,4.1,322
2020-09-28T08:00,18.3,0.00,17.3,94,3.6,323
2020-09-28T09:00,18.0,0.00,17.2,96,2.5,315
2020-09-28T10:00,17.5,0.00,17.2,98,1.1,18
2020-09-28T11:00,17.1,0.00,17.0,99,2.2,99
2020-09-28T12:00,16.6,0.00,16.7,100,3.6,315
2020-09-28T13:00,16.4,0.00,16.2,99,1.0,135
2020-09-28T14:00,15.9,0.00,15.8,99,2.4,63
2020-09-28T15:00,16.3,0.00,16.0,98,2.9,300
2020-09-28T16:00,17.0,0.00,15.9,93,3.2,270
2020-09-28T17:00,20.6,0.00,15.2,71,4.2,239
2020-09-28T18:00,25.0,0.00,14.7,53,6.1,230
2020-09-28T19:00,28.8,0.00,14.4,42,7.9,227
2020-09-28T20:00,31.2,0.00,13.9,35,9.7,228
2020-09-28T21:00,31.5,0.00,14.1,35,12.6,233
2020-09-28T22:00,30.4,0.00,15.4,41,15.1,230
2020-09-28T23:00,28.9,0.00,16.1,46,15.0,226
2020-09-29T00:00,29.2,0.00,16.5,46,16.5,234
2020-09-29T01:00,25.8,0.00,16.2,56,14.0,228
2020-09-29T02:00,22.0,0.00,16.5,71,11.6,216
2020-09-29T03:00,21.1,0.00,16.7,76,5.0,210
2020-09-29T04:00,20.6,0.00,17.1,80,3.4,212
2020-09-29T05:00,19.9,0.00,17.5,86,2.3,198
2020-09-29T06:00,19.2,0.00,17.6,90,5.0,120
2020-09-29T07:00,18.8,0.00,17.7,93,1.4,180
2020-09-29T08:00,18.5,0.00,17.6,95,2.5,270
2020-09-29T09:00,18.0,0.00,17.5,97,2.5,262
2020-09-29T10:00,18.9,0.00,17.4,91,3.3,283
2020-09-29T11:00,19.2,0.00,17.2,88,3.5,114
2020-09-29T12:00,17.0,0.00,16.9,99,4.1,128
2020-09-29T13:00,16.7,0.00,16.5,99,3.6,90
2020-09-29T14:00,16.6,0.00,15.8,95,3.1,36
2020-09-29T15:00,18.6,0.00,14.6,77,2.9,330
2020-09-29T16:00,21.4,0.00,13.9,62,1.8,270
2020-09-29T17:00,25.2,0.00,12.1,44,2.5,188
2020-09-29T18:00,29.7,0.00,10.8,31,2.3,198
2020-09-29T19:00,33.9,0.00,7.8,20,4.3,204
2020-09-29T20:00,36.5,0.00,7.2,17,9.8,216
2020-09-29T21:00,36.2,0.00,9.4,20,17.1,226
2020-09-29T22:00,35.0,0.00,8.1,19,20.2,231
2020-09-29T23:00,34.5,0.00,8.6,20,19.5,232
2020-09-30T00:00,33.0,0.00,10.1,24,9.4,227
2020-09-30T01:00,30.5,0.00,11.4,31,5.6,220
2020-09-30T02:00,27.1,0.00,13.5,43,5.5,203
2020-09-30T03:00,25.8,0.00,14.7,50,4.0,100
2020-09-30T04:00,25.8,0.00,14.6,50,3.7,79
2020-09-30T05:00,26.0,0.00,13.6,46,2.5,45
2020-09-30T06:00,23.6,0.00,11.4,46,6.6,68
2020-09-30T07:00,22.6,0.00,9.9,45,6.5,84
2020-09-30T08:00,23.8,0.00,8.4,38,1.9,22
2020-09-30T09:00,25.6,0.00,6.9,30,2.1,31
2020-09-30T10:00,23.5,0.00,4.8,30,4.4,35
2020-09-30T11:00,23.3,0.00,2.4,25,5.2,25
2020-09-30T12:00,22.4,0.00,2.8,28,3.8,41
2020-09-30T13:00,20.6,0.00,2.0,29,5.4,48
2020-09-30T14:00,19.8,0.00,0.8,28,6.0,33
2020-09-30T15:00,23.3,0.00,0.6,22,3.8,17
2020-09-30T16:00,29.6,0.00,1.1,16,3.5,66
2020-09-30T17:00,34.0,0.00,0.1,12,4.9,144
2020-09-30T18:00,37.5,0.00,0.3,10,8.4,190
2020-09-30T19:00,41.0,0.00,0.2,8,8.0,198
2020-09-30T20:00,39.9,0.00,4.9,12,23.2,226
2020-09-30T21:00,38.1,0.00,8.1,16,25.2,227
2020-09-30T22:00,37.0,0.00,9.0,18,25.0,229
2020-09-30T23:00,36.7,0.00,6.8,16,24.8,230
2020-10-01T00:00,34.5,0.00,5.1,16,16.6,240
2020-10-01T01:00,33.8,0.00,5.6,17,8.8,235
2020-10-01T02:00,32.1,0.00,6.3,20,2.5,172
2020-10-01T03:00,31.2,0.00,7.5,23,1.3,124
2020-10-01T04:00,28.2,0.00,8.2,28,9.1,83
2020-10-01T05:00,25.5,0.00,6.8,30,6.5,71
2020-10-01T06:00,24.4,0.00,6.1,31,7.2,84
2020-10-01T07:00,24.0,0.00,7.2,34,6.0,65
2020-10-01T08:00,23.6,0.00,5.5,31,6.6,49
2020-10-01T09:00,25.0,0.00,3.5,25,4.9,36
2020-10-01T10:00,27.4,0.00,2.2,20,3.6,6
2020-10-01T11:00,29.0,0.00,1.9,17,4.0,355
2020-10-01T12:00,28.3,0.00,2.0,18,3.6,53
2020-10-01T13:00,23.1,0.00,1.5,24,8.2,75
2020-10-01T14:00,23.2,0.00,0.6,22,6.1,62
2020-10-01T15:00,25.0,0.00,1.1,21,3.4,58
2020-10-01T16:00,27.0,0.00,-0.6,16,1.5,135
2020-10-01T17:00,30.0,0.00,-0.9,13,2.1,149
2020-10-01T18:00,33.5,0.00,-0.4,11,2.9,150
2020-10-01T19:00,36.5,0.00,0.2,10,4.2,160
2020-10-01T20:00,39.0,0.00,1.0,9,5.9,191
2020-10-01T21:00,40.5,0.00,1.0,9,9.1,214
2020-10-01T22:00,39.7,0.00,3.9,11,15.1,218
2020-10-01T23:00,36.9,0.00,4.4,13,18.4,230
2020-10-02T00:00,36.1,0.00,2.8,13,14.0,241
2020-10-02T01:00,32.5,0.00,5.8,19,10.0,249
2020-10-02T02:00,29.9,0.00,9.2,28,6.6,257
2020-10-02T03:00,29.1,0.00,10.6,32,1.9,202
2020-10-02T04:00,26.5,0.00,12.8,43,10.9,146
2020-10-02T05:00,24.9,0.00,11.7,44,7.0,102
2020-10-02T06:00,24.4,0.00,10.2,41,7.5,73
2020-10-02T07:00,24.1,0.00,8.9,38,6.8,58
2020-10-02T08:00,24.6,0.00,7.6,34,7.0,55
2020-10-02T09:00,26.1,0.00,6.3,28,4.5,29
2020-10-02T10:00,27.1,0.00,5.4,25,4.1,52
2020-10-02T11:00,25.1,0.00,3.0,24,6.8,87
2020-10-02T12:00,21.9,0.00,-1.3,21,9.0,67
2020-10-02T13:00,24.2,0.00,-1.8,18,7.7,49
2020-10-02T14:00,24.0,0.00,-1.2,19,7.8,56
2020-10-02T15:00,24.3,0.00,-2.0,17,4.9,73
2020-10-02T16:00,26.0,0.00,0.1,18,5.6,105
2020-10-02T17:00,28.5,0.00,3.5,20,5.9,104
2020-10-02T18:00,31.6,0.00,4.3,18,5.6,135
2020-10-02T19:00,34.5,0.00,5.2,16,6.6,158
2020-10-02T20:00,37.0,0.00,5.3,14,7.6,177
2020-10-02T21:00,38.1,0.00,6.6,15,10.5,202
2020-10-02T22:00,37.0,0.00,10.0,20,13.8,221
2020-10-02T23:00,34.8,0.00,8.5,20,14.7,239
2020-10-03T00:00,33.4,0.00,8.4,21,13.0,246
2020-10-03T01:00,30.4,0.00,10.7,30,10.5,221
2020-10-03T02:00,26.7,0.00,12.9,42,9.3,196
2020-10-03T03:00,24.9,0.00,13.7,50,4.7,180
2020-10-03T04:00,23.8,0.00,14.1,55,2.5,180
2020-10-03T05:00,23.4,0.00,14.1,56,10.9,96
2020-10-03T06:00,23.5,0.00,12.8,51,5.9,43
2020-10-03T07:00,23.5,0.00,8.9,40,7.0,21
2020-10-03T08:00,26.4,0.00,5.1,26,5.4,48
2020-10-03T09:00,24.6,0.00,4.7,28,6.3,103
2020-10-03T10:00,21.5,0.00,6.4,38,7.7,143
2020-10-03T11:00,20.0,0.00,10.5,54,6.1,152
2020-10-03T12:00,18.6,0.00,13.1,70,6.4,133
2020-10-03T13:00,18.1,0.00,12.1,68,7.3,123
2020-10-03T14:00,19.4,0.00,12.2,64,3.5,156
2020-10-03T15:00,20.3,0.00,10.8,54,3.3,103
2020-10-03T16:00,23.5,0.00,6.1,32,3.1,54
2020-10-03T17:00,26.8,0.00,5.9,26,3.7,101
2020-10-03T18:00,30.0,0.00,6.4,23,5.0,120
2020-10-03T19:00,33.0,0.00,6.6,19,5.2,146
2020-10-03T20:00,35.5,0.00,7.1,17,7.2,180
2020-10-03T21:00,36.8,0.00,7.4,17,11.0,203
2020-10-03T22:00,35.8,0.00,9.4,20,14.5,226
2020-10-03T23:00,33.6,0.00,8.6,21,16.4,241
2020-10-04T00:00,31.6,0.00,8.4,24,16.2,233
2020-10-04T01:00,28.3,0.00,10.3,33,12.6,233
2020-10-04T02:00,25.9,0.00,12.1,43,6.9,231
2020-10-04T03:00,24.0,0.00,14.8,56,6.2,201
2020-10-04T04:00,22.4,0.00,16.8,71,7.2,127
2020-10-04T05:00,22.5,0.00,16.5,69,7.1,114
2020-10-04T06:00,21.7,0.00,16.5,72,5.6,117
2020-10-04T07:00,21.1,0.00,16.3,74,5.6,117
2020-10-04T08:00,20.6,0.00,16.0,75,5.2,106
2020-10-04T09:00,20.8,0.00,15.6,72,2.3,51
2020-10-04T10:00,19.7,0.00,15.3,76,2.3,342
2020-10-04T11:00,18.8,0.00,13.6,72,5.2,16
2020-10-04T12:00,20.1,0.00,11.3,57,5.4,53
2020-10-04T13:00,21.6,0.00,9.8,47,5.8,94
2020-10-04T14:00,21.2,0.00,9.0,45,2.3,18
2020-10-04T15:00,21.3,0.00,9.5,47,1.5,256
2020-10-04T16:00,24.6,0.00,9.0,37,1.6,297
2020-10-04T17:00,28.4,0.00,6.3,25,1.6,117
2020-10-04T18:00,31.2,0.00,5.7,20,2.9,150
2020-10-04T19:00,33.5,0.00,5.2,17,6.5,174
2020-10-04T20:00,35.0,0.00,4.2,15,8.8,192
2020-10-04T21:00,35.7,0.00,4.8,15,11.4,215
2020-10-04T22:00,35.9,0.00,4.9,15,11.7,223
2020-10-04T23:00,35.3,0.00,3.7,14,15.0,228
2020-10-05T00:00,32.8,0.00,5.2,18,17.0,234
2020-10-05T01:00,29.3,0.00,6.1,23,11.8,250
2020-10-05T02:00,28.0,0.00,6.6,26,5.4,250
2020-10-05T03:00,26.5,0.00,8.9,33,5.3,208
2020-10-05T04:00,24.3,0.00,12.4,47,6.2,190
2020-10-05T05:00,22.8,0.00,14.6,60,3.8,163
2020-10-05T06:00,21.6,0.00,16.5,73,3.8,197
2020-10-05T07:00,21.7,0.00,17.1,75,2.3,129
2020-10-05T08:00,20.7,0.00,17.3,81,3.8,107
2020-10-05T09:00,20.8,0.00,15.4,72,2.7,23
2020-10-05T10:00,22.9,0.00,11.2,48,2.2,360
2020-10-05T11:00,23.5,0.00,8.4,38,2.6,16
2020-10-05T12:00,23.0,0.00,7.4,37,2.6,56
2020-10-05T13:00,22.3,0.00,7.1,37,3.0,194
2020-10-05T14:00,21.5,0.00,8.1,42,4.0,275
2020-10-05T15:00,21.5,0.00,8.6,43,2.6,286
2020-10-05T16:00,23.7,0.00,9.4,40,1.6,207
2020-10-05T17:00,27.1,0.00,10.4,35,2.5,188
2020-10-05T18:00,30.5,0.00,7.7,24,3.6,186
2020-10-05T19:00,33.0,0.00,6.1,19,5.9,194
2020-10-05T20:00,34.8,0.00,5.8,17,9.5,209
2020-10-05T21:00,35.2,0.00,6.7,17,14.0,226
2020-10-05T22:00,34.5,0.00,5.4,16,16.6,231
2020-10-05T23:00,31.2,0.00,7.1,22,18.0,237
2020-10-06T00:00,29.5,0.00,8.9,28,15.0,243
2020-10-06T01:00,27.6,0.00,9.5,32,10.4,236
2020-10-06T02:00,23.9,0.00,14.1,55,10.0,232
2020-10-06T03:00,22.4,0.00,16.8,71,3.2,207
2020-10-06T04:00,21.3,0.00,17.7,80,5.2,124
2020-10-06T05:00,20.8,0.00,17.4,81,5.2,102
2020-10-06T06:00,20.2,0.00,16.7,80,4.3,95
2020-10-06T07:00,19.5,0.00,15.9,80,5.5,113
2020-10-06T08:00,18.7,0.00,14.9,78,7.3,79
2020-10-06T09:00,19.3,0.00,13.2,68,6.9,84
2020-10-06T10:00,20.2,0.00,13.4,65,6.3,114
2020-10-06T11:00,19.1,0.00,14.4,74,3.6,225
2020-10-06T12:00,17.0,0.00,12.2,74,3.3,354
2020-10-06T13:00,18.7,0.00,9.6,56,5.7,55
2020-10-06T14:00,18.3,0.00,8.6,53,6.4,106
2020-10-06T15:00,18.4,0.00,9.6,57,3.6,186
2020-10-06T16:00,20.7,0.00,11.4,55,0.8,27
2020-10-06T17:00,24.1,0.00,10.9,43,1.0,135
2020-10-06T18:00,26.9,0.00,9.6,34,2.5,180
2020-10-06T19:00,29.0,0.00,9.2,29,3.8,163
2020-10-06T20:00,31.5,0.00,7.8,23,5.5,157
2020-10-06T21:00,33.5,0.00,6.3,18,9.7,195
2020-10-06T22:00,33.4,0.00,8.6,22,13.3,218
2020-10-06T23:00,31.1,0.00,11.1,29,17.1,224
2020-10-07T00:00,28.1,0.00,11.6,36,16.3,235
2020-10-07T01:00,25.7,0.00,11.9,42,7.8,248
2020-10-07T02:00,24.3,0.00,12.6,48,6.1,225
2020-10-07T03:00,22.8,0.00,14.6,60,5.2,205
2020-10-07T04:00,21.2,0.00,16.0,72,3.5,204
2020-10-07T05:00,19.9,0.00,17.0,84,3.0,194
2020-10-07T06:00,19.0,0.00,17.6,92,4.3,175
2020-10-07T07:00,18.2,0.00,17.7,97,5.1,172
2020-10-07T08:00,17.8,0.00,17.5,98,4.9,126
2020-10-07T09:00,17.4,0.00,17.2,99,4.2,110
2020-10-07T10:00,16.6,0.00,16.4,98,5.5,101
2020-10-07T11:00,17.1,0.00,16.5,96,3.9,124
2020-10-07T12:00,15.6,0.00,15.6,100,5.2,106
2020-10-07T13:00,15.1,0.00,14.8,98,5.4,82
2020-10-07T14:00,15.2,0.00,14.0,93,3.9,68
2020-10-07T15:00,16.7,0.00,14.1,85,1.8,79
2020-10-07T16:00,19.5,0.00,15.9,80,1.9,158
2020-10-07T17:00,22.8,0.00,14.9,61,4.6,162
2020-10-07T18:00,26.0,0.00,13.4,46,6.2,173
2020-10-07T19:00,28.8,0.00,12.3,36,7.6,185
2020-10-07T20:00,30.5,0.00,11.8,32,10.4,200
2020-10-07T21:00,30.5,0.00,13.2,35,14.1,212
2020-10-07T22:00,29.0,0.00,14.2,40,16.2,217
2020-10-07T23:00,27.3,0.00,14.6,46,15.5,224
2020-10-08T00:00,24.8,0.00,15.6,57,15.3,225
2020-10-08T01:00,22.2,0.00,16.2,69,12.0,231
2020-10-08T02:00,20.6,0.00,16.6,78,10.5,232
2020-10-08T03:00,19.9,0.00,16.5,81,6.9,227
2020-10-08T04:00,19.3,0.00,16.8,85,5.1,219
2020-10-08T05:00,18.9,0.00,17.1,89,4.0,185
2020-10-08T06:00,18.5,0.00,17.3,93,3.1,144
2020-10-08T07:00,18.1,0.00,17.3,95,3.2,153
2020-10-08T08:00,17.8,0.00,17.3,97,4.7,157
2020-10-08T09:00,18.0,0.00,17.4,96,2.6,146
2020-10-08T10:00,18.0,0.00,17.3,96,2.1,149
2020-10-08T11:00,18.0,0.00,17.2,95,2.9,210
2020-10-08T12:00,16.8,0.00,16.4,97,3.6,323
2020-10-08T13:00,16.8,0.00,16.3,97,3.8,311
2020-10-08T14:00,16.5,0.00,16.2,98,3.5,336
2020-10-08T15:00,17.6,0.00,16.0,90,3.4,302
2020-10-08T16:00,19.0,0.00,15.8,81,2.3,288
2020-10-08T17:00,20.8,0.00,15.1,70,2.1,239
2020-10-08T18:00,22.5,0.00,14.7,61,4.1,165
2020-10-08T19:00,24.2,0.00,14.2,53,8.1,167
2020-10-08T20:00,25.5,0.00,13.9,49,9.4,187
2020-10-08T21:00,26.0,0.00,14.4,49,13.4,216
2020-10-08T22:00,25.0,0.00,15.2,55,15.3,231
2020-10-08T23:00,24.3,0.00,15.2,57,13.8,227
2020-10-09T00:00,23.0,0.00,15.1,61,14.8,231
2020-10-09T01:00,21.0,0.00,15.1,69,14.3,236
2020-10-09T02:00,19.6,0.00,15.0,75,10.3,245
2020-10-09T03:00,19.0,0.00,15.1,78,7.3,237
2020-10-09T04:00,18.6,0.00,15.5,82,4.8,207
2020-10-09T05:00,18.1,0.00,15.7,86,4.0,153
2020-10-09T06:00,17.6,0.00,15.8,89,4.7,113
2020-10-09T07:00,17.1,0.00,15.5,90,5.4,98
2020-10-09T08:00,16.8,0.00,15.2,91,5.4,94
2020-10-09T09:00,16.5,0.00,14.9,90,6.1,87
2020-10-09T10:00,16.1,0.00,14.9,92,6.9,84
2020-10-09T11:00,16.0,0.00,14.9,93,7.7,79
2020-10-09T12:00,16.0,0.00,15.2,95,2.9,83
2020-10-09T13:00,16.4,0.00,15.2,93,4.8,42
2020-10-09T14:00,16.4,0.00,15.1,92,4.8,27
2020-10-09T15:00,17.4,0.00,15.1,86,4.5,29
2020-10-09T16:00,19.1,0.00,15.2,78,3.0,76
2020-10-09T17:00,20.8,0.00,13.9,65,5.1,135
2020-10-09T18:00,22.8,0.00,13.5,56,7.8,146
2020-10-09T19:00,24.4,0.00,13.2,50,8.0,162
2020-10-09T20:00,25.5,0.00,13.3,47,9.8,186
2020-10-09T21:00,26.1,0.00,13.8,47,13.5,214
2020-10-09T22:00,25.7,0.00,14.6,50,12.6,217
2020-10-09T23:00,25.1,0.00,14.9,53,13.5,214
2020-10-10T00:00,22.7,0.00,15.6,64,14.9,217
2020-10-10T01:00,20.9,0.00,15.7,72,13.2,241
2020-10-10T02:00,19.8,0.00,15.6,77,10.2,262
2020-10-10T03:00,19.5,0.00,15.6,78,7.2,270
2020-10-10T04:00,19.1,0.00,15.6,80,5.1,262
2020-10-10T05:00,18.8,0.00,15.6,82,2.1,239
2020-10-10T06:00,18.4,0.00,15.6,84,2.3,162
2020-10-10T07:00,18.1,0.00,15.4,84,2.5,172
2020-10-10T08:00,17.7,0.00,15.5,87,1.8,127
2020-10-10T09:00,17.6,0.00,15.5,88,5.4,110
2020-10-10T10:00,17.3,0.00,15.5,89,5.8,112
2020-10-10T11:00,17.3,0.00,15.4,89,7.8,112
2020-10-10T12:00,17.8,0.00,16.0,90,5.6,117
2020-10-10T13:00,18.0,0.00,16.0,88,4.0,100
2020-10-10T14:00,17.9,0.00,16.0,89,2.7,67
2020-10-10T15:00,18.7,0.00,15.9,84,2.2,90
2020-10-10T16:00,20.0,0.00,15.6,76,4.2,121
2020-10-10T17:00,21.5,0.00,15.1,67,5.3,152
2020-10-10T18:00,22.5,0.00,15.0,63,5.9,142
2020-10-10T19:00,24.0,0.00,14.6,56,7.9,150
2020-10-10T20:00,25.4,0.00,14.3,50,8.8,168
2020-10-10T21:00,26.2,0.00,14.4,48,12.9,203
2020-10-10T22:00,24.9,0.00,15.2,55,16.5,224
2020-10-10T23:00,24.3,0.00,15.1,57,13.0,222
2020-10-11T00:00,23.1,0.00,16.0,65,15.8,227
2020-10-11T01:00,21.5,0.00,15.6,69,14.1,230
2020-10-11T02:00,20.5,0.00,15.4,72,10.5,239
2020-10-11T03:00,20.0,0.00,15.6,75,7.7,242
2020-10-11T04:00,19.7,0.00,15.9,79,6.1,230
2020-10-11T05:00,19.5,0.00,16.1,81,3.6,180
2020-10-11T06:00,19.0,0.00,16.2,84,1.9,158
2020-10-11T07:00,18.6,0.00,16.2,86,2.1,149
2020-10-11T08:00,17.8,0.00,16.2,91,3.7,101
2020-10-11T09:00,17.4,0.00,16.1,92,4.0,80
2020-10-11T10:00,16.9,0.00,16.0,94,4.5,61
2020-10-11T11:00,16.5,0.00,15.8,96,4.3,66
2020-10-11T12:00,16.0,0.00,15.4,96,4.7,90
2020-10-11T13:00,15.8,0.00,15.4,97,6.9,81
2020-10-11T14:00,15.6,0.00,15.4,98,7.9,87
2020-10-11T15:00,16.9,0.00,15.6,92,9.1,83
2020-10-11T16:00,18.4,0.00,15.3,82,6.3,77
2020-10-11T17:00,19.9,0.00,14.6,72,3.9,124
2020-10-11T18:00,22.2,0.00,14.1,60,5.1,141
2020-10-11T19:00,24.4,0.00,13.6,51,4.0,170
2020-10-11T20:00,26.2,0.00,13.3,45,4.9,216
2020-10-11T21:00,27.4,0.00,13.6,43,6.7,216
2020-10-11T22:00,27.9,0.00,14.4,44,9.2,225
2020-10-11T23:00,26.7,0.00,15.2,49,15.0,235
2020-10-12T00:00,23.8,0.00,16.3,63,12.2,246
2020-10-12T01:00,22.3,0.00,16.3,69,10.5,264
2020-10-12T02:00,20.5,0.00,16.2,77,9.4,274
2020-10-12T03:00,19.5,0.00,16.2,81,6.1,267
2020-10-12T04:00,18.9,0.00,16.2,84,0.4,180
2020-10-12T05:00,18.5,0.00,16.2,87,6.0,57
2020-10-12T06:00,18.2,0.00,16.2,88,6.4,43
2020-10-12T07:00,18.0,0.00,16.0,88,5.6,27
2020-10-12T08:00,17.8,0.00,15.2,85,5.8,22
2020-10-12T09:00,18.0,0.00,14.4,79,5.6,50
2020-10-12T10:00,17.6,0.00,13.5,77,5.9,52
2020-10-12T11:00,17.5,0.00,12.5,72,6.5,357
2020-10-12T12:00,19.4,0.00,12.4,64,2.4,27
2020-10-12T13:00,19.8,0.00,11.2,58,3.6,90
2020-10-12T14:00,19.5,0.00,11.4,60,2.3,288
2020-10-12T15:00,19.8,0.00,12.3,62,3.8,287
2020-10-12T16:00,22.5,0.00,11.7,51,2.7,293
2020-10-12T17:00,25.9,0.00,10.3,38,0.8,63
2020-10-12T18:00,29.4,0.00,9.4,29,1.5,135
2020-10-12T19:00,32.7,0.00,7.3,21,2.9,180
2020-10-12T20:00,35.0,0.00,7.8,19,6.7,216
2020-10-12T21:00,35.5,0.00,8.6,19,10.9,226
2020-10-12T22:00,34.5,0.00,8.5,20,15.8,235
2020-10-12T23:00,32.8,0.00,7.9,21,16.8,247
2020-10-13T00:00,32.2,0.00,7.4,21,13.4,256
2020-10-13T01:00,30.4,0.00,9.6,28,7.3,250
2020-10-13T02:00,27.0,0.00,12.2,40,3.6,233
2020-10-13T03:00,25.1,0.00,14.2,51,5.4,262
2020-10-13T04:00,26.3,0.00,13.4,45,3.3,264
2020-10-13T05:00,24.2,0.00,14.2,53,4.8,117
2020-10-13T06:00,22.5,0.00,14.9,62,6.2,100
2020-10-13T07:00,21.5,0.00,13.4,60,6.2,80
2020-10-13T08:00,21.2,0.00,9.6,48,6.5,93
2020-10-13T09:00,20.3,0.00,8.1,46,7.9,93
2020-10-13T10:00,19.1,0.00,8.4,50,10.0,111
2020-10-13T11:00,19.3,0.00,9.2,52,6.9,84
2020-10-13T12:00,19.9,0.00,7.8,46,5.1,39
2020-10-13T13:00,21.2,0.00,5.8,37,3.3,347
2020-10-13T14:00,20.1,0.00,4.6,36,7.3,340
2020-10-13T15:00,23.9,0.00,4.1,28,3.3,354
2020-10-13T16:00,27.0,0.00,4.1,23,1.9,158
2020-10-13T17:00,30.0,0.00,4.3,20,3.8,163
2020-10-13T18:00,32.7,0.00,3.0,15,5.8,180
2020-10-13T19:00,34.8,0.00,2.7,13,6.5,186
2020-10-13T20:00,36.3,0.00,3.5,13,7.8,214
2020-10-13T21:00,37.1,0.00,4.5,13,11.8,232
2020-10-13T22:00,36.2,0.00,5.8,15,17.5,238
2020-10-13T23:00,33.5,0.00,6.7,19,19.2,242
2020-10-14T00:00,31.1,0.00,6.2,21,13.7,235
2020-10-14T01:00,28.0,0.00,8.5,29,7.4,241
2020-10-14T02:00,26.2,0.00,9.6,35,3.4,238
2020-10-14T03:00,24.9,0.00,10.2,40,3.9,248
2020-10-14T04:00,24.7,0.00,10.3,40,1.4,270
2020-10-14T05:00,22.7,0.00,11.4,49,6.3,114
2020-10-14T06:00,21.5,0.00,12.2,55,7.9,90
2020-10-14T07:00,21.0,0.00,11.4,54,7.9,87
2020-10-14T08:00,21.1,0.00,8.3,44,6.6,45
2020-10-14T09:00,23.6,0.00,5.7,31,2.3,18
2020-10-14T10:00,22.9,0.00,4.4,30,3.3,354
2020-10-14T11:00,24.9,0.00,3.2,24,1.8,360
2020-10-14T12:00,23.7,0.00,4.2,28,5.4,48
2020-10-14T13:00,24.1,0.00,3.6,26,0.7,360
2020-10-14T14:00,24.1,0.00,3.4,26,2.5,8
2020-10-14T15:00,21.9,0.00,4.2,32,6.6,351
2020-10-14T16:00,26.9,0.00,3.5,22,1.8,270
2020-10-14T17:00,29.4,0.00,2.8,18,5.2,164
2020-10-14T18:00,31.3,0.00,1.6,15,7.2,153
2020-10-14T19:00,32.9,0.00,2.9,15,9.0,157
2020-10-14T20:00,34.5,0.00,4.9,16,7.2,174
2020-10-14T21:00,35.3,0.00,6.2,17,8.7,197
2020-10-14T22:00,35.2,0.00,7.6,18,10.1,215
2020-10-14T23:00,34.5,0.00,8.5,20,10.9,226
2020-10-15T00:00,33.1,0.00,6.3,19,11.8,230
2020-10-15T01:00,29.3,0.00,5.7,22,13.6,230
2020-10-15T02:00,25.9,0.00,7.2,31,8.4,230
2020-10-15T03:00,24.0,0.00,9.8,40,2.9,263
2020-10-15T04:00,22.8,0.00,9.8,44,3.0,166
2020-10-15T05:00,21.4,0.00,11.8,54,5.4,143
2020-10-15T06:00,20.9,0.00,12.8,60,6.1,130
2020-10-15T07:00,20.0,0.00,13.6,67,6.4,106
2020-10-15T08:00,19.4,0.00,13.8,70,6.5,96
2020-10-15T09:00,18.0,0.00,13.8,76,6.9,81
2020-10-15T10:00,17.7,0.00,12.6,72,7.1,49
2020-10-15T11:00,17.5,0.00,10.9,65,7.9,39
2020-10-15T12:00,18.4,0.00,9.2,55,11.9,55
2020-10-15T13:00,21.6,0.00,6.0,36,7.5,35
2020-10-15T14:00,23.4,0.00,3.7,28,4.7,4
2020-10-15T15:00,22.0,0.00,3.8,30,4.7,337
2020-10-15T16:00,26.8,0.00,3.0,22,3.6,315
2020-10-15T17:00,30.0,0.00,3.8,19,1.4,360
2020-10-15T18:00,32.6,0.00,3.0,15,1.8,191
2020-10-15T19:00,34.7,0.00,2.3,13,5.5,212
2020-10-15T20:00,36.0,0.00,2.2,12,9.0,217
2020-10-15T21:00,36.1,0.00,3.7,13,13.0,222
2020-10-15T22:00,34.7,0.00,4.2,15,15.7,233
2020-10-15T23:00,33.0,0.00,4.1,16,14.2,243
2020-10-16T00:00,31.2,0.00,6.2,21,12.7,241
2020-10-16T01:00,28.0,0.00,9.2,31,8.7,240
2020-10-16T02:00,26.0,0.00,12.1,42,5.5,238
2020-10-16T03:00,24.7,0.00,14.1,52,1.9,202
2020-10-16T04:00,23.4,0.00,15.5,61,2.6,124
2020-10-16T05:00,22.2,0.00,15.8,67,3.8,107
2020-10-16T06:00,21.5,0.00,14.2,63,5.1,94
2020-10-16T07:00,21.0,0.00,11.8,55,4.5,76
2020-10-16T08:00,20.3,0.00,10.6,54,6.0,73
2020-10-16T09:00,21.4,0.00,10.6,50,5.4,94
2020-10-16T10:00,19.5,0.00,11.1,58,7.9,114
2020-10-16T11:00,18.5,0.00,11.4,63,7.0,102
2020-10-16T12:00,18.1,0.00,9.2,56,7.9,87
2020-10-16T13:00,21.5,0.00,6.8,38,3.7,101
2020-10-16T14:00,18.6,0.00,7.3,48,6.9,129
2020-10-16T15:00,20.0,0.00,8.3,47,5.9,128
2020-10-16T16:00,21.6,0.00,8.6,43,5.6,153
2020-10-16T17:00,24.4,0.00,6.9,33,4.7,171
2020-10-16T18:00,27.6,0.00,8.3,30,5.2,192
2020-10-16T19:00,31.3,0.00,9.4,26,6.2,201
2020-10-16T20:00,34.5,0.00,6.8,18,8.1,201
2020-10-16T21:00,35.8,0.00,6.5,16,10.0,210
2020-10-16T22:00,35.0,0.00,9.2,21,14.0,226
2020-10-16T23:00,32.0,0.00,9.9,26,16.4,244
2020-10-17T00:00,30.0,0.00,7.2,24,12.9,247
2020-10-17T01:00,26.7,0.00,9.8,34,5.9,227
2020-10-17T02:00,24.5,0.00,11.8,45,5.1,176
2020-10-17T03:00,23.5,0.00,12.9,51,5.9,133
2020-10-17T04:00,23.1,0.00,13.1,54,3.0,76
2020-10-17T05:00,22.8,0.00,10.3,45,5.6,63
2020-10-17T06:00,22.9,0.00,8.3,39,6.1,62
2020-10-17T07:00,22.0,0.00,7.8,40,8.5,62
2020-10-17T08:00,22.3,0.00,6.4,36,8.4,65
2020-10-17T09:00,22.1,0.00,5.1,33,8.8,102
2020-10-17T10:00,20.4,0.00,5.6,38,9.1,124
2020-10-17T11:00,19.6,0.00,5.7,40,8.5,118
2020-10-17T12:00,18.9,0.00,3.6,36,9.6,103
2020-10-17T13:00,19.4,0.00,3.2,34,8.0,100
2020-10-17T14:00,19.5,0.00,1.1,29,7.9,93
2020-10-17T15:00,19.8,0.00,2.0,31,4.7,99
2020-10-17T16:00,22.9,0.00,6.9,36,4.7,90
2020-10-17T17:00,25.6,0.00,13.6,47,5.6,117
2020-10-17T18:00,28.5,0.00,12.9,38,5.6,140
2020-10-17T19:00,31.0,0.00,11.9,31,6.9,174
2020-10-17T20:00,32.6,0.00,11.9,28,9.7,202
2020-10-17T21:00,33.0,0.00,13.1,30,11.3,217
2020-10-17T22:00,32.8,0.00,12.7,30,11.2,222
2020-10-17T23:00,32.1,0.00,11.2,28,11.7,223
2020-10-18T00:00,29.5,0.00,12.8,36,13.5,214
2020-10-18T01:00,25.9,0.00,14.2,49,11.5,229
2020-10-18T02:00,23.4,0.00,15.6,62,7.4,203
2020-10-18T03:00,21.9,0.00,17.0,74,5.9,194
2020-10-18T04:00,21.2,0.00,17.7,80,5.7,162
2020-10-18T05:00,20.9,0.00,17.8,83,5.6,140
2020-10-18T06:00,20.2,0.00,17.5,84,4.9,107
2020-10-18T07:00,19.5,0.00,17.5,89,4.7,90
2020-10-18T08:00,18.5,0.00,17.4,93,5.0,120
2020-10-18T09:00,17.5,0.00,16.9,96,6.8,115
2020-10-18T10:00,17.7,0.00,16.7,94,3.7,61
2020-10-18T11:00,17.2,0.00,16.4,95,3.1,36
2020-10-18T12:00,17.2,0.00,15.9,92,5.1,82
2020-10-18T13:00,15.9,0.00,15.2,96,7.0,111
2020-10-18T14:00,15.4,0.00,14.9,97,7.9,87
2020-10-18T15:00,17.0,0.00,15.6,91,5.4,86
2020-10-18T16:00,19.5,0.00,14.1,71,5.1,86
2020-10-18T17:00,22.6,0.00,12.3,52,6.2,97
2020-10-18T18:00,25.0,0.00,12.6,46,6.4,117
2020-10-18T19:00,27.3,0.00,12.8,41,5.6,130
2020-10-18T20:00,29.5,0.00,12.9,36,4.4,171
2020-10-18T21:00,30.9,0.00,13.2,34,8.2,218
2020-10-18T22:00,30.4,0.00,14.1,37,13.2,227
2020-10-18T23:00,28.1,0.00,13.8,41,15.6,232
2020-10-19T00:00,25.9,0.00,14.6,50,11.5,226
2020-10-19T01:00,24.1,0.00,14.2,54,7.6,225
2020-10-19T02:00,22.6,0.00,15.2,63,5.6,207
2020-10-19T03:00,21.6,0.00,15.9,70,5.2,168
2020-10-19T04:00,21.0,0.00,16.2,74,5.2,146
2020-10-19T05:00,20.3,0.00,16.3,78,5.4,132
2020-10-19T06:00,19.5,0.00,16.2,82,7.6,98
2020-10-19T07:00,18.6,0.00,16.1,86,9.7,90
2020-10-19T08:00,17.7,0.00,16.1,91,9.0,92
2020-10-19T09:00,17.1,0.00,16.1,94,9.6,77
2020-10-19T10:00,16.6,0.00,15.9,95,8.3,85
2020-10-19T11:00,16.1,0.00,15.4,96,7.1,75
2020-10-19T12:00,16.6,0.00,16.0,97,9.0,74
2020-10-19T13:00,16.8,0.00,16.2,97,8.3,95
2020-10-19T14:00,17.2,0.00,16.5,96,6.6,99
2020-10-19T15:00,17.6,0.00,16.4,92,7.6,98
2020-10-19T16:00,18.5,0.00,16.2,86,7.6,93
2020-10-19T17:00,19.6,0.00,15.7,78,5.1,98
2020-10-19T18:00,22.2,0.00,15.1,64,3.8,107
2020-10-19T19:00,24.7,0.00,14.6,53,3.2,153
2020-10-19T20:00,27.2,0.00,14.4,45,5.1,219
2020-10-19T21:00,28.0,0.00,14.8,44,12.9,240
2020-10-19T22:00,26.9,0.00,15.0,48,14.1,238
2020-10-19T23:00,26.1,0.00,14.9,50,11.2,228
2020-10-20T00:00,24.4,0.00,16.5,62,13.0,219
2020-10-20T01:00,22.0,0.00,16.8,72,11.2,225
2020-10-20T02:00,20.5,0.00,16.9,80,6.9,227
2020-10-20T03:00,19.9,0.00,17.0,83,3.8,197
2020-10-20T04:00,19.4,0.00,17.0,86,2.5,135
2020-10-20T05:00,18.9,0.00,17.0,89,4.7,113
2020-10-20T06:00,18.4,0.00,17.0,92,4.5,104
2020-10-20T07:00,18.0,0.00,16.9,93,4.4,81
2020-10-20T08:00,17.9,0.00,16.7,93,5.6,75
2020-10-20T09:00,17.5,0.00,16.6,95,4.7,58
2020-10-20T10:00,17.0,0.00,16.5,97,2.4,27
2020-10-20T11:00,16.6,0.00,16.4,98,2.9,360
2020-10-20T12:00,16.2,0.00,15.9,98,5.1,82
2020-10-20T13:00,16.2,0.00,15.9,98,6.8,93
2020-10-20T14:00,16.0,0.00,15.8,99,7.3,81
2020-10-20T15:00,16.6,0.00,15.8,94,7.4,61
2020-10-20T16:00,17.6,0.00,15.9,89,6.2,69
2020-10-20T17:00,18.8,0.00,15.8,83,3.2,63
2020-10-20T18:00,21.0,0.00,15.6,71,1.8,79
2020-10-20T19:00,24.0,0.00,15.1,57,1.8,169
2020-10-20T20:00,26.6,0.00,15.0,49,5.0,201
2020-10-20T21:00,28.3,0.00,14.7,43,8.1,212
2020-10-20T22:00,28.4,0.00,14.6,43,12.0,224
2020-10-20T23:00,25.8,0.00,15.4,53,18.2,232
2020-10-21T00:00,23.0,0.00,16.0,65,15.9,232
2020-10-21T01:00,20.9,0.00,16.4,75,13.4,243
2020-10-21T02:00,19.7,0.00,16.5,82,10.5,239
2020-10-21T03:00,18.8,0.00,16.5,87,5.9,227
2020-10-21T04:00,18.4,0.00,16.5,89,2.3,141
2020-10-21T05:00,18.0,0.00,16.5,91,4.2,110
2020-10-21T06:00,17.3,0.00,16.4,94,5.8,97
2020-10-21T07:00,17.0,0.00,16.4,96,4.7,86
2020-10-21T08:00,16.8,0.00,16.3,97,4.5,76
2020-10-21T09:00,16.5,0.00,16.1,98,2.6,74
2020-10-21T10:00,16.0,0.00,15.9,100,2.3,39
2020-10-21T11:00,15.7,0.00,15.7,100,2.5,360
2020-10-21T12:00,14.9,0.00,14.9,100,3.4,32
2020-10-21T13:00,15.1,0.00,14.9,99,5.0,60
2020-10-21T14:00,15.6,0.00,14.9,96,3.4,108
2020-10-21T15:00,16.0,0.00,14.9,93,2.3,141
2020-10-21T16:00,16.7,0.00,14.9,89,1.6,117
2020-10-21T17:00,18.5,0.00,15.0,80,2.6,124
2020-10-21T18:00,20.7,0.00,14.9,69,4.7,157
2020-10-21T19:00,23.0,0.00,14.6,59,6.0,155
2020-10-21T20:00,25.1,0.00,14.1,51,6.6,171
2020-10-21T21:00,26.6,0.00,13.9,46,8.8,199
2020-10-21T22:00,26.1,0.00,14.8,50,13.0,219
2020-10-21T23:00,24.6,0.00,15.4,57,14.0,226
2020-10-22T00:00,22.5,0.00,16.2,68,12.5,221
2020-10-22T01:00,20.8,0.00,16.1,75,12.5,231
2020-10-22T02:00,19.5,0.00,16.3,82,11.4,242
2020-10-22T03:00,18.8,0.00,16.4,86,8.8,251
2020-10-22T04:00,18.8,0.00,16.4,86,6.5,236
2020-10-22T05:00,18.6,0.00,16.4,86,5.4,222
2020-10-22T06:00,18.5,0.00,16.3,87,5.6,230
2020-10-22T07:00,18.1,0.00,16.3,89,5.1,262
2020-10-22T08:00,18.0,0.00,16.4,90,4.5,284
2020-10-22T09:00,17.9,0.00,16.4,91,3.7,299
2020-10-22T10:00,17.8,0.00,16.4,92,3.2,297
2020-10-22T11:00,17.6,0.00,16.4,92,3.9,292
2020-10-22T12:00,18.4,0.00,16.5,89,3.3,257
2020-10-22T13:00,18.6,0.10,16.2,86,3.7,209
2020-10-22T14:00,18.5,0.10,16.0,85,4.7,189
2020-10-22T15:00,18.6,0.10,15.9,84,4.7,180
2020-10-22T16:00,19.0,0.00,15.7,81,3.6,186
2020-10-22T17:00,19.8,0.00,15.1,75,2.2,189
2020-10-22T18:00,20.5,0.00,14.8,70,2.9,150
2020-10-22T19:00,21.8,0.00,14.4,63,6.1,152
2020-10-22T20:00,23.2,0.00,14.2,57,8.0,170
2020-10-22T21:00,23.9,0.00,14.1,54,8.4,187
2020-10-22T22:00,24.0,0.00,13.9,53,9.3,208
2020-10-22T23:00,23.5,0.00,13.8,54,10.7,222
2020-10-23T00:00,22.0,0.00,13.5,58,10.5,221
2020-10-23T01:00,21.0,0.00,13.5,62,9.2,225
2020-10-23T02:00,19.7,0.00,13.7,68,8.7,225
2020-10-23T03:00,19.0,0.00,14.1,73,5.6,225
2020-10-23T04:00,18.3,0.00,14.6,79,1.9,202
2020-10-23T05:00,17.7,0.00,15.1,85,3.8,163
2020-10-23T06:00,17.3,0.00,14.8,85,3.6,143
2020-10-23T07:00,16.9,0.00,14.7,87,4.2,121
2020-10-23T08:00,16.2,0.00,14.4,89,5.1,94
2020-10-23T09:00,15.9,0.00,13.9,88,4.5,76
2020-10-23T10:00,15.6,0.00,13.6,88,4.7,90
2020-10-23T11:00,15.1,0.00,13.2,88,5.1,94
2020-10-23T12:00,15.8,0.00,14.2,91,2.5,82
2020-10-23T13:00,16.9,0.00,14.1,83,7.1,75
2020-10-23T14:00,16.9,0.00,13.8,82,9.5,65
2020-10-23T15:00,17.8,0.00,13.4,76,11.4,55
2020-10-23T16:00,19.2,0.00,13.5,70,10.4,76
2020-10-23T17:00,20.8,0.00,13.2,62,9.8,118
2020-10-23T18:00,21.7,0.00,13.1,58,7.9,137
2020-10-23T19:00,22.5,0.00,12.9,55,5.6,153
2020-10-23T20:00,23.8,0.00,12.7,50,6.9,174
2020-10-23T21:00,24.4,0.00,12.9,49,10.2,203
2020-10-23T22:00,24.1,0.00,13.7,52,12.0,213
2020-10-23T23:00,22.7,0.00,15.0,62,15.0,224
2020-10-24T00:00,20.5,0.00,14.6,68,13.7,235
2020-10-24T01:00,19.9,0.00,14.4,71,11.8,247
2020-10-24T02:00,19.3,0.00,14.4,74,10.0,249
2020-10-24T03:00,18.8,0.00,14.5,76,8.9,249
2020-10-24T04:00,18.2,0.00,14.6,79,7.9,254
2020-10-24T05:00,18.2,0.00,14.8,80,6.6,257
2020-10-24T06:00,18.2,0.00,14.9,81,7.0,258
2020-10-24T07:00,18.2,0.00,14.9,81,6.6,261
2020-10-24T08:00,18.2,0.00,15.1,82,6.1,267
2020-10-24T09:00,18.1,0.00,15.2,83,6.0,253
2020-10-24T10:00,18.1,0.00,15.4,84,5.2,254
2020-10-24T11:00,18.0,0.00,15.4,84,5.0,240
2020-10-24T12:00,18.0,0.00,15.6,86,2.5,225
2020-10-24T13:00,18.4,0.00,15.5,83,5.1,231
2020-10-24T14:00,18.3,0.00,15.6,84,1.8,259
2020-10-24T15:00,18.5,0.00,15.6,83,2.5,225
2020-10-24T16:00,19.0,0.00,15.1,78,4.6,225
2020-10-24T17:00,20.0,0.00,14.6,71,6.0,213
2020-10-24T18:00,21.2,0.00,13.6,61,6.5,199
2020-10-24T19:00,22.1,0.00,13.2,57,7.6,188
2020-10-24T20:00,22.9,0.00,12.9,53,9.9,199
2020-10-24T21:00,22.9,0.00,12.9,53,10.6,215
2020-10-24T22:00,23.0,0.00,13.3,55,12.0,226
2020-10-24T23:00,22.1,0.00,13.6,58,14.0,235
2020-10-25T00:00,20.7,0.00,13.2,62,14.2,249
2020-10-25T01:00,19.5,0.00,12.9,66,14.2,261
2020-10-25T02:00,18.6,0.00,12.9,69,11.5,270
2020-10-25T03:00,18.1,0.00,13.0,72,8.3,268
2020-10-25T04:00,18.0,0.00,13.4,74,7.2,267
2020-10-25T05:00,17.8,0.00,13.8,77,7.4,256
2020-10-25T06:00,17.7,0.00,14.1,79,8.2,247
2020-10-25T07:00,17.5,0.00,14.1,80,9.5,245
2020-10-25T08:00,17.1,0.00,14.1,82,9.7,243
2020-10-25T09:00,16.8,0.00,14.1,84,7.8,248
2020-10-25T10:00,16.6,0.00,14.0,85,5.1,266
2020-10-25T11:00,16.2,0.00,14.1,87,4.6,315
2020-10-25T12:00,17.3,0.00,14.1,81,3.0,284
2020-10-25T13:00,17.3,0.00,14.6,84,1.9,292
2020-10-25T14:00,16.9,0.00,14.2,84,2.6,124
2020-10-25T15:00,17.2,0.00,13.9,81,1.8,143
2020-10-25T16:00,18.0,0.20,13.9,77,4.0,270
2020-10-25T17:00,18.9,0.30,12.8,68,5.6,255
2020-10-25T18:00,19.4,0.30,12.4,64,10.0,249
2020-10-25T19:00,20.2,0.10,11.5,57,12.4,248
2020-10-25T20:00,21.2,0.00,11.1,52,15.3,236
2020-10-25T21:00,21.5,0.00,10.6,50,17.7,237
2020-10-25T22:00,20.7,0.00,10.1,51,19.0,237
2020-10-25T23:00,19.9,0.00,9.5,51,18.1,235
2020-10-26T00:00,19.0,0.00,9.7,55,15.3,243
2020-10-26T01:00,18.9,0.00,10.0,56,10.9,262
2020-10-26T02:00,18.7,0.00,10.2,58,8.7,265
2020-10-26T03:00,18.4,0.00,9.9,58,8.7,287
2020-10-26T04:00,17.8,0.00,10.0,60,11.4,288
2020-10-26T05:00,16.7,0.00,10.7,68,8.4,310
2020-10-26T06:00,15.6,0.00,11.1,75,5.4,323
2020-10-26T07:00,14.9,0.00,11.1,78,2.8,40
2020-10-26T08:00,14.4,0.00,10.3,76,10.4,70
2020-10-26T09:00,13.8,0.00,9.8,77,7.7,53
2020-10-26T10:00,13.1,0.00,9.8,80,5.9,38
2020-10-26T11:00,12.9,0.00,9.8,81,2.9,30
2020-10-26T12:00,12.9,0.00,8.7,76,5.7,18
2020-10-26T13:00,12.3,0.00,6.4,67,4.0,27
2020-10-26T14:00,11.5,0.00,2.5,54,2.8,40
2020-10-26T15:00,13.3,0.00,-4.9,28,8.1,339
2020-10-26T16:00,17.1,0.00,-17.8,8,10.3,282
2020-10-26T17:00,18.8,0.00,-6.7,17,8.2,218
2020-10-26T18:00,20.6,0.00,-10.7,11,12.7,235
2020-10-26T19:00,21.7,0.00,-14.5,8,13.9,205
2020-10-26T20:00,22.2,0.00,-16.0,7,15.1,208
2020-10-26T21:00,23.2,0.00,-19.5,5,12.8,238
2020-10-26T22:00,23.6,0.00,-22.5,3,10.0,322
2020-10-26T23:00,23.4,0.00,-23.9,3,12.0,344
2020-10-27T00:00,23.0,0.00,-22.9,4,8.0,252
2020-10-27T01:00,20.1,0.00,-14.9,8,7.1,294
2020-10-27T02:00,19.1,0.00,-19.5,6,16.1,326
2020-10-27T03:00,17.8,0.00,-20.1,6,17.2,323
2020-10-27T04:00,16.4,0.00,-16.0,9,9.5,335
2020-10-27T05:00,14.1,0.00,-13.1,14,5.0,30
2020-10-27T06:00,12.7,0.00,-15.1,13,7.4,47
2020-10-27T07:00,11.6,0.00,-15.3,14,6.4,38
2020-10-27T08:00,10.9,0.00,-14.8,15,5.2,25
2020-10-27T09:00,10.4,0.00,-14.6,16,4.4,9
2020-10-27T10:00,9.9,0.00,-13.9,17,4.0,360
2020-10-27T11:00,10.1,0.00,-14.8,16,4.6,18
2020-10-27T12:00,8.8,0.00,-10.5,24,9.6,347
2020-10-27T13:00,9.0,0.00,-11.2,23,4.9,36
2020-10-27T14:00,8.4,0.00,-11.9,22,6.6,68
2020-10-27T15:00,11.1,0.00,-12.8,18,3.4,18
2020-10-27T16:00,16.5,0.00,-13.1,12,2.4,333
2020-10-27T17:00,20.5,0.00,-15.2,8,5.1,262
2020-10-27T18:00,23.4,0.00,-17.6,5,10.2,252
2020-10-27T19:00,25.3,0.00,-16.1,5,12.9,216
2020-10-27T20:00,26.2,0.00,-15.8,5,14.0,192
2020-10-27T21:00,26.3,0.00,-15.1,6,13.6,192
2020-10-27T22:00,26.0,0.00,-14.2,6,12.5,229
2020-10-27T23:00,24.9,0.00,-10.5,9,17.6,255
2020-10-28T00:00,23.0,0.00,-6.7,13,12.3,265
2020-10-28T01:00,20.5,0.00,0.7,27,8.0,288
2020-10-28T02:00,19.1,0.00,0.2,28,3.6,354
2020-10-28T03:00,18.8,0.00,-1.6,25,4.4,99
2020-10-28T04:00,17.4,0.00,3.4,39,7.6,115
2020-10-28T05:00,16.6,0.00,4.9,46,6.9,81
2020-10-28T06:00,16.2,0.00,2.3,39,6.9,62
2020-10-28T07:00,15.6,0.00,-0.9,33,8.2,61
2020-10-28T08:00,14.0,0.00,-2.1,33,8.2,67
2020-10-28T09:00,13.7,0.00,-2.8,32,9.0,67
2020-10-28T10:00,13.1,0.00,-2.8,33,10.4,76
2020-10-28T11:00,12.4,0.00,-2.5,36,11.4,72
2020-10-28T12:00,13.1,0.00,-4.5,29,8.5,62
2020-10-28T13:00,12.4,0.00,-4.6,30,8.2,61
2020-10-28T14:00,11.4,0.00,-4.0,34,12.0,57
2020-10-28T15:00,13.4,0.00,-3.0,32,8.7,24
2020-10-28T16:00,16.9,0.00,-3.5,24,4.3,5
2020-10-28T17:00,19.0,0.00,0.7,29,2.7,67
2020-10-28T18:00,21.1,0.00,0.6,25,2.7,113
2020-10-28T19:00,23.2,0.00,-2.2,18,1.6,153
2020-10-28T20:00,25.1,0.00,-3.2,15,3.6,186
2020-10-28T21:00,26.2,0.00,0.5,19,9.8,208
2020-10-28T22:00,25.3,0.00,4.4,26,12.9,234
2020-10-28T23:00,23.1,0.00,5.9,33,13.7,247
2020-10-29T00:00,21.9,0.00,8.3,42,11.7,252
2020-10-29T01:00,19.6,0.00,9.2,51,8.8,258
2020-10-29T02:00,17.9,0.00,10.6,63,6.2,263
2020-10-29T03:00,16.8,0.00,11.9,73,1.5,346
2020-10-29T04:00,16.2,0.00,10.1,67,4.9,73
2020-10-29T05:00,15.7,0.00,8.9,64,8.1,77
2020-10-29T06:00,15.1,0.00,8.1,63,8.3,72
2020-10-29T07:00,14.6,0.00,7.2,61,7.2,63
2020-10-29T08:00,14.2,0.00,5.9,58,6.9,62
2020-10-29T09:00,13.6,0.00,4.0,52,7.9,60
2020-10-29T10:00,12.9,0.00,1.1,45,10.0,49
2020-10-29T11:00,14.4,0.00,-1.4,34,7.7,41
2020-10-29T12:00,12.7,0.00,-1.0,39,9.2,48
2020-10-29T13:00,14.4,0.00,-2.5,31,6.5,19
2020-10-29T14:00,17.2,0.00,-2.9,25,3.3,319
2020-10-29T15:00,17.9,0.00,-2.0,26,3.5,336
2020-10-29T16:00,18.6,0.00,-1.1,26,1.8,307
2020-10-29T17:00,21.3,0.00,-1.5,22,1.4,360
2020-10-29T18:00,24.4,0.00,-2.4,17,2.2,90
2020-10-29T19:00,27.1,0.00,-3.1,14,0.0,270
2020-10-29T20:00,29.3,0.00,-2.8,12,3.3,221
2020-10-29T21:00,30.5,0.00,-1.5,13,8.7,210
2020-10-29T22:00,29.9,0.00,0.6,15,11.8,218
2020-10-29T23:00,27.2,0.00,1.7,19,12.7,241
2020-10-30T00:00,25.6,0.00,0.3,19,9.8,246
2020-10-30T01:00,23.1,0.00,0.6,23,4.2,290
2020-10-30T02:00,21.9,0.00,1.2,26,6.6,299
2020-10-30T03:00,23.0,0.00,0.7,23,3.6,217
2020-10-30T04:00,19.5,0.00,5.9,41,5.4,160
2020-10-30T05:00,17.4,0.00,8.4,55,7.1,120
2020-10-30T06:00,16.5,0.00,6.2,51,6.5,90
2020-10-30T07:00,15.6,0.00,1.4,38,10.1,73
2020-10-30T08:00,16.0,0.00,-2.5,28,9.7,59
2020-10-30T09:00,17.7,0.00,-5.2,21,8.2,49
2020-10-30T10:00,17.7,0.00,-6.2,19,8.0,63
2020-10-30T11:00,16.2,0.00,-5.9,21,8.6,88
2020-10-30T12:00,13.1,0.00,-5.2,28,11.9,88
2020-10-30T13:00,15.2,0.00,-5.3,24,8.6,68
2020-10-30T14:00,17.0,0.00,-5.2,21,5.6,50
2020-10-30T15:00,17.2,0.00,-5.1,21,6.5,56
2020-10-30T16:00,18.5,0.00,-4.4,21,5.0,69
2020-10-30T17:00,21.5,0.00,-2.2,20,3.7,61
2020-10-30T18:00,24.5,0.00,-2.3,17,2.5,90
2020-10-30T19:00,27.2,0.00,-3.4,13,1.6,153
2020-10-30T20:00,29.4,0.00,-3.5,12,4.8,207
2020-10-30T21:00,30.2,0.00,-1.0,13,9.0,217
2020-10-30T22:00,29.5,0.00,3.1,18,12.2,225
2020-10-30T23:00,26.8,0.00,5.6,26,14.7,239
2020-10-31T00:00,24.6,0.00,5.5,29,11.5,250
2020-10-31T01:00,22.9,0.00,5.7,33,4.6,252
2020-10-31T02:00,21.1,0.00,6.5,39,5.5,281
2020-10-31T03:00,22.0,0.00,4.9,33,4.4,279
2020-10-31T04:00,19.5,0.00,7.6,46,4.6,141
2020-10-31T05:00,17.6,0.00,11.2,66,7.9,106
2020-10-31T06:00,16.4,0.00,10.4,68,7.6,87
2020-10-31T07:00,15.8,0.00,8.6,63,6.9,99
2020-10-31T08:00,15.3,0.00,6.9,57,7.2,90
2020-10-31T09:00,14.5,0.00,5.3,54,9.5,99
2020-10-31T10:00,16.6,0.00,3.2,40,5.8,68
2020-10-31T11:00,17.2,0.00,1.5,35,2.2,351
2020-10-31T12:00,19.0,0.00,-2.3,24,5.6,40
2020-10-31T13:00,19.0,0.00,-3.3,22,2.8,50
2020-10-31T14:00,19.2,0.00,-3.0,22,4.0,350
2020-10-31T15:00,19.2,0.00,-1.9,24,1.5,315
2020-10-31T16:00,19.2,0.00,-1.1,25,0.0,270
2020-10-31T17:00,21.5,0.00,-0.8,23,1.1,162
2020-10-31T18:00,24.5,0.00,-0.9,19,0.5,135
2020-10-31T19:00,27.6,0.00,-2.0,14,0.7,270
2020-10-31T20:00,30.1,0.00,-3.8,11,3.5,204
2020-10-31T21:00,31.2,0.00,-3.5,10,6.4,218
2020-10-31T22:00,30.9,0.00,-0.6,13,10.4,224
2020-10-31T23:00,29.3,0.00,2.3,18,10.2,228
2020-11-01T00:00,27.1,0.00,3.8,22,9.0,247
2020-11-01T01:00,25.0,0.00,3.9,26,4.7,270
2020-11-01T02:00,24.1,0.00,3.9,27,4.8,257
2020-11-01T03:00,22.7,0.00,6.4,35,6.3,167
2020-11-01T04:00,20.5,0.00,9.3,49,8.2,113
2020-11-01T05:00,20.0,0.00,9.9,52,5.4,90
2020-11-01T06:00,19.8,0.00,8.1,47,6.7,54
2020-11-01T07:00,19.9,0.00,6.2,41,7.2,93
2020-11-01T08:00,17.5,0.00,10.4,63,7.6,177
2020-11-01T09:00,17.5,0.00,12.5,73,6.0,107
2020-11-01T10:00,18.6,0.00,10.8,60,3.6,6
2020-11-01T11:00,18.2,0.00,7.6,50,7.3,340
2020-11-01T12:00,20.5,0.00,6.2,39,5.5,101
2020-11-01T13:00,20.6,0.00,3.5,33,3.0,14
2020-11-01T14:00,20.8,0.00,2.2,29,1.5,284
2020-11-01T15:00,20.9,0.00,1.1,27,1.8,259
2020-11-01T16:00,20.5,0.00,-0.6,24,2.3,129
2020-11-01T17:00,24.4,0.00,-3.3,16,9.2,48
2020-11-01T18:00,27.3,0.00,-4.2,12,7.9,129
2020-11-01T19:00,26.0,0.00,1.2,20,8.7,163
2020-11-01T20:00,26.3,0.00,3.1,22,2.7,157
2020-11-01T21:00,29.1,0.00,0.8,16,2.5,262
2020-11-01T22:00,31.0,0.00,-0.7,13,8.2,232
2020-11-01T23:00,30.2,0.00,1.9,16,12.0,221
2020-11-02T00:00,28.9,0.00,4.1,21,13.3,232
2020-11-02T01:00,24.1,0.00,7.1,34,14.2,243
2020-11-02T02:00,22.2,0.00,10.2,47,7.6,239
2020-11-02T03:00,20.5,0.00,12.8,61,5.8,187
2020-11-02T04:00,19.2,0.00,13.1,68,5.2,115
2020-11-02T05:00,18.0,0.00,12.5,70,4.6,108
2020-11-02T06:00,17.8,0.00,10.6,63,5.4,86
2020-11-02T07:00,17.3,0.00,6.9,51,7.4,61
2020-11-02T08:00,17.3,0.00,3.7,40,9.4,47
2020-11-02T09:00,18.9,0.00,1.5,31,7.5,73
2020-11-02T10:00,18.0,0.00,0.8,31,7.3,101
2020-11-02T11:00,15.9,0.00,1.7,38,8.9,117
2020-11-02T12:00,17.4,0.00,2.0,36,6.6,131
2020-11-02T13:00,17.1,0.00,3.2,39,4.7,148
2020-11-02T14:00,15.9,0.00,2.8,42,6.2,111
2020-11-02T15:00,15.2,0.00,0.9,38,5.5,101
2020-11-02T16:00,17.8,0.00,4.2,41,7.9,106
2020-11-02T17:00,20.0,0.00,13.4,66,7.3,123
2020-11-02T18:00,22.7,0.00,13.3,55,7.7,131
2020-11-02T19:00,25.1,0.00,12.4,45,7.8,146
2020-11-02T20:00,27.1,0.00,11.2,37,8.4,155
2020-11-02T21:00,28.5,0.00,9.6,31,9.3,167
2020-11-02T22:00,28.8,0.00,8.9,29,10.1,182
2020-11-02T23:00,27.8,0.00,9.9,33,10.9,189
2020-11-03T00:00,26.0,0.00,13.1,45,11.9,209
2020-11-03T01:00,22.2,0.00,14.1,60,11.8,218
2020-11-03T02:00,20.2,0.00,13.1,64,6.6,225
2020-11-03T03:00,19.2,0.00,12.9,66,1.6,207
2020-11-03T04:00,18.2,0.00,12.9,71,2.4,207
2020-11-03T05:00,17.2,0.00,13.4,78,3.6,143
2020-11-03T06:00,16.6,0.00,13.9,84,5.4,98
2020-11-03T07:00,16.0,0.00,14.2,89,4.9,107
2020-11-03T08:00,15.6,0.00,14.2,91,5.9,79
2020-11-03T09:00,14.6,0.00,13.8,95,6.8,115
2020-11-03T10:00,14.6,0.00,13.9,96,7.6,45
2020-11-03T11:00,14.3,0.00,12.9,91,7.4,129
2020-11-03T12:00,13.9,0.00,13.9,100,6.4,133
2020-11-03T13:00,15.0,0.00,14.8,99,6.0,65
2020-11-03T14:00,15.1,0.00,14.2,94,3.4,18
2020-11-03T15:00,14.9,0.00,14.6,97,4.3,228
2020-11-03T16:00,15.7,0.00,14.8,94,2.9,210
2020-11-03T17:00,17.6,0.00,14.6,82,5.1,176
2020-11-03T18:00,20.4,0.00,14.1,67,4.4,145
2020-11-03T19:00,22.8,0.00,13.0,54,7.1,139
2020-11-03T20:00,24.9,0.00,11.7,44,6.4,137
2020-11-03T21:00,26.8,0.00,10.5,36,6.0,155
2020-11-03T22:00,27.8,0.00,9.9,33,9.2,201
2020-11-03T23:00,25.8,0.00,12.6,44,15.3,231
2020-11-04T00:00,22.2,0.00,11.8,51,15.5,245
2020-11-04T01:00,20.6,0.00,10.6,53,7.3,250
2020-11-04T02:00,19.9,0.00,10.8,56,3.1,234
2020-11-04T03:00,18.7,0.00,11.4,63,2.8,220
2020-11-04T04:00,17.8,0.00,12.2,70,4.4,145
2020-11-04T05:00,16.6,0.00,12.8,78,3.3,96
2020-11-04T06:00,16.1,0.00,12.7,80,6.4,52
2020-11-04T07:00,15.6,0.00,12.6,82,8.0,80
2020-11-04T08:00,14.9,0.00,12.1,83,9.6,70
2020-11-04T09:00,16.2,0.00,11.3,73,7.2,72
2020-11-04T10:00,16.2,0.00,10.8,70,4.4,55
2020-11-04T11:00,16.4,0.00,10.1,67,4.2,329
2020-11-04T12:00,17.5,0.00,8.9,57,5.9,52
2020-11-04T13:00,17.4,0.00,8.1,55,3.6,135
2020-11-04T14:00,16.5,0.00,8.6,60,2.2,189
2020-11-04T15:00,15.9,0.00,8.6,62,1.8,323
2020-11-04T16:00,17.4,0.00,8.1,54,1.6,27
2020-11-04T17:00,20.1,0.00,8.2,46,0.0,270
2020-11-04T18:00,23.5,0.00,6.9,34,1.4,180
2020-11-04T19:00,26.9,0.00,4.6,24,3.0,194
2020-11-04T20:00,29.5,0.00,4.0,20,3.8,221
2020-11-04T21:00,31.0,0.00,3.8,18,5.9,227
2020-11-04T22:00,30.4,0.00,6.9,23,11.0,229
2020-11-04T23:00,27.5,0.00,7.7,29,13.5,236
2020-11-05T00:00,27.2,0.00,7.3,28,9.7,270
2020-11-05T01:00,24.4,0.00,8.1,35,6.8,270
2020-11-05T02:00,24.2,0.00,8.4,36,4.3,265
2020-11-05T03:00,21.6,0.00,10.5,49,5.0,120
2020-11-05T04:00,19.6,0.00,12.4,63,4.7,94
2020-11-05T05:00,18.9,0.00,9.1,53,4.1,45
2020-11-05T06:00,18.5,0.00,1.2,31,3.7,11
2020-11-05T07:00,18.2,0.00,-1.9,26,3.6,45
2020-11-05T08:00,17.9,0.00,-2.0,26,2.3,18
2020-11-05T09:00,17.2,0.00,-2.2,26,2.5,8
2020-11-05T10:00,17.4,0.00,-2.5,26,2.2,9
2020-11-05T11:00,18.0,0.00,-2.5,25,2.5,8
2020-11-05T12:00,15.1,0.00,-1.9,31,5.4,4
2020-11-05T13:00,12.9,0.00,-1.0,38,5.2,12
2020-11-05T14:00,12.9,0.00,-0.9,39,7.2,18
2020-11-05T15:00,14.9,0.00,-0.5,35,5.5,11
2020-11-05T16:00,21.2,0.00,-0.2,24,4.1,38
2020-11-05T17:00,26.1,0.00,0.1,18,4.1,135
2020-11-05T18:00,28.5,0.00,-0.3,15,3.2,180
2020-11-05T19:00,31.5,0.00,-1.0,12,4.0,207
2020-11-05T20:00,33.5,0.00,-2.5,10,3.7,209
2020-11-05T21:00,34.8,0.00,-2.8,9,4.5,209
2020-11-05T22:00,35.3,0.00,-3.0,9,6.8,245
2020-11-05T23:00,33.9,0.00,-1.8,10,11.6,248
2020-11-06T00:00,31.9,0.00,1.0,14,10.8,244
2020-11-06T01:00,28.0,0.00,5.4,24,9.8,242
2020-11-06T02:00,26.2,0.00,7.5,30,7.3,281
2020-11-06T03:00,25.1,0.00,4.6,26,3.1,21
2020-11-06T04:00,22.7,0.00,2.5,27,8.4,65
2020-11-06T05:00,21.9,0.00,1.4,26,7.9,60
2020-11-06T06:00,22.2,0.00,-0.6,22,8.9,63
2020-11-06T07:00,24.5,0.00,-1.8,18,3.9,34
2020-11-06T08:00,25.1,0.00,-1.8,17,3.3,96
2020-11-06T09:00,21.0,0.00,4.5,34,12.0,111
2020-11-06T10:00,19.2,0.00,10.6,57,10.0,103
2020-11-06T11:00,18.5,0.00,12.6,69,10.9,117
2020-11-06T12:00,17.5,0.00,13.7,79,8.9,104
2020-11-06T13:00,16.1,0.00,13.1,82,7.1,105
2020-11-06T14:00,15.6,0.00,12.8,84,7.3,99
2020-11-06T15:00,17.0,0.00,12.8,76,8.3,92
2020-11-06T16:00,19.4,0.00,15.2,77,14.0,113
2020-11-06T17:00,21.5,0.00,14.5,64,16.0,113
2020-11-06T18:00,23.6,0.00,13.9,54,17.6,131
2020-11-06T19:00,24.6,0.00,15.2,56,18.7,150
2020-11-06T20:00,24.8,0.00,15.8,57,20.5,152
2020-11-06T21:00,24.5,0.00,15.0,55,21.3,156
2020-11-06T22:00,23.0,0.00,15.0,61,19.5,176
2020-11-06T23:00,21.9,0.00,14.9,65,14.0,168
2020-11-07T00:00,20.5,0.00,14.9,70,16.5,148
2020-11-07T01:00,19.4,0.00,14.9,75,18.0,151
2020-11-07T02:00,18.5,0.30,14.2,76,16.3,166
2020-11-07T03:00,17.5,0.00,12.1,70,17.6,195
2020-11-07T04:00,16.5,0.00,10.5,68,18.2,207
2020-11-07T05:00,15.8,0.00,9.6,67,14.7,197
2020-11-07T06:00,14.6,0.00,9.2,70,14.4,212
2020-11-07T07:00,13.8,0.00,8.8,72,11.8,160
2020-11-07T08:00,13.6,0.00,8.6,72,7.9,141
2020-11-07T09:00,13.6,0.00,9.9,79,2.7,247
2020-11-07T10:00,13.1,0.00,9.3,78,5.9,259
2020-11-07T11:00,12.9,0.00,7.9,72,9.6,250
2020-11-07T12:00,13.2,0.00,7.2,67,12.5,252
2020-11-07T13:00,12.4,0.00,7.2,71,8.2,255
2020-11-07T14:00,11.4,0.00,7.3,76,9.4,247
2020-11-07T15:00,11.8,1.10,7.5,75,9.0,270
2020-11-07T16:00,12.1,1.40,7.8,75,9.9,237
2020-11-07T17:00,13.1,0.00,6.4,64,17.7,253
2020-11-07T18:00,13.3,0.10,5.6,59,13.8,264
2020-11-07T19:00,14.6,0.00,5.4,54,21.0,248
2020-11-07T20:00,13.6,0.40,4.9,56,22.0,252
2020-11-07T21:00,14.9,0.20,4.4,49,21.2,238
2020-11-07T22:00,15.1,0.00,4.2,48,22.7,243
2020-11-07T23:00,15.4,0.00,4.7,49,25.4,243
2020-11-08T00:00,15.6,0.00,2.2,40,21.0,258
2020-11-08T01:00,14.6,0.00,2.9,45,7.6,275
2020-11-08T02:00,13.1,0.00,4.2,55,3.8,311
2020-11-08T03:00,11.5,0.00,5.4,66,2.5,352
2020-11-08T04:00,10.4,0.00,6.4,77,4.3,24
2020-11-08T05:00,9.9,0.00,6.1,77,7.8,56
2020-11-08T06:00,9.4,0.00,5.7,78,9.4,72
2020-11-08T07:00,9.2,0.00,5.4,77,7.6,65
2020-11-08T08:00,9.2,0.00,5.0,75,6.6,68
2020-11-08T09:00,8.6,0.00,4.5,76,6.5,84
2020-11-08T10:00,7.9,0.00,4.0,76,5.8,83
2020-11-08T11:00,8.1,0.00,3.4,72,8.8,71
2020-11-08T12:00,8.8,0.00,4.2,73,7.2,53
2020-11-08T13:00,8.6,0.00,4.7,76,6.3,59
2020-11-08T14:00,8.9,0.00,4.9,76,5.0,60
2020-11-08T15:00,9.9,0.00,5.2,73,4.0,63
2020-11-08T16:00,12.1,0.00,5.4,64,5.1,39
2020-11-08T17:00,14.2,0.00,4.9,54,8.0,280
2020-11-08T18:00,16.1,0.00,2.8,41,22.2,250
2020-11-08T19:00,16.6,0.10,3.3,41,28.0,252
2020-11-08T20:00,16.8,0.10,3.2,41,31.6,249
2020-11-08T21:00,16.7,0.30,3.3,41,34.6,256
2020-11-08T22:00,16.7,0.00,2.1,37,35.8,257
2020-11-08T23:00,16.1,0.00,2.7,40,33.9,261
2020-11-09T00:00,14.1,0.00,4.6,52,27.8,266
2020-11-09T01:00,13.6,0.00,3.8,52,22.0,269
2020-11-09T02:00,12.6,0.00,3.8,55,19.8,272
2020-11-09T03:00,11.9,0.00,5.4,65,14.4,273
2020-11-09T04:00,11.1,0.00,4.8,66,12.6,290
2020-11-09T05:00,10.3,0.00,1.4,54,15.1,310
2020-11-09T06:00,9.6,0.00,-0.4,50,10.0,319
2020-11-09T07:00,8.6,0.00,-1.2,50,12.0,314
2020-11-09T08:00,8.3,0.00,-1.7,49,15.5,314
2020-11-09T09:00,7.9,0.00,-1.6,51,17.9,308
2020-11-09T10:00,7.2,0.00,-1.4,54,15.0,314
2020-11-09T11:00,5.3,0.00,-0.5,66,5.8,360
2020-11-09T12:00,5.4,0.00,0.8,72,4.9,36
2020-11-09T13:00,5.1,0.00,1.4,77,3.9,22
2020-11-09T14:00,4.2,0.00,0.2,75,4.0,360
2020-11-09T15:00,4.8,0.00,-0.8,67,5.9,14
2020-11-09T16:00,9.1,0.00,0.4,54,6.0,57
2020-11-09T17:00,11.9,0.00,1.6,49,10.5,84
2020-11-09T18:00,14.2,0.00,-1.5,34,11.6,97
2020-11-09T19:00,15.7,0.00,-3.7,26,9.0,113
2020-11-09T20:00,16.5,0.00,-4.8,23,5.6,140
2020-11-09T21:00,17.0,0.00,-4.5,23,4.7,176
2020-11-09T22:00,17.2,0.00,-3.8,24,5.2,192
2020-11-09T23:00,17.3,0.00,-3.3,24,6.6,193
2020-11-10T00:00,16.1,0.00,0.8,35,11.3,217
2020-11-10T01:00,14.1,0.00,1.9,43,11.1,241
2020-11-10T02:00,13.1,0.00,2.5,49,5.9,308
2020-11-10T03:00,12.4,0.00,4.2,58,2.5,360
2020-11-10T04:00,12.4,0.00,3.1,53,2.7,23
2020-11-10T05:00,11.4,0.00,2.5,55,4.1,15
2020-11-10T06:00,10.4,0.00,2.6,58,4.4,9
2020-11-10T07:00,8.6,0.00,2.8,66,4.7,23
2020-11-10T08:00,8.0,0.00,2.2,67,6.4,38
2020-11-10T09:00,7.9,0.00,1.6,65,7.5,35
2020-11-10T10:00,7.6,0.00,1.0,63,9.3,54
2020-11-10T11:00,7.4,0.00,0.5,61,8.9,40
2020-11-10T12:00,7.9,0.00,0.9,61,6.6,9
2020-11-10T13:00,9.1,0.00,0.3,54,5.0,360
2020-11-10T14:00,8.1,0.00,0.1,57,4.8,42
2020-11-10T15:00,7.4,0.00,0.2,60,5.4,42
2020-11-10T16:00,10.4,0.00,-0.9,46,3.1,45
2020-11-10T17:00,13.0,0.00,-1.4,37,3.6,90
2020-11-10T18:00,15.6,0.00,-3.0,28,4.0,85
2020-11-10T19:00,17.5,0.00,-4.0,23,2.6,106
2020-11-10T20:00,18.7,0.00,-4.4,20,0.0,270
2020-11-10T21:00,19.5,0.00,-4.7,19,1.5,256
2020-11-10T22:00,19.9,0.00,-4.6,19,6.4,254
2020-11-10T23:00,19.0,0.00,-3.5,22,11.8,250
2020-11-11T00:00,16.1,0.00,-0.6,32,13.8,263
2020-11-11T01:00,14.4,0.00,1.0,40,8.5,298
2020-11-11T02:00,13.7,0.00,4.1,52,2.6,344
2020-11-11T03:00,13.2,0.00,2.2,47,2.5,45
2020-11-11T04:00,12.2,0.00,0.8,45,6.1,62
2020-11-11T05:00,10.8,0.00,-0.1,47,6.1,40
2020-11-11T06:00,9.9,0.00,-0.6,48,5.8,22
2020-11-11T07:00,9.4,0.00,0.0,52,7.1,41
2020-11-11T08:00,8.9,0.00,0.2,54,9.2,64
2020-11-11T09:00,9.2,0.00,-0.3,51,8.3,56
2020-11-11T10:00,10.2,0.00,-0.9,46,5.9,38
2020-11-11T11:00,8.6,0.00,-0.6,52,7.2,27
2020-11-11T12:00,8.8,0.00,-0.3,53,7.7,49
2020-11-11T13:00,7.8,0.00,-0.6,56,6.4,16
2020-11-11T14:00,8.9,0.00,-1.1,49,5.9,38
2020-11-11T15:00,8.9,0.00,-0.6,51,9.1,72
2020-11-11T16:00,12.2,0.00,-1.8,38,7.6,85
2020-11-11T17:00,15.1,0.00,-1.1,33,8.4,100
2020-11-11T18:00,17.4,0.00,0.6,32,7.2,117
2020-11-11T19:00,19.0,0.00,0.6,29,6.9,133
2020-11-11T20:00,20.4,0.00,1.1,28,5.8,158
2020-11-11T21:00,21.3,0.00,1.0,26,5.1,188
2020-11-11T22:00,21.8,0.00,0.6,24,7.1,204
2020-11-11T23:00,21.2,0.00,0.3,25,10.8,217
2020-11-12T00:00,19.2,0.00,2.7,33,10.9,224
2020-11-12T01:00,17.0,0.00,2.8,38,10.7,228
2020-11-12T02:00,15.3,0.00,3.5,45,6.9,242
2020-11-12T03:00,14.3,0.00,4.2,50,3.6,264
2020-11-12T04:00,13.1,0.00,4.6,57,3.4,72
2020-11-12T05:00,12.1,0.00,4.2,59,4.3,42
2020-11-12T06:00,11.6,0.00,3.8,59,5.7,55
2020-11-12T07:00,11.4,0.00,3.5,59,5.2,56
2020-11-12T08:00,11.2,0.00,3.4,58,5.0,69
2020-11-12T09:00,12.6,0.00,2.6,51,3.3,49
2020-11-12T10:00,12.2,0.00,2.5,51,5.5,79
2020-11-12T11:00,9.3,0.00,2.9,64,8.8,78
2020-11-12T12:00,9.5,0.00,2.7,62,9.4,88
2020-11-12T13:00,9.6,0.00,2.3,60,7.2,27
2020-11-12T14:00,10.5,0.00,2.0,56,4.0,10
2020-11-12T15:00,11.6,0.00,2.1,52,2.9,7
2020-11-12T16:00,13.4,0.00,2.5,47,3.1,315
2020-11-12T17:00,15.8,0.00,3.7,44,1.8,323
2020-11-12T18:00,18.0,0.00,2.8,36,1.1,288
2020-11-12T19:00,20.0,0.00,1.5,29,2.4,243
2020-11-12T20:00,21.6,0.00,0.1,24,3.6,225
2020-11-12T21:00,22.8,0.00,-0.3,22,7.1,225
2020-11-12T22:00,22.2,0.00,1.1,25,12.9,234
2020-11-12T23:00,20.0,0.00,2.1,31,16.8,242
2020-11-13T00:00,18.7,0.00,0.8,30,15.3,246
2020-11-13T01:00,16.6,0.00,2.5,39,10.8,244
2020-11-13T02:00,15.1,0.00,4.2,48,5.8,248
2020-11-13T03:00,13.6,0.00,5.6,58,7.0,249
2020-11-13T04:00,14.0,0.00,5.1,55,2.2,360
2020-11-13T05:00,11.8,0.00,5.2,64,6.1,93
2020-11-13T06:00,11.4,0.00,5.6,67,5.4,90
2020-11-13T07:00,10.7,0.00,5.7,71,7.9,87
2020-11-13T08:00,10.1,0.00,6.6,79,7.6,82
2020-11-13T09:00,9.1,0.00,6.7,85,9.2,79
2020-11-13T10:00,9.1,0.00,6.6,84,8.4,80
2020-11-13T11:00,8.6,0.00,6.0,84,8.8,81
2020-11-13T12:00,9.5,0.00,5.2,75,6.9,96
2020-11-13T13:00,7.6,0.00,5.3,86,9.4,86
2020-11-13T14:00,8.1,0.00,4.2,76,7.7,53
2020-11-13T15:00,9.0,0.00,2.7,65,7.6,82
2020-11-13T16:00,12.1,0.00,3.7,56,6.6,99
2020-11-13T17:00,14.3,0.00,5.5,55,5.5,122
2020-11-13T18:00,16.3,0.00,6.1,51,6.1,140
2020-11-13T19:00,18.1,0.00,5.8,45,6.5,146
2020-11-13T20:00,19.5,0.00,6.4,42,4.9,163
2020-11-13T21:00,20.5,0.00,6.8,41,6.0,197
2020-11-13T22:00,20.5,0.00,7.8,44,9.4,220
2020-11-13T23:00,19.3,0.00,8.8,51,12.0,226
2020-11-14T00:00,17.8,0.00,7.6,51,12.2,236
2020-11-14T01:00,15.5,0.00,6.8,56,9.3,234
2020-11-14T02:00,14.6,0.00,8.0,65,4.6,231
2020-11-14T03:00,13.9,0.00,9.1,73,1.9,158
2020-11-14T04:00,13.1,0.00,10.1,82,3.5,114
2020-11-14T05:00,12.6,0.00,10.8,89,7.4,113
2020-11-14T06:00,11.7,0.00,10.7,94,9.4,94
2020-11-14T07:00,11.2,0.00,10.2,94,10.4,88
2020-11-14T08:00,11.1,0.00,10.1,93,12.1,78
2020-11-14T09:00,11.1,0.00,9.6,91,14.5,83
2020-11-14T10:00,10.8,0.00,9.4,91,15.2,86
2020-11-14T11:00,10.8,0.00,9.3,91,11.6,74
2020-11-14T12:00,10.9,0.00,9.6,92,7.9,51
2020-11-14T13:00,9.7,0.00,8.5,92,6.9,51
2020-11-14T14:00,9.6,0.00,8.0,90,6.8,90
2020-11-14T15:00,9.3,0.00,7.5,89,13.8,83
2020-11-14T16:00,10.6,0.00,7.2,79,13.1,81
2020-11-14T17:00,12.4,0.00,7.2,70,11.5,92
2020-11-14T18:00,14.6,0.00,6.6,58,7.6,87
2020-11-14T19:00,17.0,0.00,5.6,47,4.1,105
2020-11-14T20:00,19.5,0.00,4.0,36,4.1,165
2020-11-14T21:00,20.5,0.00,4.1,34,9.3,234
2020-11-14T22:00,19.6,0.00,5.8,40,9.0,247
2020-11-14T23:00,19.5,0.00,6.6,43,3.4,238
2020-11-15T00:00,19.2,0.00,7.1,45,3.6,233
2020-11-15T01:00,17.0,0.00,8.2,57,2.7,247
2020-11-15T02:00,15.8,0.00,9.8,67,3.7,61
2020-11-15T03:00,16.0,0.00,8.6,61,3.6,37
2020-11-15T04:00,15.1,0.00,7.7,61,5.8,68
2020-11-15T05:00,14.1,0.00,7.1,62,5.6,63
2020-11-15T06:00,13.7,0.00,4.3,53,2.5,8
2020-11-15T07:00,13.1,0.00,2.2,47,3.7,11
2020-11-15T08:00,12.8,0.00,2.2,48,4.7,360
2020-11-15T09:00,12.6,0.00,2.2,49,5.8,353
2020-11-15T10:00,12.8,0.00,1.8,47,7.7,349
2020-11-15T11:00,12.2,0.00,0.6,45,10.1,358
2020-11-15T12:00,17.6,0.00,-1.0,28,4.3,24
2020-11-15T13:00,17.4,0.00,-1.1,29,4.8,42
2020-11-15T14:00,16.9,0.00,-1.2,29,4.9,17
2020-11-15T15:00,15.6,0.00,-1.6,31,5.0,21
2020-11-15T16:00,17.9,0.00,0.4,31,3.8,17
2020-11-15T17:00,21.3,0.00,-3.0,19,3.7,11
2020-11-15T18:00,24.7,0.00,-4.4,14,4.9,17
2020-11-15T19:00,27.2,0.00,-5.2,12,5.6,15
2020-11-15T20:00,28.5,0.00,-5.9,10,4.4,9
2020-11-15T21:00,29.2,0.00,-6.2,9,1.0,315
2020-11-15T22:00,29.6,0.00,-5.7,10,6.0,213
2020-11-15T23:00,28.2,0.00,-4.2,12,10.7,225
2020-11-16T00:00,26.5,0.00,-0.9,17,9.7,239
2020-11-16T01:00,22.4,0.00,4.8,32,7.7,233
2020-11-16T02:00,21.5,0.00,4.2,32,4.6,39
2020-11-16T03:00,19.9,0.00,0.4,27,4.4,35
2020-11-16T04:00,18.0,0.00,-0.1,30,4.6,39
2020-11-16T05:00,16.5,0.00,0.4,34,5.6,40
2020-11-16T06:00,15.7,0.00,0.6,36,5.8,22
2020-11-16T07:00,14.9,0.00,0.3,37,5.4,20
2020-11-16T08:00,13.9,0.00,0.2,39,4.9,17
2020-11-16T09:00,13.2,0.00,0.1,41,4.3,24
2020-11-16T10:00,12.9,0.00,0.0,41,5.3,28
2020-11-16T11:00,12.8,0.00,-0.5,40,4.8,13
2020-11-16T12:00,11.9,0.00,-0.2,43,6.0,25
2020-11-16T13:00,12.1,0.00,-0.8,41,5.7,18
2020-11-16T14:00,11.6,0.00,-1.1,41,5.4,4
2020-11-16T15:00,12.6,0.00,-1.4,38,4.4,9
2020-11-16T16:00,17.4,0.00,-1.3,28,3.7,29
2020-11-16T17:00,21.8,0.00,-1.7,21,2.5,82
2020-11-16T18:00,25.9,0.00,-3.5,14,4.7,58
2020-11-16T19:00,29.1,0.00,-4.8,11,6.6,68
2020-11-16T20:00,31.0,0.00,-4.8,10,7.3,81
2020-11-16T21:00,32.0,0.00,-4.3,9,7.2,90
2020-11-16T22:00,32.5,0.00,-4.2,9,3.6,127
2020-11-16T23:00,31.5,0.00,-3.9,10,7.4,227
2020-11-17T00:00,29.0,0.00,-2.5,13,11.5,226
2020-11-17T01:00,23.6,0.00,-1.4,19,10.5,243
2020-11-17T02:00,21.5,0.00,1.9,27,2.8,320
2020-11-17T03:00,21.1,0.00,-0.9,23,5.0,120
2020-11-17T04:00,19.0,0.00,0.2,28,8.9,133
2020-11-17T05:00,17.9,0.00,2.1,35,7.0,145
2020-11-17T06:00,16.0,0.00,4.3,46,8.8,102
2020-11-17T07:00,15.4,0.00,4.1,47,9.8,96
2020-11-17T08:00,17.9,0.00,3.9,39,6.3,121
2020-11-17T09:00,18.0,0.00,4.7,41,2.3,18
2020-11-17T10:00,17.0,0.00,4.5,44,5.9,79
2020-11-17T11:00,14.6,0.00,3.2,46,7.1,75
2020-11-17T12:00,13.9,0.00,-0.3,38,9.3,77
2020-11-17T13:00,15.1,0.00,-1.3,33,6.9,81
2020-11-17T14:00,16.6,0.00,-1.5,29,0.7,360
2020-11-17T15:00,13.4,0.00,-1.5,36,7.0,325
2020-11-17T16:00,17.5,0.00,-1.9,27,4.0,90
2020-11-17T17:00,20.1,0.00,3.0,32,5.2,115
2020-11-17T18:00,22.7,0.00,4.4,30,7.1,135
2020-11-17T19:00,25.0,0.00,2.9,24,8.9,148
2020-11-17T20:00,26.8,0.00,-0.6,17,10.8,154
2020-11-17T21:00,27.6,0.00,-1.1,15,10.9,171
2020-11-17T22:00,27.4,0.00,0.9,18,13.8,186
2020-11-17T23:00,25.5,0.00,5.4,28,14.3,214
2020-11-18T00:00,22.7,0.00,8.4,40,13.4,246
2020-11-18T01:00,19.8,0.00,8.9,49,10.0,255
2020-11-18T02:00,18.4,0.00,9.3,56,6.3,239
2020-11-18T03:00,17.2,0.00,10.8,66,5.7,235
2020-11-18T04:00,16.1,0.00,12.1,77,3.8,229
2020-11-18T05:00,14.8,0.00,13.1,90,4.3,228
2020-11-18T06:00,13.7,0.00,13.2,97,5.9,232
2020-11-18T07:00,13.4,0.00,12.9,97,5.5,212
2020-11-18T08:00,12.8,0.00,12.6,99,4.6,141
2020-11-18T09:00,12.9,0.00,12.9,100,4.7,122
2020-11-18T10:00,13.0,0.00,12.9,99,3.6,127
2020-11-18T11:00,12.8,0.00,12.2,96,3.1,249
2020-11-18T12:00,11.6,0.00,11.6,100,2.5,135
2020-11-18T13:00,11.8,0.00,11.8,100,2.0,135
2020-11-18T14:00,10.8,0.00,10.8,100,4.1,165
2020-11-18T15:00,11.1,0.00,11.1,100,7.0,125
2020-11-18T16:00,12.6,0.00,12.2,97,5.6,135
2020-11-18T17:00,13.9,0.00,12.4,91,3.4,162
2020-11-18T18:00,16.4,0.00,12.1,76,4.3,175
2020-11-18T19:00,18.5,0.00,11.6,64,6.9,186
2020-11-18T20:00,20.2,0.00,10.5,53,8.4,187
2020-11-18T21:00,21.1,0.00,9.7,48,9.7,207
2020-11-18T22:00,20.6,0.00,9.5,49,10.9,226
2020-11-18T23:00,19.8,0.00,8.5,48,11.4,235
2020-11-19T00:00,18.5,0.00,8.7,53,9.5,217
2020-11-19T01:00,16.3,0.00,12.0,76,11.0,232
2020-11-19T02:00,15.6,0.00,13.4,86,5.8,240
2020-11-19T03:00,15.1,0.00,13.5,90,2.9,263
2020-11-19T04:00,14.5,0.00,13.5,94,3.4,198
2020-11-19T05:00,14.6,0.00,13.4,93,0.4,360
2020-11-19T06:00,14.4,0.00,13.0,91,1.3,56
2020-11-19T07:00,12.8,0.00,12.0,95,4.0,80
2020-11-19T08:00,12.7,0.00,11.9,95,4.8,77
2020-11-19T09:00,12.4,0.00,11.6,95,7.0,69
2020-11-19T10:00,12.2,0.00,11.4,95,5.2,74
2020-11-19T11:00,12.4,0.00,11.1,92,4.6,72
2020-11-19T12:00,11.6,0.00,10.7,95,5.6,45
2020-11-19T13:00,11.8,0.00,10.4,91,5.5,58
2020-11-19T14:00,11.1,0.00,10.1,94,3.7,61
2020-11-19T15:00,11.1,0.00,9.9,93,5.2,78
2020-11-19T16:00,12.3,0.00,9.8,85,5.8,86
2020-11-19T17:00,14.4,0.00,9.4,72,5.4,82
2020-11-19T18:00,17.0,0.00,8.5,57,4.7,94
2020-11-19T19:00,19.4,0.00,8.4,49,4.0,117
2020-11-19T20:00,21.2,0.00,8.1,43,5.4,180
2020-11-19T21:00,21.9,0.00,8.5,42,10.2,212
2020-11-19T22:00,21.3,0.00,9.4,47,12.7,225
2020-11-19T23:00,20.2,0.00,9.3,50,13.4,239
2020-11-20T00:00,19.2,0.00,10.4,57,13.4,243
2020-11-20T01:00,17.2,0.00,11.6,69,10.7,230
2020-11-20T02:00,16.0,0.00,12.4,79,6.1,230
2020-11-20T03:00,14.7,0.00,12.8,88,2.5,188
2020-11-20T04:00,14.0,0.00,13.0,94,1.1,180
2020-11-20T05:00,14.3,0.00,13.1,92,1.0,225
2020-11-20T06:00,14.4,0.00,13.1,92,0.5,225
2020-11-20T07:00,14.2,0.00,12.9,92,0.8,207
2020-11-20T08:00,13.6,0.00,12.8,95,1.3,236
2020-11-20T09:00,13.6,0.00,11.9,90,1.5,315
2020-11-20T10:00,13.6,0.00,10.6,82,0.8,297
2020-11-20T11:00,13.6,0.00,10.4,82,3.4,18
2020-11-20T12:00,13.6,0.00,9.2,75,5.4,110
2020-11-20T13:00,13.7,0.00,9.0,73,4.2,329
2020-11-20T14:00,14.4,0.00,8.1,66,2.6,304
2020-11-20T15:00,14.0,0.00,7.5,65,1.5,284
2020-11-20T16:00,14.5,0.00,7.6,63,3.9,112
2020-11-20T17:00,16.8,0.00,7.1,53,2.3,108
2020-11-20T18:00,18.5,0.00,6.4,45,1.0,135
2020-11-20T19:00,21.6,0.00,5.8,36,1.9,158
2020-11-20T20:00,23.6,0.00,6.7,34,3.9,202
2020-11-20T21:00,24.9,0.00,7.1,32,6.4,223
2020-11-20T22:00,24.9,0.00,6.2,30,7.4,223
2020-11-20T23:00,24.0,0.00,6.3,32,8.9,227
2020-11-21T00:00,20.7,0.00,7.3,42,5.4,250
2020-11-21T01:00,19.2,0.00,7.5,47,5.4,274
2020-11-21T02:00,18.4,0.00,7.8,50,4.3,275
2020-11-21T03:00,17.0,0.00,8.6,58,5.5,247
2020-11-21T04:00,15.8,0.00,8.8,63,3.9,158
2020-11-21T05:00,15.4,0.00,8.8,64,5.0,111
2020-11-21T06:00,14.8,0.00,8.9,68,5.9,128
2020-11-21T07:00,15.7,0.00,8.6,62,4.9,107
2020-11-21T08:00,16.1,0.00,8.1,59,2.4,333
2020-11-21T09:00,16.5,0.00,7.5,55,2.6,304
2020-11-21T10:00,16.3,0.00,6.8,53,2.0,315
2020-11-21T11:00,15.6,0.00,5.9,53,0.4,270
2020-11-21T12:00,15.1,0.00,7.6,60,4.1,128
2020-11-21T13:00,15.1,0.00,7.3,60,1.8,233
2020-11-21T14:00,15.2,0.00,6.0,54,2.2,270
2020-11-21T15:00,15.6,0.00,5.1,49,0.4,270
2020-11-21T16:00,15.2,0.00,5.8,53,3.3,139
2020-11-21T17:00,16.5,0.00,5.2,47,3.3,96
2020-11-21T18:00,19.9,0.00,1.8,30,2.9,60
2020-11-21T19:00,22.9,0.00,-0.3,22,2.3,51
2020-11-21T20:00,25.1,0.00,-0.9,18,1.3,214
2020-11-21T21:00,26.5,0.00,0.2,18,5.1,219
2020-11-21T22:00,26.6,0.00,2.2,21,8.4,227
2020-11-21T23:00,24.6,0.00,4.4,27,10.7,237
2020-11-22T00:00,20.9,0.00,5.7,37,10.9,243
2020-11-22T01:00,17.5,0.00,6.4,48,6.8,267
2020-11-22T02:00,16.9,0.00,7.2,53,1.8,270
2020-11-22T03:00,16.5,0.00,7.9,57,2.2,81
2020-11-22T04:00,15.9,0.00,6.9,55,4.0,95
2020-11-22T05:00,15.3,0.00,6.4,56,4.7,67
2020-11-22T06:00,15.3,0.00,4.4,48,7.2,53
2020-11-22T07:00,17.9,0.00,3.1,37,4.7,58
2020-11-22T08:00,18.9,0.00,2.9,35,2.0,135
2020-11-22T09:00,18.3,0.00,3.5,38,4.3,138
2020-11-22T10:00,17.5,0.00,3.5,39,5.0,120
2020-11-22T11:00,16.7,0.00,3.3,41,5.5,122
2020-11-22T12:00,16.4,0.00,2.1,38,1.8,281
2020-11-22T13:00,15.9,0.00,2.0,39,2.9,187
2020-11-22T14:00,13.9,0.00,2.7,47,7.9,120
2020-11-22T15:00,11.9,0.00,2.8,54,8.8,81
2020-11-22T16:00,14.4,0.00,3.2,47,5.6,105
2020-11-22T17:00,16.6,0.00,8.8,60,6.0,107
2020-11-22T18:00,19.1,0.00,10.9,59,5.9,128
2020-11-22T19:00,21.2,0.00,10.1,49,6.2,159
2020-11-22T20:00,22.9,0.00,9.6,43,6.5,174
2020-11-22T21:00,24.0,0.00,9.5,40,7.6,183
2020-11-22T22:00,24.4,0.00,9.7,40,10.0,195
2020-11-22T23:00,23.0,0.00,11.2,47,12.2,208
2020-11-23T00:00,20.7,0.00,9.8,50,10.7,225
2020-11-23T01:00,18.3,0.00,8.2,52,6.7,216
2020-11-23T02:00,16.7,0.00,8.1,57,2.6,214
2020-11-23T03:00,15.3,0.00,8.9,65,2.9,173
2020-11-23T04:00,14.4,0.00,9.4,72,3.3,174
2020-11-23T05:00,13.1,0.00,9.8,80,5.0,120
2020-11-23T06:00,12.4,0.00,10.8,89,4.7,113
2020-11-23T07:00,11.4,0.00,10.5,94,7.4,76
2020-11-23T08:00,12.1,0.00,10.6,91,6.5,96
2020-11-23T09:00,10.7,0.00,9.9,95,8.3,92
2020-11-23T10:00,10.4,0.00,9.8,95,7.6,85
2020-11-23T11:00,10.4,0.00,9.2,93,7.3,81
2020-11-23T12:00,10.6,0.00,9.4,93,7.0,102
2020-11-23T13:00,9.6,0.00,8.8,94,6.5,90
2020-11-23T14:00,10.4,0.00,9.7,95,5.6,75
2020-11-23T15:00,11.4,0.00,10.1,92,3.1,45
2020-11-23T16:00,12.1,0.00,11.8,98,7.3,81
2020-11-23T17:00,12.8,0.00,11.6,92,3.6,45
2020-11-23T18:00,14.1,0.00,11.1,82,4.8,132
2020-11-23T19:00,16.4,0.00,10.2,67,5.4,143
2020-11-23T20:00,18.3,0.00,8.4,53,5.8,158
2020-11-23T21:00,19.9,0.00,7.8,46,8.5,208
2020-11-23T22:00,19.6,0.00,9.2,51,15.3,227
2020-11-23T23:00,17.6,0.00,9.4,59,16.3,235
2020-11-24T00:00,16.7,0.00,11.6,72,9.2,225
2020-11-24T01:00,14.9,0.00,11.4,79,6.9,242
2020-11-24T02:00,14.1,0.00,11.3,83,2.8,220
2020-11-24T03:00,13.0,0.00,11.4,90,4.0,180
2020-11-24T04:00,12.4,0.00,11.2,93,6.0,115
2020-11-24T05:00,11.4,0.00,10.8,96,9.8,84
2020-11-24T06:00,11.2,0.00,10.4,95,10.6,72
2020-11-24T07:00,11.0,0.00,10.0,94,9.9,71
2020-11-24T08:00,11.3,0.00,9.8,90,9.0,61
2020-11-24T09:00,11.1,0.00,9.0,87,8.4,43
2020-11-24T10:00,10.7,0.00,8.1,84,7.4,39
2020-11-24T11:00,11.4,0.00,7.9,79,7.7,41
2020-11-24T12:00,11.5,0.00,10.0,91,8.2,61
2020-11-24T13:00,11.0,0.00,10.0,94,10.2,45
2020-11-24T14:00,11.8,0.00,10.1,89,9.2,31
2020-11-24T15:00,11.6,0.00,9.6,88,8.2,23
2020-11-24T16:00,12.9,0.00,10.1,83,8.2,15
2020-11-24T17:00,14.7,0.00,10.0,73,6.5,19
2020-11-24T18:00,16.4,0.00,9.5,64,3.2,360
2020-11-24T19:00,17.7,0.00,9.0,57,3.3,319
2020-11-24T20:00,19.1,0.00,8.6,50,2.6,304
2020-11-24T21:00,20.5,0.00,8.2,45,1.8,259
2020-11-24T22:00,21.2,0.00,7.8,42,3.2,243
2020-11-24T23:00,21.4,0.00,7.8,42,6.4,232
2020-11-25T00:00,19.6,0.00,9.1,51,9.1,252
2020-11-25T01:00,17.5,0.00,9.9,61,9.9,260
2020-11-25T02:00,16.2,0.00,9.8,66,6.2,263
2020-11-25T03:00,14.9,0.00,10.1,73,4.7,279
2020-11-25T04:00,14.6,0.00,10.1,74,3.3,193
2020-11-25T05:00,13.4,0.00,11.0,86,3.5,156
2020-11-25T06:00,12.2,0.00,10.6,90,4.7,67
2020-11-25T07:00,11.3,0.00,7.5,77,6.1,50
2020-11-25T08:00,12.1,0.00,4.6,60,3.8,49
2020-11-25T09:00,12.9,0.00,3.3,52,1.8,360
2020-11-25T10:00,12.9,0.00,3.5,53,1.1,18
2020-11-25T11:00,11.3,0.00,3.4,58,4.8,77
2020-11-25T12:00,9.5,0.00,4.5,71,9.0,74
2020-11-25T13:00,9.9,0.00,4.4,69,6.2,69
2020-11-25T14:00,8.6,0.00,4.2,74,9.4,72
2020-11-25T15:00,10.1,0.00,4.4,68,7.0,69
2020-11-25T16:00,12.4,0.00,5.1,61,3.0,104
2020-11-25T17:00,14.5,0.00,8.0,65,2.7,157
2020-11-25T18:00,16.5,0.00,9.2,62,4.5,166
2020-11-25T19:00,18.1,0.00,9.6,57,6.1,183
2020-11-25T20:00,19.3,0.00,9.8,54,6.8,198
2020-11-25T21:00,20.1,0.00,9.4,50,8.0,207
2020-11-25T22:00,20.4,0.00,8.9,47,9.7,225
2020-11-25T23:00,19.7,0.00,8.9,50,10.8,240
2020-11-26T00:00,17.9,0.00,11.6,66,11.5,238
2020-11-26T01:00,15.4,0.00,12.2,81,11.0,251
2020-11-26T02:00,14.4,0.00,12.6,90,7.3,261
2020-11-26T03:00,14.0,0.00,12.6,91,2.7,293
2020-11-26T04:00,13.6,0.00,12.4,93,0.5,45
2020-11-26T05:00,12.8,0.00,12.2,97,2.6,56
2020-11-26T06:00,12.2,0.00,11.6,96,3.2,27
2020-11-26T07:00,11.8,0.00,10.9,94,4.4,55
2020-11-26T08:00,11.2,0.00,9.4,89,4.5,61
2020-11-26T09:00,11.1,0.00,8.6,85,5.0,60
2020-11-26T10:00,11.1,0.00,9.0,87,6.6,61
2020-11-26T11:00,10.8,0.00,9.4,91,7.4,51
2020-11-26T12:00,9.5,0.00,8.0,90,7.1,30
2020-11-26T13:00,9.6,0.00,7.2,85,6.3,13
2020-11-26T14:00,8.8,0.00,5.3,79,5.2,12
2020-11-26T15:00,8.4,0.00,4.1,74,5.1,8
2020-11-26T16:00,10.9,0.00,5.0,67,4.7,4
2020-11-26T17:00,13.4,0.00,5.8,60,3.3,319
2020-11-26T18:00,15.4,0.00,5.0,50,5.7,235
2020-11-26T19:00,17.4,0.00,4.9,44,10.6,235
2020-11-26T20:00,19.9,0.00,3.0,33,9.3,242
2020-11-26T21:00,21.5,0.00,-3.0,19,3.1,21
2020-11-26T22:00,22.5,0.00,-12.9,8,11.0,49
2020-11-26T23:00,22.0,0.00,-14.4,8,17.1,55
2020-11-27T00:00,21.0,0.00,-11.0,11,14.7,68
2020-11-27T01:00,18.5,0.00,-11.4,12,14.5,35
2020-11-27T02:00,16.1,0.00,-10.2,15,12.6,3
2020-11-27T03:00,14.2,0.00,-9.8,18,8.7,7
2020-11-27T04:00,12.7,0.00,-9.6,20,7.6,19
2020-11-27T05:00,11.4,0.00,-9.7,22,6.5,34
2020-11-27T06:00,10.6,0.00,-9.9,23,6.2,36
2020-11-27T07:00,9.8,0.00,-10.1,24,6.0,25
2020-11-27T08:00,9.1,0.00,-10.2,24,4.7,23
2020-11-27T09:00,8.4,0.00,-10.6,25,6.6,9
2020-11-27T10:00,7.7,0.00,-10.9,26,8.8,12
2020-11-27T11:00,8.6,0.00,-11.6,23,3.6,37
2020-11-27T12:00,9.4,0.00,-9.2,26,4.7,4
2020-11-27T13:00,8.8,0.00,-10.2,25,9.1,326
2020-11-27T14:00,9.0,0.00,-10.3,24,8.4,301
2020-11-27T15:00,8.8,0.00,-9.6,26,8.0,297
2020-11-27T16:00,12.2,0.00,-3.0,34,3.1,339
2020-11-27T17:00,14.2,0.00,-10.9,17,2.2,99
2020-11-27T18:00,15.7,0.00,-11.5,14,2.5,225
2020-11-27T19:00,17.6,0.00,-12.2,12,5.3,208
2020-11-27T20:00,19.2,0.00,-12.6,10,6.9,171
2020-11-27T21:00,20.8,0.00,-12.1,10,8.2,195
2020-11-27T22:00,21.4,0.00,-12.4,9,9.7,228
2020-11-27T23:00,20.8,0.00,-11.1,11,11.6,265
2020-11-28T00:00,18.2,0.00,-10.9,13,9.6,283
2020-11-28T01:00,15.8,0.00,-8.8,18,5.5,281
2020-11-28T02:00,14.9,0.00,-6.7,22,5.0,339
2020-11-28T03:00,14.5,0.00,-7.4,21,1.5,14
2020-11-28T04:00,12.8,0.00,-7.7,23,2.6,16
2020-11-28T05:00,10.9,0.00,-8.8,24,4.5,29
2020-11-28T06:00,9.9,0.00,-8.8,26,5.6,40
2020-11-28T07:00,9.2,0.00,-8.2,28,6.8,32
2020-11-28T08:00,8.8,0.00,-8.2,29,7.4,29
2020-11-28T09:00,8.9,0.00,-8.2,29,7.9,24
2020-11-28T10:00,11.0,0.00,-8.8,24,5.4,8
2020-11-28T11:00,12.5,0.00,-9.3,21,5.0,21
2020-11-28T12:00,7.2,0.00,-8.0,33,9.2,48
2020-11-28T13:00,7.3,0.00,-8.4,32,8.5,36
2020-11-28T14:00,6.8,0.00,-8.8,32,6.4,27
2020-11-28T15:00,6.3,0.00,-9.1,32,4.2,20
2020-11-28T16:00,10.0,0.00,-8.9,26,3.6,37
2020-11-28T17:00,13.7,0.00,-8.8,20,2.5,90
2020-11-28T18:00,17.2,0.00,-9.9,15,2.9,30
2020-11-28T19:00,20.1,0.00,-10.7,12,2.6,344
2020-11-28T20:00,22.2,0.00,-10.8,10,2.3,252
2020-11-28T21:00,23.4,0.00,-11.6,9,5.1,219
2020-11-28T22:00,23.7,0.00,-12.2,8,7.5,215
2020-11-28T23:00,23.1,0.00,-10.9,9,9.2,228
2020-11-29T00:00,21.8,0.00,-10.6,10,5.7,252
2020-11-29T01:00,18.4,0.00,-5.8,19,8.7,277
2020-11-29T02:00,16.5,0.00,-1.2,30,6.1,298
2020-11-29T03:00,14.8,0.00,-0.9,34,5.4,340
2020-11-29T04:00,13.1,0.00,-5.3,27,4.0,5
2020-11-29T05:00,11.7,0.00,-9.1,23,3.5,24
2020-11-29T06:00,10.4,0.00,-9.6,24,5.0,30
2020-11-29T07:00,9.9,0.00,-9.7,24,6.5,19
2020-11-29T08:00,9.9,0.00,-9.9,24,8.6,15
2020-11-29T09:00,14.6,0.00,-11.6,15,5.4,4
2020-11-29T10:00,14.7,0.00,-11.6,15,5.0,330
2020-11-29T11:00,14.4,0.00,-11.8,15,3.9,338
2020-11-29T12:00,13.6,0.00,-11.2,17,3.3,96
2020-11-29T13:00,10.9,0.00,-9.6,23,5.8,83
2020-11-29T14:00,12.4,0.00,-9.8,20,4.3,66
2020-11-29T15:00,10.0,0.00,-9.4,25,5.6,50
2020-11-29T16:00,11.9,0.00,-9.6,21,2.4,27
2020-11-29T17:00,15.2,0.00,-9.9,17,2.9,90
2020-11-29T18:00,17.8,0.00,-10.3,14,3.0,104
2020-11-29T19:00,20.0,0.00,-10.9,11,0.7,270
2020-11-29T20:00,22.3,0.00,-12.1,9,2.3,321
2020-11-29T21:00,23.9,0.00,-13.1,8,0.8,297
2020-11-29T22:00,24.6,0.00,-13.4,7,3.4,198
2020-11-29T23:00,23.8,0.00,-11.9,8,6.4,227
2020-11-30T00:00,21.5,0.00,-6.3,15,12.0,231
2020-11-30T01:00,16.9,0.00,0.3,33,11.6,254
2020-11-30T02:00,16.0,0.00,4.8,48,4.6,309
2020-11-30T03:00,14.4,0.00,3.2,47,3.8,41
2020-11-30T04:00,13.4,0.00,-3.2,32,4.6,45
2020-11-30T05:00,12.2,0.00,-5.9,28,6.9,51
2020-11-30T06:00,12.1,0.00,-6.8,26,5.8,22
2020-11-30T07:00,12.6,0.00,-7.4,24,6.7,16
2020-11-30T08:00,15.0,0.00,-8.1,19,6.2,7
2020-11-30T09:00,17.0,0.00,-9.0,16,5.4,4
2020-11-30T10:00,16.9,0.00,-9.2,16,6.4,16
2020-11-30T11:00,16.2,0.00,-9.4,16,4.5,331
2020-11-30T12:00,15.8,0.00,-11.6,14,6.2,339
2020-11-30T13:00,14.9,0.00,-11.8,15,3.3,347
2020-11-30T14:00,14.6,0.00,-12.1,15,5.4,20
2020-11-30T15:00,15.2,0.00,-12.3,14,4.1,15
2020-11-30T16:00,15.6,0.00,-12.1,14,0.5,45
2020-11-30T17:00,16.8,0.00,-11.8,13,0.8,63
2020-11-30T18:00,19.8,0.00,-11.9,11,3.2,27
2020-11-30T19:00,22.7,0.00,-12.6,8,3.9,22
2020-11-30T20:00,24.5,0.00,-12.8,7,2.9,7
2020-11-30T21:00,25.8,0.00,-13.1,7,3.6,307
2020-11-30T22:00,26.3,0.00,-13.1,7,4.0,270
2020-11-30T23:00,25.8,0.00,-12.2,7,7.3,250
2020-12-01T00:00,22.0,0.00,-1.4,21,12.7,245
2020-12-01T01:00,18.6,0.00,3.2,36,6.6,248
2020-12-01T02:00,19.0,0.00,4.3,38,1.4,360
2020-12-01T03:00,15.2,0.00,1.1,39,4.2,31
2020-12-01T04:00,13.9,0.00,-4.6,27,3.6,37
2020-12-01T05:00,12.9,0.00,-7.7,23,5.1,39
2020-12-01T06:00,12.1,0.00,-9.4,21,4.3,5
2020-12-01T07:00,11.6,0.00,-9.8,21,4.3,5
2020-12-01T08:00,12.4,0.00,-9.2,21,4.6,342
2020-12-01T09:00,14.4,0.00,-9.9,18,2.6,344
2020-12-01T10:00,14.9,0.00,-9.9,17,4.7,23
2020-12-01T11:00,14.9,0.00,-9.4,18,5.6,27
2020-12-01T12:00,16.5,0.00,-8.9,17,3.1,21
2020-12-01T13:00,16.0,0.00,-8.6,18,3.9,34
2020-12-01T14:00,15.5,0.00,-8.4,18,6.5,84
2020-12-01T15:00,11.2,0.00,-8.1,25,8.9,76
2020-12-01T16:00,13.2,0.00,-7.6,23,5.4,53
2020-12-01T17:00,15.9,0.00,-8.9,17,0.7,360
2020-12-01T18:00,18.4,0.00,-10.0,14,1.5,346
2020-12-01T19:00,21.4,0.00,-10.2,11,3.3,347
2020-12-01T20:00,23.6,0.00,-10.6,9,2.1,301
2020-12-01T21:00,25.0,0.00,-11.2,8,0.8,243
2020-12-01T22:00,25.5,0.00,-11.7,8,0.4,180
2020-12-01T23:00,25.5,0.00,-11.9,8,0.8,207
2020-12-02T00:00,24.5,0.00,-8.6,10,0.8,297
2020-12-02T01:00,20.4,0.00,-6.2,16,5.6,310
2020-12-02T02:00,18.5,0.00,-4.7,20,7.1,311
2020-12-02T03:00,17.0,0.00,-4.7,22,2.3,18
2020-12-02T04:00,15.9,0.00,-7.0,20,5.4,48
2020-12-02T05:00,14.1,0.00,-7.9,21,4.2,31
2020-12-02T06:00,12.8,0.00,-8.4,22,5.0,30
2020-12-02T07:00,13.1,0.00,-8.9,21,5.2,34
2020-12-02T08:00,15.2,0.00,-8.9,18,4.8,27
2020-12-02T09:00,17.4,0.00,-9.1,15,5.6,45
2020-12-02T10:00,15.6,0.00,-8.8,18,7.3,70
2020-12-02T11:00,15.8,0.00,-9.1,17,6.8,58
2020-12-02T12:00,15.1,0.00,-8.4,19,5.6,63
2020-12-02T13:00,16.3,0.00,-8.4,18,3.4,58
2020-12-02T14:00,16.6,0.00,-8.4,17,2.3,342
2020-12-02T15:00,14.8,0.00,-8.1,20,7.0,69
2020-12-02T16:00,14.1,0.00,-7.3,22,5.4,86
2020-12-02T17:00,16.5,0.00,-7.6,19,5.1,94
2020-12-02T18:00,19.0,0.00,-8.2,15,4.6,72
2020-12-02T19:00,21.5,0.00,-7.9,13,3.3,41
2020-12-02T20:00,23.5,0.00,-8.7,11,3.1,21
2020-12-02T21:00,24.9,0.00,-9.6,9,2.3,18
2020-12-02T22:00,25.7,0.00,-10.2,9,0.0,270
2020-12-02T23:00,25.4,0.00,-8.8,10,7.4,231
2020-12-03T00:00,22.4,0.00,-1.9,20,12.8,259
2020-12-03T01:00,19.2,0.00,-3.8,21,10.6,294
2020-12-03T02:00,17.9,0.00,-3.5,23,5.5,328
2020-12-03T03:00,16.3,0.00,-3.6,25,6.5,87
2020-12-03T04:00,15.1,0.00,-4.3,26,5.7,72
2020-12-03T05:00,14.1,0.00,-4.4,28,4.8,42
2020-12-03T06:00,13.2,0.00,-6.5,25,5.9,38
2020-12-03T07:00,13.8,0.00,-7.6,22,2.3,18
2020-12-03T08:00,11.8,0.00,-7.9,25,8.7,312
2020-12-03T09:00,13.7,0.00,-9.4,19,8.2,293
2020-12-03T10:00,12.4,0.00,-8.9,22,9.3,254
2020-12-03T11:00,12.6,0.00,-8.9,21,8.2,221
2020-12-03T12:00,13.8,0.00,-8.8,20,8.9,284
2020-12-03T13:00,11.7,0.00,-9.5,22,7.1,315
2020-12-03T14:00,9.9,0.00,-10.4,23,6.9,321
2020-12-03T15:00,8.1,0.00,-11.1,24,5.2,344
2020-12-03T16:00,11.5,0.00,-11.8,18,4.4,351
2020-12-03T17:00,15.7,0.00,-11.9,14,2.4,243
2020-12-03T18:00,18.2,0.00,-13.4,10,7.9,231
2020-12-03T19:00,20.1,0.00,-16.1,7,8.4,230
2020-12-03T20:00,21.5,0.00,-17.9,6,10.2,231
2020-12-03T21:00,22.5,0.00,-17.8,6,11.2,230
2020-12-03T22:00,22.9,0.00,-17.0,6,11.7,236
2020-12-03T23:00,22.6,0.00,-15.4,7,11.6,244
2020-12-04T00:00,21.7,0.00,-10.4,11,12.2,251
2020-12-04T01:00,18.5,0.00,-7.1,17,7.2,276
2020-12-04T02:00,16.2,0.00,-11.1,14,5.4,356
2020-12-04T03:00,14.2,0.00,-13.4,14,7.0,12
2020-12-04T04:00,12.2,0.00,-14.6,14,6.2,21
2020-12-04T05:00,10.4,0.00,-14.6,16,4.2,20
2020-12-04T06:00,9.5,0.00,-14.6,17,2.2,9
2020-12-04T07:00,8.4,0.00,-14.6,18,1.8,11
2020-12-04T08:00,8.0,0.00,-14.6,18,3.4,18
2020-12-04T09:00,7.7,0.00,-14.9,18,6.0,17
2020-12-04T10:00,7.9,0.00,-15.3,18,5.2,25
2020-12-04T11:00,7.3,0.00,-15.4,18,5.8,30
2020-12-04T12:00,5.5,0.00,-14.5,22,7.9,47
2020-12-04T13:00,5.4,0.00,-15.8,20,8.8,35
2020-12-04T14:00,6.0,0.00,-16.3,18,10.0,30
2020-12-04T15:00,6.7,0.00,-16.2,18,9.7,15
2020-12-04T16:00,10.8,0.00,-14.4,16,7.2,18
2020-12-04T17:00,15.1,0.00,-16.5,10,3.6,37
2020-12-04T18:00,17.9,0.00,-15.9,9,3.6,37
2020-12-04T19:00,20.2,0.00,-16.0,7,3.8,49
2020-12-04T20:00,21.9,0.00,-15.8,7,1.0,45
2020-12-04T21:00,23.0,0.00,-15.6,6,3.2,243
2020-12-04T22:00,23.5,0.00,-16.0,6,5.5,238
2020-12-04T23:00,22.8,0.00,-15.2,7,8.4,245
2020-12-05T00:00,19.4,0.00,-8.6,14,11.1,245
2020-12-05T01:00,15.4,0.00,-1.8,31,5.2,258
2020-12-05T02:00,14.6,0.00,-1.7,32,3.4,58
2020-12-05T03:00,13.4,0.00,-4.4,29,8.4,83
2020-12-05T04:00,12.8,0.00,-7.6,24,8.7,42
2020-12-05T05:00,11.0,0.00,-11.8,19,8.7,30
2020-12-05T06:00,10.3,0.00,-12.9,18,9.2,45
2020-12-05T07:00,12.1,0.00,-13.8,15,7.9,60
2020-12-05T08:00,13.5,0.00,-14.2,13,4.5,14
2020-12-05T09:00,13.6,0.00,-14.5,13,5.8,356
2020-12-05T10:00,12.1,0.00,-14.2,14,9.7,42
2020-12-05T11:00,9.6,0.00,-14.1,17,13.5,61
2020-12-05T12:00,8.9,0.00,-12.9,20,13.4,70
2020-12-05T13:00,7.7,0.00,-13.6,21,14.2,63
2020-12-05T14:00,8.9,0.00,-13.6,19,12.4,68
2020-12-05T15:00,11.6,0.00,-14.2,15,6.8,25
2020-12-05T16:00,13.4,0.00,-14.6,13,4.5,14
2020-12-05T17:00,15.1,0.00,-13.8,12,2.3,18
2020-12-05T18:00,17.5,0.00,-14.4,10,2.2,81
2020-12-05T19:00,19.6,0.00,-14.8,9,4.7,90
2020-12-05T20:00,21.5,0.00,-14.9,8,6.9,99
2020-12-05T21:00,22.9,0.00,-15.0,7,6.3,121
2020-12-05T22:00,23.4,0.00,-14.6,7,4.8,167
2020-12-05T23:00,23.0,0.00,-13.4,8,5.9,194
2020-12-06T00:00,20.9,0.00,-2.7,20,6.9,227
2020-12-06T01:00,17.0,0.00,3.2,39,6.1,270
2020-12-06T02:00,14.8,0.00,1.5,40,7.9,313
2020-12-06T03:00,15.9,0.00,-1.6,30,6.2,277
2020-12-06T04:00,15.4,0.00,0.3,36,4.6,225
2020-12-06T05:00,14.9,0.00,2.3,43,1.5,284
2020-12-06T06:00,14.6,0.00,0.2,37,3.4,32
2020-12-06T07:00,12.7,0.00,-0.8,39,6.5,71
2020-12-06T08:00,9.9,0.00,-2.0,43,11.8,78
2020-12-06T09:00,13.2,0.00,-4.1,30,7.7,49
2020-12-06T10:00,12.1,0.00,-7.4,25,5.3,332
2020-12-06T11:00,10.8,0.00,-11.9,19,5.8,353
2020-12-06T12:00,13.3,0.00,-15.7,12,4.0,360
2020-12-06T13:00,13.1,0.00,-15.8,12,7.4,51
2020-12-06T14:00,13.1,0.00,-16.5,11,6.2,10
2020-12-06T15:00,12.6,0.00,-17.0,11,4.2,340
2020-12-06T16:00,11.0,0.00,-13.6,16,7.5,325
2020-12-06T17:00,15.7,0.00,-15.6,10,2.2,261
2020-12-06T18:00,19.0,0.00,-15.6,8,1.8,191
2020-12-06T19:00,21.5,0.00,-16.0,7,3.0,194
2020-12-06T20:00,23.0,0.00,-16.1,6,5.0,201
2020-12-06T21:00,24.0,0.00,-15.2,6,6.8,212
2020-12-06T22:00,24.2,0.00,-12.2,8,8.7,232
2020-12-06T23:00,23.2,0.00,-7.8,12,11.8,239
2020-12-07T00:00,20.5,0.00,-2.8,21,12.3,238
2020-12-07T01:00,17.1,0.00,-0.6,30,7.4,247
2020-12-07T02:00,15.1,0.00,2.8,44,7.6,265
2020-12-07T03:00,15.6,0.00,4.1,46,4.3,222
2020-12-07T04:00,14.6,0.00,6.1,57,1.3,124
2020-12-07T05:00,12.0,0.00,7.0,71,4.5,104
2020-12-07T06:00,11.1,0.00,6.7,74,6.2,97
2020-12-07T07:00,10.1,0.00,3.5,63,6.9,96
2020-12-07T08:00,8.8,0.00,0.3,55,10.0,111
2020-12-07T09:00,10.1,0.00,-2.8,40,8.0,95
2020-12-07T10:00,11.2,0.00,-4.9,32,6.6,119
2020-12-07T11:00,11.9,0.00,-5.4,29,2.3,309
2020-12-07T12:00,13.1,0.00,-9.9,19,3.8,131
2020-12-07T13:00,12.9,0.00,-10.6,19,2.3,321
2020-12-07T14:00,12.9,0.00,-10.6,18,3.6,90
2020-12-07T15:00,12.9,0.00,-10.1,19,3.4,58
2020-12-07T16:00,10.6,0.00,-8.4,25,4.1,38
2020-12-07T17:00,12.4,0.00,-6.9,25,5.6,63
2020-12-07T18:00,15.1,0.00,-8.1,19,3.1,126
2020-12-07T19:00,18.0,0.00,-6.6,18,5.2,196
2020-12-07T20:00,19.5,0.00,-7.1,16,7.2,217
2020-12-07T21:00,21.4,0.00,-7.9,13,7.3,213
2020-12-07T22:00,23.0,0.00,-8.7,11,6.0,213
2020-12-07T23:00,22.8,0.00,-7.4,13,3.6,270
2020-12-08T00:00,22.0,0.00,-6.8,14,7.1,345
2020-12-08T01:00,23.1,0.00,-10.1,10,6.0,17
2020-12-08T02:00,20.4,0.00,-8.9,13,7.4,194
2020-12-08T03:00,18.7,0.00,-8.8,15,10.2,212
2020-12-08T04:00,15.9,0.00,-7.2,20,11.8,232
2020-12-08T05:00,16.0,0.00,-7.9,19,10.2,260
2020-12-08T06:00,14.9,0.00,-8.4,19,13.1,262
2020-12-08T07:00,14.1,0.00,-9.2,19,11.4,298
2020-12-08T08:00,12.9,0.00,-9.6,20,8.2,311
2020-12-08T09:00,12.9,0.00,-9.2,20,4.8,318
2020-12-08T10:00,14.9,0.00,-9.6,18,1.9,338
2020-12-08T11:00,13.3,0.00,-9.6,19,6.6,13
2020-12-08T12:00,14.8,0.00,-9.4,18,14.8,56
2020-12-08T13:00,17.6,0.00,-11.0,13,13.2,29
2020-12-08T14:00,20.2,0.00,-11.4,11,20.9,24
2020-12-08T15:00,19.8,0.00,-11.4,11,18.4,23
2020-12-08T16:00,21.5,0.00,-11.4,10,15.8,30
2020-12-08T17:00,23.8,0.00,-10.9,9,9.5,65
2020-12-08T18:00,26.1,0.00,-10.6,8,9.2,135
2020-12-08T19:00,26.5,0.00,-10.9,8,9.7,178
2020-12-08T20:00,27.6,0.00,-11.4,7,12.6,175
2020-12-08T21:00,27.9,0.00,-11.4,7,12.9,157
2020-12-08T22:00,28.2,0.00,-11.1,7,14.4,143
2020-12-08T23:00,27.7,0.00,-10.6,7,14.6,160
2020-12-09T00:00,26.5,0.00,-8.0,10,7.2,127
2020-12-09T01:00,23.6,0.00,-10.1,10,8.9,40
2020-12-09T02:00,21.4,0.00,-11.0,10,12.2,34
2020-12-09T03:00,19.2,0.00,-11.0,12,9.2,31
2020-12-09T04:00,17.5,0.00,-10.8,14,8.5,36
2020-12-09T05:00,15.0,0.00,-8.9,18,9.0,180
2020-12-09T06:00,15.1,0.00,-9.6,17,5.8,30
2020-12-09T07:00,14.9,0.00,-9.7,17,7.1,49
2020-12-09T08:00,14.5,0.00,-9.4,18,9.0,85
2020-12-09T09:00,13.2,0.00,-7.1,24,10.1,86
2020-12-09T10:00,13.1,0.00,-6.1,26,9.7,75
2020-12-09T11:00,14.2,0.00,-5.9,24,8.0,63
2020-12-09T12:00,18.3,0.00,-12.6,11,3.2,180
2020-12-09T13:00,16.7,0.00,-12.4,12,2.3,72
2020-12-09T14:00,16.8,0.00,-12.4,12,5.2,56
2020-12-09T15:00,16.9,0.00,-12.2,12,4.1,15
2020-12-09T16:00,15.5,0.00,-10.6,16,5.5,23
2020-12-09T17:00,17.3,0.00,-11.4,13,2.1,31
2020-12-09T18:00,20.0,0.00,-11.1,11,1.1,72
2020-12-09T19:00,22.2,0.00,-10.9,10,1.1,360
2020-12-09T20:00,23.9,0.00,-10.1,10,1.3,236
2020-12-09T21:00,24.9,0.00,-9.4,10,4.7,212
2020-12-09T22:00,24.8,0.00,-7.9,11,10.9,226
2020-12-09T23:00,21.6,0.00,-3.2,19,15.9,232
2020-12-10T00:00,19.7,0.00,-2.6,22,12.2,242
2020-12-10T01:00,17.5,0.00,1.2,33,5.6,220
2020-12-10T02:00,15.9,0.00,6.1,52,4.0,175
2020-12-10T03:00,14.9,0.00,8.5,66,3.1,144
2020-12-10T04:00,13.7,0.00,8.9,73,5.4,94
2020-12-10T05:00,13.0,0.00,8.6,75,12.7,83
2020-12-10T06:00,12.7,0.00,7.3,70,12.2,92
2020-12-10T07:00,12.1,0.00,6.2,67,9.4,83
2020-12-10T08:00,11.5,0.00,5.2,65,8.8,78
2020-12-10T09:00,11.4,0.00,5.1,65,10.5,84
2020-12-10T10:00,11.5,0.00,5.4,66,10.9,81
2020-12-10T11:00,11.3,0.00,5.7,68,10.2,80
2020-12-10T12:00,10.1,0.00,6.7,79,12.1,80
2020-12-10T13:00,9.8,0.00,6.5,80,8.6,88
2020-12-10T14:00,9.0,0.00,5.8,81,7.5,73
2020-12-10T15:00,9.7,0.00,5.2,73,9.6,77
2020-12-10T16:00,12.3,0.00,5.3,63,10.6,80
2020-12-10T17:00,14.6,0.00,8.4,66,10.4,88
2020-12-10T18:00,15.6,0.00,8.7,63,10.8,105
2020-12-10T19:00,16.9,0.00,7.9,56,10.8,111
2020-12-10T20:00,18.1,0.00,7.9,51,12.5,123
2020-12-10T21:00,19.0,0.00,8.0,49,12.5,141
2020-12-10T22:00,18.9,0.00,8.6,51,12.6,180
2020-12-10T23:00,17.7,0.00,8.6,55,12.5,192
2020-12-11T00:00,16.1,0.00,8.9,62,12.5,168
2020-12-11T01:00,14.9,0.00,8.4,65,9.4,162
2020-12-11T02:00,14.6,0.00,8.9,68,8.7,150
2020-12-11T03:00,14.3,0.00,9.1,71,5.9,142
2020-12-11T04:00,13.5,0.00,9.4,76,3.3,131
2020-12-11T05:00,11.9,0.00,9.4,84,5.8,90
2020-12-11T06:00,11.6,0.00,9.4,86,5.1,86
2020-12-11T07:00,10.9,0.00,9.2,89,6.1,87
2020-12-11T08:00,10.4,0.00,8.9,90,6.3,77
2020-12-11T09:00,9.6,0.00,8.1,90,5.8,68
2020-12-11T10:00,9.1,0.00,7.2,87,5.5,58
2020-12-11T11:00,8.8,0.00,6.4,85,5.9,47
2020-12-11T12:00,7.8,0.00,7.3,97,5.6,27
2020-12-11T13:00,7.8,0.00,7.4,97,5.9,38
2020-12-11T14:00,7.6,0.00,7.1,97,5.9,38
2020-12-11T15:00,8.0,0.00,7.1,94,6.3,59
2020-12-11T16:00,9.1,0.00,6.9,86,10.5,63
2020-12-11T17:00,11.3,0.00,7.1,75,7.9,60
2020-12-11T18:00,13.1,0.00,7.2,67,6.6,77
2020-12-11T19:00,14.6,0.00,7.5,62,4.2,121
2020-12-11T20:00,16.4,0.00,6.4,52,4.5,166
2020-12-11T21:00,16.5,0.00,6.5,52,3.4,198
2020-12-11T22:00,16.5,0.00,6.7,52,3.5,204
2020-12-11T23:00,16.7,0.00,7.2,53,4.1,225
2020-12-12T00:00,16.1,0.00,8.4,60,6.6,225
2020-12-12T01:00,14.6,0.00,9.9,74,10.4,226
2020-12-12T02:00,13.6,0.00,10.6,83,8.4,227
2020-12-12T03:00,13.3,0.00,10.6,84,5.1,225
2020-12-12T04:00,12.6,0.00,10.7,88,1.9,292
2020-12-12T05:00,11.1,0.00,10.2,95,3.9,22
2020-12-12T06:00,10.8,0.00,9.7,93,4.3,42
2020-12-12T07:00,10.1,0.00,9.4,95,5.5,67
2020-12-12T08:00,9.4,0.00,9.1,98,6.0,73
2020-12-12T09:00,9.2,0.00,9.1,99,4.1,75
2020-12-12T10:00,8.9,0.00,8.9,99,5.7,72
2020-12-12T11:00,8.8,0.00,8.6,99,4.9,73
2020-12-12T12:00,8.6,0.00,8.4,99,6.5,56
2020-12-12T13:00,8.6,0.00,8.2,97,10.0,75
2020-12-12T14:00,8.8,0.00,7.3,91,10.4,76
2020-12-12T15:00,9.1,0.00,6.7,85,11.9,65
2020-12-12T16:00,10.3,0.00,7.0,80,12.5,72
2020-12-12T17:00,11.6,0.00,7.9,79,11.2,88
2020-12-12T18:00,12.9,0.00,9.4,79,9.2,116
2020-12-12T19:00,14.2,0.00,9.5,73,6.8,90
2020-12-12T20:00,15.1,0.00,9.3,68,1.5,14
2020-12-12T21:00,16.9,0.00,9.2,61,5.3,298
2020-12-12T22:00,18.7,0.00,9.1,54,12.3,277
2020-12-12T23:00,20.0,0.00,7.8,45,18.7,304
2020-12-13T00:00,21.0,0.00,5.9,37,23.1,337
2020-12-13T01:00,18.7,0.00,6.9,46,25.6,346
2020-12-13T02:00,17.0,0.00,7.2,53,16.3,329
2020-12-13T03:00,15.2,0.00,7.2,59,6.1,360
2020-12-13T04:00,13.5,0.00,7.8,68,4.5,61
2020-12-13T05:00,12.1,0.00,8.2,77,3.4,72
2020-12-13T06:00,10.9,0.00,8.0,82,1.8,37
2020-12-13T07:00,10.3,0.00,6.7,78,2.5,8
2020-12-13T08:00,9.3,0.00,4.1,70,4.7,9
2020-12-13T09:00,9.1,0.00,0.6,55,1.6,27
2020-12-13T10:00,8.8,0.00,-0.1,54,5.7,55
2020-12-13T11:00,8.8,0.00,1.9,62,7.2,53
2020-12-13T12:00,9.1,0.00,4.7,74,6.6,45
2020-12-13T13:00,8.9,0.00,3.3,68,6.5,56
2020-12-13T14:00,8.9,0.00,1.2,58,8.2,61
2020-12-13T15:00,7.4,0.00,0.3,61,7.6,25
2020-12-13T16:00,10.6,0.00,-0.1,48,4.0,360
2020-12-13T17:00,13.6,0.00,-0.3,38,2.6,344
2020-12-13T18:00,16.0,0.00,-0.8,32,3.6,45
2020-12-13T19:00,18.1,0.00,-0.8,28,3.7,29
2020-12-13T20:00,19.7,0.00,-2.0,23,2.2,81
2020-12-13T21:00,20.9,0.00,-2.3,21,4.2,239
2020-12-13T22:00,21.2,0.00,-3.5,19,7.5,215
2020-12-13T23:00,20.6,0.00,-3.9,19,12.8,232
2020-12-14T00:00,18.5,0.00,-0.3,28,16.1,260
2020-12-14T01:00,16.3,0.00,0.3,34,11.9,267
2020-12-14T02:00,14.9,0.00,3.4,46,6.6,283
2020-12-14T03:00,15.6,0.00,2.5,41,4.5,256
2020-12-14T04:00,14.1,0.00,4.8,54,6.2,263
2020-12-14T05:00,13.1,0.00,4.9,58,6.8,288
2020-12-14T06:00,13.4,0.00,4.6,55,6.0,303
2020-12-14T07:00,12.1,0.00,2.8,53,6.2,324
2020-12-14T08:00,12.2,0.00,1.2,47,5.1,321
2020-12-14T09:00,12.3,0.00,-0.8,41,4.0,5
2020-12-14T10:00,11.0,0.00,-0.8,44,3.8,41
2020-12-14T11:00,10.1,0.00,-0.4,48,5.4,42
2020-12-14T12:00,9.3,0.00,0.4,54,8.5,36
2020-12-14T13:00,9.3,0.00,1.5,58,5.9,47
2020-12-14T14:00,9.2,0.00,5.8,79,9.2,69
2020-12-14T15:00,9.1,0.00,6.2,82,6.6,29
2020-12-14T16:00,13.2,0.00,2.3,47,17.6,349
2020-12-14T17:00,14.8,0.00,2.1,42,32.4,331
2020-12-14T18:00,15.6,0.00,0.9,37,34.3,328
2020-12-14T19:00,16.3,0.00,0.1,33,30.7,320
2020-12-14T20:00,17.2,0.00,-1.0,29,32.1,315
2020-12-14T21:00,18.0,0.00,-1.6,26,32.6,311
2020-12-14T22:00,18.4,0.00,-2.0,25,30.4,311
2020-12-14T23:00,18.2,0.00,-1.8,26,27.8,310
2020-12-15T00:00,18.0,0.00,-1.6,26,24.9,304
2020-12-15T01:00,15.6,0.00,-0.8,33,24.8,319
2020-12-15T02:00,14.2,0.00,-1.2,35,20.3,333
2020-12-15T03:00,12.6,0.00,-1.0,39,15.0,336
2020-12-15T04:00,11.6,0.00,-1.1,41,11.2,345
2020-12-15T05:00,10.6,0.00,-1.7,42,6.2,353
2020-12-15T06:00,9.6,0.00,-2.2,44,5.8,7
2020-12-15T07:00,8.4,0.00,-2.2,47,5.8,30
2020-12-15T08:00,7.5,0.00,-2.3,50,7.3,57
2020-12-15T09:00,7.3,0.00,-2.7,49,4.7,32
2020-12-15T10:00,6.8,0.00,-2.9,50,2.2,9
2020-12-15T11:00,5.8,0.00,-2.8,54,1.8,11
2020-12-15T12:00,6.1,0.00,-3.0,52,9.2,45
2020-12-15T13:00,6.2,0.00,-3.8,49,6.0,17
2020-12-15T14:00,6.0,0.00,-4.8,46,4.4,35
2020-12-15T15:00,5.7,0.00,-5.2,45,3.5,24
2020-12-15T16:00,8.1,0.00,-5.3,38,2.5,8
2020-12-15T17:00,12.6,0.00,-4.8,29,3.2,117
2020-12-15T18:00,15.2,0.00,-3.5,27,2.4,243
2020-12-15T19:00,17.7,0.00,-4.4,22,7.4,241
2020-12-15T20:00,19.2,0.00,-6.2,17,9.2,231
2020-12-15T21:00,20.1,0.00,-7.1,15,9.9,224
2020-12-15T22:00,20.4,0.00,-6.0,16,12.5,219
2020-12-15T23:00,19.7,0.00,-4.0,20,16.8,223
2020-12-16T00:00,17.6,0.00,0.9,32,19.2,236
2020-12-16T01:00,15.4,0.00,5.2,51,5.6,225
2020-12-16T02:00,14.4,0.00,4.7,52,4.8,27
2020-12-16T03:00,13.1,0.00,-0.1,40,8.5,28
2020-12-16T04:00,11.5,0.00,-4.9,31,5.5,23
2020-12-16T05:00,10.1,0.00,-8.1,27,2.9,7
2020-12-16T06:00,9.5,0.00,-7.9,28,1.8,11
2020-12-16T07:00,9.4,0.00,-7.3,30,4.7,23
2020-12-16T08:00,9.1,0.00,-6.7,32,5.2,16
2020-12-16T09:00,10.2,0.00,-6.5,30,5.9,43
2020-12-16T10:00,9.6,0.00,-6.1,33,8.1,69
2020-12-16T11:00,10.3,0.00,-6.1,31,7.1,30
2020-12-16T12:00,13.2,0.00,-6.3,25,5.4,360
2020-12-16T13:00,12.9,0.00,-6.2,26,3.9,56
2020-12-16T14:00,12.7,0.00,-6.1,27,4.5,61
2020-12-16T15:00,11.9,0.00,-5.8,29,5.4,42
2020-12-16T16:00,11.1,0.00,-4.2,34,5.5,32
2020-12-16T17:00,14.1,0.00,-5.6,25,3.1,21
2020-12-16T18:00,16.9,0.00,-5.8,21,3.7,11
2020-12-16T19:00,19.3,0.00,-5.9,18,4.0,360
2020-12-16T20:00,21.1,0.00,-5.8,16,3.0,346
2020-12-16T21:00,22.5,0.00,-5.9,14,1.8,281
2020-12-16T22:00,23.1,0.00,-6.1,14,3.7,241
2020-12-16T23:00,23.0,0.00,-5.8,14,8.1,238
2020-12-17T00:00,20.0,0.00,-2.9,21,12.9,234
2020-12-17T01:00,15.9,0.00,-0.6,33,8.6,248
2020-12-17T02:00,14.8,0.00,1.0,39,1.8,233
2020-12-17T03:00,14.5,0.00,1.2,40,2.1,121
2020-12-17T04:00,13.6,0.00,1.3,43,5.1,94
2020-12-17T05:00,12.4,0.00,-0.6,41,7.1,66
2020-12-17T06:00,11.6,0.00,-2.0,39,9.1,83
2020-12-17T07:00,11.5,0.00,-2.0,39,6.8,65
2020-12-17T08:00,11.2,0.00,-2.2,39,6.4,63
2020-12-17T09:00,11.2,0.00,-2.5,38,6.2,54
2020-12-17T10:00,12.9,0.00,-2.8,34,5.9,76
2020-12-17T11:00,13.3,0.00,-2.8,33,4.0,63
2020-12-17T12:00,12.8,0.00,-1.8,37,5.4,70
2020-12-17T13:00,9.9,0.00,-1.5,45,8.5,78
2020-12-17T14:00,10.8,0.00,-0.9,45,8.3,90
2020-12-17T15:00,11.1,0.00,1.2,50,6.2,83
2020-12-17T16:00,11.4,0.00,3.3,58,8.9,69
2020-12-17T17:00,13.8,0.00,9.6,76,9.3,106
2020-12-17T18:00,15.6,0.00,10.8,73,10.0,154
2020-12-17T19:00,17.1,0.00,9.4,60,10.6,162
2020-12-17T20:00,17.9,0.00,7.3,50,10.2,203
2020-12-17T21:00,18.5,0.00,7.9,50,9.7,219
2020-12-17T22:00,18.5,0.00,8.3,51,9.7,255
2020-12-17T23:00,18.0,0.00,9.1,56,12.0,231
2020-12-18T00:00,15.9,0.00,11.1,73,10.2,225
2020-12-18T01:00,15.5,0.00,11.1,75,2.6,304
2020-12-18T02:00,15.8,0.00,11.1,74,3.8,41
2020-12-18T03:00,14.3,0.00,8.4,68,7.0,348
2020-12-18T04:00,13.9,0.00,1.9,44,17.4,336
2020-12-18T05:00,12.9,0.00,1.4,46,15.8,315
2020-12-18T06:00,11.9,0.00,1.4,49,10.8,300
2020-12-18T07:00,10.6,0.00,1.8,54,6.2,350
2020-12-18T08:00,8.9,0.00,2.5,64,7.7,37
2020-12-18T09:00,8.5,0.00,4.1,74,6.9,28
2020-12-18T10:00,8.3,0.00,3.2,71,8.1,32
2020-12-18T11:00,8.3,0.00,4.4,77,7.4,39
2020-12-18T12:00,7.9,0.00,6.7,91,8.7,48
2020-12-18T13:00,7.9,0.00,6.4,90,6.1,40
2020-12-18T14:00,8.1,0.00,5.1,82,5.3,28
2020-12-18T15:00,8.1,0.00,3.3,71,4.8,27
2020-12-18T16:00,10.2,0.00,1.6,55,4.6,18
2020-12-18T17:00,12.9,0.00,4.6,57,2.9,330
2020-12-18T18:00,15.6,0.00,1.5,39,5.1,262
2020-12-18T19:00,17.7,0.00,1.8,34,6.4,243
2020-12-18T20:00,19.4,0.00,-0.1,27,10.3,234
2020-12-18T21:00,20.4,0.00,-1.1,23,15.3,223
2020-12-18T22:00,20.6,0.00,-0.9,24,17.9,220
2020-12-18T23:00,20.0,0.00,-0.6,25,17.3,222
2020-12-19T00:00,17.9,0.00,3.6,39,12.3,238
2020-12-19T01:00,15.1,0.00,6.0,55,4.3,265
2020-12-19T02:00,14.2,0.00,6.2,58,3.3,6
2020-12-19T03:00,13.1,0.00,3.2,51,5.4,20
2020-12-19T04:00,10.9,0.00,-2.8,38,6.2,21
2020-12-19T05:00,9.9,0.00,-6.9,30,5.4,42
2020-12-19T06:00,9.8,0.00,-7.2,30,4.7,32
2020-12-19T07:00,9.2,0.00,-7.4,30,4.4,9
2020-12-19T08:00,8.6,0.00,-6.7,33,6.1,3
2020-12-19T09:00,11.0,0.00,-7.0,28,3.4,18
2020-12-19T10:00,12.8,0.00,-7.2,24,3.1,45
2020-12-19T11:00,12.5,0.00,-7.2,25,3.3,77
2020-12-19T12:00,12.5,0.00,-6.3,26,4.7,86
2020-12-19T13:00,10.5,0.00,-6.2,30,5.9,47
2020-12-19T14:00,9.9,0.00,-6.7,31,6.6,22
2020-12-19T15:00,11.0,0.00,-7.4,27,5.8,4
2020-12-19T16:00,11.8,0.00,-6.8,27,3.8,49
2020-12-19T17:00,13.9,0.00,-6.7,23,5.2,102
2020-12-19T18:00,16.5,0.00,-6.2,21,4.7,81
2020-12-19T19:00,18.8,0.00,-7.1,17,3.3,84
2020-12-19T20:00,20.1,0.00,-7.1,15,1.1,198
2020-12-19T21:00,21.2,0.00,-7.1,14,1.9,202
2020-12-19T22:00,22.0,0.00,-7.1,14,2.9,210
2020-12-19T23:00,21.7,0.00,-6.4,15,6.9,242
2020-12-20T00:00,20.2,0.00,-5.7,17,8.0,265
2020-12-20T01:00,17.0,0.00,-4.1,23,7.6,278
2020-12-20T02:00,15.4,0.00,-4.1,26,6.1,310
2020-12-20T03:00,14.1,0.00,-3.2,30,7.8,326
2020-12-20T04:00,14.1,0.00,-4.0,28,6.2,353
2020-12-20T05:00,12.8,0.00,-5.7,27,5.4,53
2020-12-20T06:00,11.6,0.00,-6.6,27,5.4,48
2020-12-20T07:00,10.1,0.00,-7.3,28,4.3,24
2020-12-20T08:00,9.9,0.00,-7.9,28,5.6,27
2020-12-20T09:00,9.4,0.00,-9.0,26,5.9,14
2020-12-20T10:00,8.2,0.00,-9.4,27,5.5,23
2020-12-20T11:00,8.2,0.00,-10.4,26,6.3,24
2020-12-20T12:00,7.1,0.00,-10.4,28,6.0,17
2020-12-20T13:00,7.0,0.00,-11.2,26,9.2,39
2020-12-20T14:00,7.9,0.00,-10.4,26,11.0,52
2020-12-20T15:00,9.6,0.00,-10.7,23,5.6,15
2020-12-20T16:00,11.1,0.00,-9.9,22,4.0,360
2020-12-20T17:00,15.4,0.00,-10.6,16,5.2,74
2020-12-20T18:00,19.1,0.00,-8.9,14,7.6,82
2020-12-20T19:00,22.5,0.00,-9.6,11,6.6,77
2020-12-20T20:00,24.2,0.00,-10.0,10,2.6,74
2020-12-20T21:00,25.2,0.00,-10.3,9,0.4,270
2020-12-20T22:00,25.9,0.00,-10.9,8,0.8,333
2020-12-20T23:00,25.9,0.00,-11.4,8,1.6,27
2020-12-21T00:00,24.3,0.00,-8.4,11,6.2,291
2020-12-21T01:00,20.5,0.00,-6.1,16,8.6,268
2020-12-21T02:00,18.6,0.00,-3.6,22,6.6,315
2020-12-21T03:00,16.4,0.00,-6.9,20,3.3,13
2020-12-21T04:00,14.8,0.00,-8.8,19,3.3,13
2020-12-21T05:00,12.9,0.00,-8.9,21,3.9,22
2020-12-21T06:00,12.2,0.00,-8.4,23,7.3,33
2020-12-21T07:00,12.4,0.00,-8.6,22,7.0,21
2020-12-21T08:00,12.8,0.00,-9.3,21,6.6,9
2020-12-21T09:00,13.8,0.00,-9.7,19,6.7,16
2020-12-21T10:00,15.4,0.00,-10.1,16,6.7,16
2020-12-21T11:00,18.1,0.00,-10.6,13,4.8,27
2020-12-21T12:00,12.1,0.00,-8.7,23,5.6,27
2020-12-21T13:00,11.2,0.00,-7.8,26,8.4,43
2020-12-21T14:00,10.8,0.00,-7.6,27,6.8,18
2020-12-21T15:00,9.3,0.00,-7.1,31,7.4,23
2020-12-21T16:00,12.2,0.00,-5.3,29,6.0,25
2020-12-21T17:00,17.4,0.00,-5.8,20,3.1,159
2020-12-21T18:00,20.0,0.00,-6.1,17,2.0,135
2020-12-21T19:00,23.4,0.00,-6.9,13,2.3,51
2020-12-21T20:00,25.9,0.00,-7.1,11,0.0,270
2020-12-21T21:00,27.2,0.00,-6.9,10,2.1,239
2020-12-21T22:00,27.9,0.00,-6.2,10,3.6,217
2020-12-21T23:00,27.6,0.00,-6.4,10,8.9,220
2020-12-22T00:00,24.6,0.00,-7.6,11,12.9,243
2020-12-22T01:00,20.9,0.00,-4.8,17,8.0,260
2020-12-22T02:00,19.2,0.00,-4.3,20,5.1,135
2020-12-22T03:00,17.1,0.00,-0.7,30,6.2,144
2020-12-22T04:00,14.9,0.00,0.7,38,7.2,93
2020-12-22T05:00,15.3,0.00,-1.7,31,7.0,111
2020-12-22T06:00,14.1,0.00,1.1,41,10.7,104
2020-12-22T07:00,13.6,0.00,4.4,54,10.5,94
2020-12-22T08:00,13.1,0.00,5.1,58,8.7,97
2020-12-22T09:00,12.8,0.00,4.1,55,7.6,95
2020-12-22T10:00,11.4,0.00,3.2,57,9.4,94
2020-12-22T11:00,11.4,0.00,2.0,52,9.1,83
2020-12-22T12:00,10.8,0.00,-0.8,45,9.7,92
2020-12-22T13:00,11.2,0.00,-2.1,39,7.5,73
2020-12-22T14:00,12.4,0.00,-4.2,31,4.8,42
2020-12-22T15:00,11.4,0.00,-4.7,32,5.6,50
2020-12-22T16:00,11.9,0.00,-3.5,34,5.7,55
2020-12-22T17:00,15.6,0.00,-2.7,28,5.4,90
2020-12-22T18:00,17.9,0.00,0.3,31,8.2,113
2020-12-22T19:00,19.6,0.00,0.2,27,8.7,142
2020-12-22T20:00,21.0,0.00,0.6,26,8.6,147
2020-12-22T21:00,21.8,0.00,1.1,25,8.6,158
2020-12-22T22:00,21.9,0.00,2.9,29,9.4,162
2020-12-22T23:00,21.2,0.00,4.8,34,9.4,173
2020-12-23T00:00,19.3,0.00,6.2,43,9.4,182
2020-12-23T01:00,16.5,0.00,7.6,55,6.5,174
2020-12-23T02:00,14.7,0.00,8.9,68,5.9,169
2020-12-23T03:00,12.8,0.00,10.1,84,5.5,157
2020-12-23T04:00,11.8,0.00,10.6,92,5.0,90
2020-12-23T05:00,11.1,0.00,9.9,93,5.5,79
2020-12-23T06:00,10.2,0.00,8.9,91,7.0,78
2020-12-23T07:00,10.0,0.00,8.4,89,6.5,84
2020-12-23T08:00,10.1,0.00,8.8,92,5.4,82
2020-12-23T09:00,10.0,0.00,8.6,91,4.7,67
2020-12-23T10:00,9.9,0.00,7.6,86,5.4,53
2020-12-23T11:00,9.4,0.00,6.8,84,5.1,39
2020-12-23T12:00,8.9,0.00,5.4,79,5.7,35
2020-12-23T13:00,9.1,0.00,5.3,77,3.8,17
2020-12-23T14:00,8.0,0.00,4.9,81,4.2,31
2020-12-23T15:00,8.1,0.00,3.4,72,2.3,18
2020-12-23T16:00,9.3,0.00,3.3,66,4.0,360
2020-12-23T17:00,11.4,0.00,0.4,47,1.4,360
2020-12-23T18:00,13.6,0.00,-1.8,34,3.3,283
2020-12-23T19:00,17.5,0.00,-0.6,30,5.0,249
2020-12-23T20:00,19.8,0.00,-3.1,21,7.9,210
2020-12-23T21:00,21.2,0.00,-4.6,17,7.4,219
2020-12-23T22:00,22.4,0.00,-5.5,15,8.4,223
2020-12-23T23:00,22.5,0.00,-4.6,16,10.3,234
2020-12-24T00:00,21.0,0.00,-5.3,17,5.8,277
2020-12-24T01:00,17.9,0.00,-1.0,28,7.3,327
2020-12-24T02:00,17.0,0.00,-6.9,19,6.4,16
2020-12-24T03:00,15.1,0.00,-17.0,9,7.4,23
2020-12-24T04:00,14.0,0.00,-17.0,10,9.0,29
2020-12-24T05:00,12.4,0.00,-13.1,16,7.0,21
2020-12-24T06:00,11.4,0.00,-13.6,16,7.4,47
2020-12-24T07:00,11.4,0.00,-15.6,14,4.1,15
2020-12-24T08:00,10.5,0.00,-14.7,15,5.8,22
2020-12-24T09:00,10.1,0.00,-15.4,15,7.8,34
2020-12-24T10:00,11.5,0.00,-17.0,12,4.3,5
2020-12-24T11:00,12.1,0.00,-18.1,10,4.5,29
2020-12-24T12:00,10.4,0.00,-16.6,13,7.3,20
2020-12-24T13:00,12.8,0.00,-18.7,10,5.8,86
2020-12-24T14:00,13.3,0.00,-18.8,9,4.9,306
2020-12-24T15:00,9.6,0.00,-17.5,13,4.0,5
2020-12-24T16:00,10.9,0.00,-17.8,12,7.8,13
2020-12-24T17:00,14.2,0.00,-17.2,10,8.1,45
2020-12-24T18:00,14.6,0.00,-16.5,10,9.4,230
2020-12-24T19:00,13.2,0.10,-13.8,14,5.2,304
2020-12-24T20:00,13.6,0.40,-9.6,19,12.5,44
2020-12-24T21:00,16.8,0.00,-6.7,19,13.8,75
2020-12-24T22:00,19.0,0.00,-6.9,17,17.4,77
2020-12-24T23:00,19.5,0.00,-7.6,15,12.3,87
2020-12-25T00:00,16.0,0.00,0.9,36,19.7,72
2020-12-25T01:00,15.4,0.10,3.3,44,10.8,69
2020-12-25T02:00,14.2,0.00,6.9,61,6.4,16
2020-12-25T03:00,12.6,0.00,9.0,79,7.6,335
2020-12-25T04:00,11.1,0.00,7.9,81,6.1,310
2020-12-25T05:00,12.4,0.00,6.7,68,5.4,352
2020-12-25T06:00,11.3,0.00,6.4,72,6.6,347
2020-12-25T07:00,9.8,0.00,5.8,76,5.7,342
2020-12-25T08:00,9.1,0.00,5.9,81,8.1,13
2020-12-25T09:00,9.8,0.00,5.8,76,8.0,5
2020-12-25T10:00,9.9,0.00,5.2,73,8.5,12
2020-12-25T11:00,10.9,0.00,4.8,66,5.8,353
2020-12-25T12:00,13.2,0.00,4.2,54,6.8,342
2020-12-25T13:00,12.8,0.00,4.1,56,5.2,25
2020-12-25T14:00,9.5,0.00,4.2,70,9.2,39
2020-12-25T15:00,9.2,0.00,4.2,71,7.5,35
2020-12-25T16:00,11.3,0.00,4.8,64,4.6,18
2020-12-25T17:00,14.7,0.00,4.2,50,4.6,342
2020-12-25T18:00,18.0,0.00,3.6,38,4.7,351
2020-12-25T19:00,20.5,0.00,2.8,31,3.3,13
2020-12-25T20:00,22.1,0.00,2.2,27,1.9,338
2020-12-25T21:00,23.1,0.00,2.2,25,0.7,180
2020-12-25T22:00,23.7,0.00,1.9,24,4.3,228
2020-12-25T23:00,23.8,0.00,1.5,23,10.5,248
2020-12-26T00:00,20.2,0.00,2.2,30,16.0,247
2020-12-26T01:00,17.6,0.00,3.5,39,8.6,255
2020-12-26T02:00,16.3,0.00,4.7,46,5.2,304
2020-12-26T03:00,15.9,0.00,3.8,44,4.2,340
2020-12-26T04:00,15.8,0.00,3.2,43,4.7,4
2020-12-26T05:00,16.0,0.00,3.2,42,3.0,76
2020-12-26T06:00,15.1,0.00,3.7,46,2.9,150
2020-12-26T07:00,14.4,0.00,4.0,50,4.5,76
2020-12-26T08:00,10.8,0.00,4.1,63,9.2,69
2020-12-26T09:00,10.2,0.00,3.8,64,9.3,74
2020-12-26T10:00,10.2,0.00,3.2,61,7.5,55
2020-12-26T11:00,12.4,0.00,2.5,51,3.6,53
2020-12-26T12:00,9.8,0.00,1.8,58,8.0,36
2020-12-26T13:00,11.1,0.00,0.6,49,6.4,47
2020-12-26T14:00,9.2,0.00,0.2,53,7.5,35
2020-12-26T15:00,9.6,0.00,-0.3,50,7.4,29
2020-12-26T16:00,10.5,0.00,0.3,49,7.1,60
2020-12-26T17:00,13.6,0.00,1.2,43,6.5,96
2020-12-26T18:00,15.8,0.00,2.9,42,5.7,108
2020-12-26T19:00,17.9,0.00,1.8,34,4.2,121
2020-12-26T20:00,19.6,0.00,0.9,29,5.4,143
2020-12-26T21:00,20.9,0.00,1.8,28,7.2,180
2020-12-26T22:00,20.9,0.00,3.7,32,10.7,213
2020-12-26T23:00,19.6,0.00,6.3,42,10.5,218
2020-12-27T00:00,17.5,0.00,9.9,61,8.9,223
2020-12-27T01:00,15.6,0.00,10.4,71,4.3,222
2020-12-27T02:00,14.6,0.00,10.9,79,2.5,180
2020-12-27T03:00,13.6,0.00,11.4,87,3.6,143
2020-12-27T04:00,12.4,0.00,11.4,93,4.3,90
2020-12-27T05:00,11.6,0.00,10.6,93,6.1,90
2020-12-27T06:00,11.1,0.00,10.1,94,7.2,93
2020-12-27T07:00,11.1,0.00,9.6,90,5.5,79
2020-12-27T08:00,10.4,0.00,8.1,85,6.5,56
2020-12-27T09:00,10.2,0.00,7.8,85,7.0,78
2020-12-27T10:00,9.8,0.00,8.5,92,7.9,66
2020-12-27T11:00,10.1,0.00,7.7,85,7.7,49
2020-12-27T12:00,11.3,0.00,8.9,85,5.4,53
2020-12-27T13:00,12.0,0.00,9.1,83,5.1,86
2020-12-27T14:00,11.9,0.00,9.4,84,4.0,360
2020-12-27T15:00,12.6,0.00,9.4,81,3.6,37
2020-12-27T16:00,12.6,0.00,9.9,84,4.3,95
2020-12-27T17:00,12.3,0.00,10.8,91,1.5,346
2020-12-27T18:00,12.4,0.00,10.4,88,3.1,54
2020-12-27T19:00,14.6,0.00,9.4,71,2.9,90
2020-12-27T20:00,15.6,0.00,8.9,65,2.1,59
2020-12-27T21:00,15.9,0.00,8.8,63,2.5,82
2020-12-27T22:00,17.0,0.00,8.9,59,6.3,257
2020-12-27T23:00,16.8,0.00,9.7,63,11.6,248
2020-12-28T00:00,16.8,0.00,10.4,66,16.5,226
2020-12-28T01:00,13.7,0.00,11.9,89,13.8,237
2020-12-28T02:00,13.6,0.00,12.0,90,8.4,220
2020-12-28T03:00,13.9,0.00,11.9,88,7.7,208
2020-12-28T04:00,13.6,0.10,11.9,89,9.4,223
2020-12-28T05:00,12.9,0.10,11.8,92,6.3,193
2020-12-28T06:00,12.6,0.10,11.4,92,11.7,169
2020-12-28T07:00,12.0,0.10,10.8,92,10.5,153
2020-12-28T08:00,11.9,0.30,10.4,91,8.7,175
2020-12-28T09:00,11.4,2.00,9.9,91,10.0,167
2020-12-28T10:00,10.8,4.80,10.1,95,20.5,219
2020-12-28T11:00,10.4,0.60,9.0,91,20.0,252
2020-12-28T12:00,9.6,0.10,7.8,88,3.3,6
2020-12-28T13:00,8.8,0.30,8.0,95,4.6,39
2020-12-28T14:00,8.4,0.70,7.9,96,7.0,69
2020-12-28T15:00,8.3,1.00,7.7,96,4.3,85
2020-12-28T16:00,8.9,0.20,8.1,95,9.7,92
2020-12-28T17:00,9.9,0.10,7.7,86,10.6,114
2020-12-28T18:00,10.6,0.10,7.8,83,8.8,125
2020-12-28T19:00,11.6,0.10,7.9,78,9.7,129
2020-12-28T20:00,11.9,0.20,7.7,75,13.2,163
2020-12-28T21:00,12.1,0.30,7.7,74,15.6,142
2020-12-28T22:00,10.6,1.80,8.2,85,16.8,149
2020-12-28T23:00,10.6,2.60,9.1,91,15.9,128
2020-12-29T00:00,9.4,2.20,8.6,95,17.7,73
2020-12-29T01:00,9.6,1.70,8.4,92,19.4,79
2020-12-29T02:00,9.2,1.60,7.1,86,20.3,70
2020-12-29T03:00,9.0,0.20,5.9,81,18.9,77
2020-12-29T04:00,7.9,0.00,5.5,85,15.2,83
2020-12-29T05:00,7.8,0.00,5.2,84,10.8,64
2020-12-29T06:00,7.4,0.00,5.4,87,7.7,37
2020-12-29T07:00,6.6,0.00,5.1,90,4.8,333
2020-12-29T08:00,6.8,0.00,4.9,88,2.1,31
2020-12-29T09:00,6.8,0.00,4.2,84,7.0,55
2020-12-29T10:00,5.9,0.00,3.8,86,4.4,9
2020-12-29T11:00,4.6,0.00,3.5,93,3.6,354
2020-12-29T12:00,6.9,0.00,3.7,80,5.4,8
2020-12-29T13:00,7.2,0.00,3.5,78,5.6,40
2020-12-29T14:00,6.0,0.00,3.2,82,4.7,23
2020-12-29T15:00,5.2,0.00,3.0,85,3.2,27
2020-12-29T16:00,6.2,0.00,4.2,87,4.7,9
2020-12-29T17:00,9.8,0.00,5.8,76,4.9,343
2020-12-29T18:00,12.9,0.00,6.7,66,9.2,315
2020-12-29T19:00,15.2,0.00,5.6,53,14.8,313
2020-12-29T20:00,16.4,0.00,4.2,44,12.4,300
2020-12-29T21:00,17.2,0.00,2.8,38,11.8,310
2020-12-29T22:00,17.1,0.00,1.5,35,19.3,331
2020-12-29T23:00,17.0,0.00,1.6,35,19.4,320
2020-12-30T00:00,16.1,0.00,5.4,49,7.8,338
2020-12-30T01:00,12.8,0.00,5.3,61,7.4,293
2020-12-30T02:00,11.2,0.00,4.8,64,6.9,321
2020-12-30T03:00,9.7,0.00,3.7,66,5.8,353
2020-12-30T04:00,9.1,0.00,2.3,62,6.3,336
2020-12-30T05:00,9.4,0.00,1.4,57,12.2,315
2020-12-30T06:00,9.2,0.00,1.3,58,16.9,320
2020-12-30T07:00,9.1,0.00,0.6,55,18.0,327
2020-12-30T08:00,8.6,0.00,-0.1,54,13.4,336
2020-12-30T09:00,7.1,0.00,-0.7,58,7.6,357
2020-12-30T10:00,5.3,0.00,-1.2,62,6.0,25
2020-12-30T11:00,4.2,0.00,-1.6,66,5.8,30
2020-12-30T12:00,2.9,0.00,-1.4,73,4.0,360
2020-12-30T13:00,2.6,0.00,-1.6,74,3.8,17
2020-12-30T14:00,2.8,0.00,-2.5,68,4.8,42
2020-12-30T15:00,2.5,0.00,-2.5,70,4.7,32
2020-12-30T16:00,5.2,0.00,-1.8,60,4.4,35
2020-12-30T17:00,9.4,0.00,-0.6,50,3.8,49
2020-12-30T18:00,12.4,0.00,0.1,43,1.5,346
2020-12-30T19:00,14.6,0.00,-0.2,36,3.6,217
2020-12-30T20:00,16.0,0.00,-2.5,28,3.1,225
2020-12-30T21:00,17.2,0.00,-3.1,25,2.3,231
2020-12-30T22:00,17.6,0.00,-1.0,28,5.6,195
2020-12-30T23:00,16.4,0.00,1.5,37,8.5,216
2020-12-31T00:00,15.9,0.00,4.2,46,7.6,239
2020-12-31T01:00,12.8,0.00,7.6,71,8.4,239
2020-12-31T02:00,12.8,0.00,5.9,63,6.3,347
2020-12-31T03:00,9.6,0.00,4.2,69,5.5,23
2020-12-31T04:00,7.8,0.00,3.4,73,6.7,36
2020-12-31T05:00,7.9,0.00,1.4,63,6.9,47
2020-12-31T06:00,6.9,0.00,0.9,66,6.0,17
2020-12-31T07:00,6.9,0.00,-0.1,61,5.4,8
2020-12-31T08:00,7.0,0.00,0.0,61,6.2,21
2020-12-31T09:00,8.6,0.00,-0.9,51,7.9,47
2020-12-31T10:00,10.9,0.00,-5.1,32,3.5,24
2020-12-31T11:00,10.2,0.00,-5.1,34,7.6,98
2020-12-31T12:00,7.1,0.00,-1.8,53,8.9,76
2020-12-31T13:00,5.9,0.00,-0.9,61,10.8,64
2020-12-31T14:00,5.7,0.00,-0.8,63,10.3,65
2020-12-31T15:00,5.4,0.00,0.5,70,9.8,84
2020-12-31T16:00,7.6,0.00,4.0,78,6.0,123
2020-12-31T17:00,10.8,0.00,5.2,69,5.1,309
2020-12-31T18:00,14.5,0.00,2.5,44,24.4,314
2020-12-31T19:00,15.6,0.00,3.3,44,27.7,328
2020-12-31T20:00,17.0,0.00,3.3,40,25.5,331
2020-12-31T21:00,18.2,0.00,1.8,33,20.0,330
2020-12-31T22:00,18.5,0.00,2.2,34,19.0,331
2020-12-31T23:00,18.1,0.00,3.3,37,16.5,324
