,date,weather_code,temperature_2m_max,temperature_2m_min,apparent_temperature_mean,daylight_duration,precipitation_sum,wind_speed_10m_max,wind_direction_10m_dominant,sunshine_duration,temperature_2m_mean,wind_gusts_10m_max,et0_fao_evapotranspiration,shortwave_radiation_sum,relative_humidity_2m_mean,relative_humidity_2m_max,relative_humidity_2m_min,pressure_msl_mean,pressure_msl_max,pressure_msl_min,surface_pressure_mean,surface_pressure_max,surface_pressure_min,cloud_cover_mean,cloud_cover_max,cloud_cover_min,wet_bulb_temperature_2m_mean,wet_bulb_temperature_2m_max,wet_bulb_temperature_2m_min
0,2020-01-01 00:00:00+00:00,3.0,17.8,7.1,9.946611,35746.973,0.0,11.709688,56.20343,34266.824,12.014583,16.56,1.887732,11.14,63.676205,89.15281,43.70636,1016.39996,1019.4,1012.9,1005.3889,1008.4778,1001.98364,36.666668,93.0,0.0,8.10209,12.723333,3.9104395
1,2020-01-02 00:00:00+00:00,3.0,17.15,7.35,10.291081,35781.66,0.0,14.003029,72.42011,34551.18,11.65625,25.56,1.5605083,11.29,83.71587,98.31609,64.65144,1014.8584,1018.8,1012.8,1003.8509,1007.7007,1001.6919,59.208332,100.0,3.0,9.820898,13.473457,6.8032236
2,2020-01-03 00:00:00+00:00,3.0,20.9,9.85,13.392246,35819.203,0.0,9.021574,38.837032,35287.707,15.129167,12.959999,2.1782303,11.83,55.125927,74.60259,39.834766,1022.75006,1026.2,1019.2,1011.7898,1015.0841,1008.0768,78.958336,100.0,0.0,10.006495,15.739264,6.8926144
3,2020-01-04 00:00:00+00:00,3.0,18.95,9.65,12.26402,35859.53,0.0,9.605998,69.31926,35328.703,13.733333,14.04,1.8871654,11.96,64.95426,87.69437,47.855045,1026.1918,1028.5,1024.8,1015.14185,1017.43085,1013.7497,59.875,100.0,0.0,9.8411,13.565962,6.7010536
4,2020-01-05 00:00:00+00:00,3.0,20.0,7.75,10.830391,35902.57,0.0,9.007196,37.34943,35372.43,12.585418,18.72,1.8914888,11.48,66.61695,87.93735,45.60117,1024.6167,1026.6,1022.4,1013.53925,1015.54553,1011.3908,80.791664,96.0,0.0,8.929669,13.226316,5.6054764
5,2020-01-06 00:00:00+00:00,0.0,21.1,5.9,9.86665,35948.258,0.0,8.089993,41.893856,35418.805,12.043751,14.04,2.10478,12.64,56.73276,74.143524,32.630993,1024.3878,1026.5,1023.3,1013.289,1015.5393,1012.1006,0.083333336,1.0,0.0,7.285351,14.789104,2.883604
6,2020-01-07 00:00:00+00:00,3.0,22.95,5.25,10.515817,35996.527,0.0,8.825508,21.53402,35338.746,12.649999,13.679999,1.9718152,11.32,57.190674,80.8591,26.151619,1019.57495,1023.2,1016.4,1008.5507,1011.94037,1005.463,65.083336,98.0,0.0,7.753174,13.763531,2.3118172
7,2020-01-08 00:00:00+00:00,3.0,17.3,7.05,9.510984,36047.3,0.0,18.584509,111.4937,32427.799,11.360416,32.399998,1.7767646,12.11,77.583046,95.99444,52.944733,1015.8625,1017.2,1014.2,1004.8328,1006.2563,1003.4135,28.916666,93.0,0.0,8.914123,11.971111,5.206732
8,2020-01-09 00:00:00+00:00,3.0,15.9,7.15,9.270416,36100.52,0.0,13.397612,293.24286,35573.12,10.875,25.919998,1.4802328,9.41,78.38951,96.3641,49.528152,1014.72076,1017.5,1011.6,1003.6848,1006.31476,1000.7836,35.333332,98.0,1.0,8.520867,11.298304,5.814969
9,2020-01-10 00:00:00+00:00,3.0,16.85,4.5,8.19755,36156.113,0.0,8.891344,47.95804,35629.39,10.08125,16.199999,1.7401261,12.38,75.0139,99.99999,49.36395,1022.3459,1024.9,1018.2,1011.19525,1013.7926,1006.98535,9.916667,100.0,0.0,7.387312,11.012285,3.3807535
10,2020-01-11 00:00:00+00:00,3.0,15.75,5.75,8.962959,36214.004,0.0,9.793059,89.44376,35687.95,10.71875,20.519999,1.5447333,10.63,78.40107,96.3428,65.436455,1020.7376,1024.0,1017.4,1009.6298,1012.74744,1006.4234,34.791668,100.0,3.0,8.458509,12.144875,3.9389677
11,2020-01-12 00:00:00+00:00,3.0,16.05,7.95,9.307625,36274.125,0.0,11.620809,23.101835,35748.746,10.820832,19.8,1.7070367,12.16,82.61352,96.663795,57.56183,1018.6167,1020.4,1016.7,1007.53644,1009.3489,1005.8405,19.375,100.0,0.0,8.9026575,11.237168,6.5834303
12,2020-01-13 00:00:00+00:00,2.0,16.5,7.05,8.965611,36336.418,0.0,13.608762,51.648487,35805.773,10.647917,26.28,1.7814524,12.65,78.49623,91.55578,49.52112,1019.07916,1020.9,1018.1,1007.9873,1009.8553,1006.90814,21.375,62.0,0.0,8.327776,11.725779,5.633073
13,2020-01-14 00:00:00+00:00,3.0,15.7,7.45,9.598332,36401.137,0.0,8.404285,30.203072,35817.395,11.083332,17.64,1.5207075,10.65,77.30454,94.08656,65.491104,1019.26666,1022.2,1017.5,1008.18964,1011.1412,1006.5167,41.666668,100.0,1.0,8.66927,12.144875,5.414654
14,2020-01-15 00:00:00+00:00,3.0,17.95,6.45,10.218062,36468.9,0.0,10.739832,293.06155,35831.016,11.554165,22.68,1.8778809,12.72,78.19111,92.35716,50.136627,1016.3833,1018.7,1014.2,1005.3552,1007.5253,1003.4116,39.25,91.0,0.0,9.127831,12.389402,5.6413374
15,2020-01-16 00:00:00+00:00,61.0,14.2,6.35,8.8325815,36539.586,2.6,15.856354,171.73015,28203.064,10.462501,30.239998,1.1149104,6.67,84.747604,100.0,65.42294,1017.4124,1020.2,1016.1,1006.33203,1009.0833,1004.9636,71.791664,100.0,0.0,8.806273,11.023702,5.877776
16,2020-01-17 00:00:00+00:00,61.0,16.1,7.5,9.818246,36613.066,4.6,14.587776,55.168438,35703.67,11.5,24.119999,1.7545544,12.03,78.46737,94.12965,53.826595,1022.0791,1024.6,1019.6,1010.988,1013.57855,1008.48035,68.166664,100.0,0.0,9.139199,11.267793,5.8843813
17,2020-01-18 00:00:00+00:00,3.0,19.75,4.55,9.052589,36689.195,0.0,7.928177,358.5498,35052.75,11.254166,17.28,2.087016,12.56,61.240498,80.67687,33.288353,1022.02496,1024.0,1019.9,1010.92236,1012.9137,1009.06946,44.916668,99.0,0.0,7.0575986,12.41083,2.3075109
18,2020-01-19 00:00:00+00:00,3.0,20.7,5.55,10.540948,36767.848,0.0,7.42159,41.566307,26615.031,12.683334,14.04,1.8378462,10.02,55.29494,77.47255,24.179697,1018.99585,1021.6,1016.6,1007.98047,1010.32404,1005.7469,58.791668,100.0,0.0,7.6644435,12.518391,2.6930304
19,2020-01-20 00:00:00+00:00,3.0,16.35,9.4,12.141918,36848.887,0.0,10.538843,156.15508,1474.4199,13.245834,19.8,1.0783886,5.4,75.411446,93.29473,64.58632,1018.1499,1020.2,1016.8,1007.1687,1009.21826,1005.7475,95.833336,100.0,74.0,10.553058,13.168793,7.6378393
20,2020-01-21 00:00:00+00:00,51.0,16.0,9.8,12.284472,36932.184,0.70000005,14.021525,225.28789,33176.0,13.041664,24.119999,1.264031,7.9,83.99282,97.0783,63.601692,1020.5334,1022.0,1019.4,1009.51855,1010.8443,1008.3734,78.458336,100.0,4.0,11.245469,12.28298,8.884835
21,2020-01-22 00:00:00+00:00,3.0,17.45,8.2,10.80746,37017.6,0.0,9.793059,82.825775,32789.69,11.83125,21.599998,1.8016376,12.76,84.79008,99.6624,64.53024,1021.729,1023.5,1019.6,1010.654,1012.4172,1008.76154,34.25,100.0,0.0,10.110381,13.442284,7.4420967
22,2020-01-23 00:00:00+00:00,3.0,22.55,8.8,12.96709,37105.016,0.0,9.885262,22.619883,36000.0,14.189584,20.16,2.2205448,13.5,67.98055,94.76453,39.224052,1019.11664,1021.6,1016.4,1008.15845,1010.4486,1005.54565,31.625,91.0,0.0,10.431257,14.747816,6.769575
23,2020-01-24 00:00:00+00:00,3.0,21.8,10.85,13.515368,37194.3,0.0,12.24,92.775734,36000.0,15.360416,24.48,2.607187,13.5,56.874012,100.0,34.61406,1015.93756,1017.5,1013.8,1005.05884,1006.4573,1003.0874,56.041668,100.0,0.0,10.32236,14.465029,7.625471
24,2020-01-25 00:00:00+00:00,3.0,21.4,8.55,12.6397085,37285.33,0.0,9.83268,143.31023,36000.0,13.712501,20.880001,2.19361,13.34,73.13205,99.00446,48.158485,1017.29175,1020.0,1016.1,1006.33563,1008.8915,1004.991,35.958332,95.0,0.0,10.621246,15.354689,6.697446
25,2020-01-26 00:00:00+00:00,3.0,17.15,9.65,12.082992,37377.977,0.0,15.517629,145.45616,22261.318,12.4958315,24.119999,1.3066307,8.24,90.56305,100.0,67.35198,1020.67914,1022.2,1019.4,1009.64166,1011.14307,1008.5488,65.25,100.0,0.0,11.388359,13.314949,9.552483
26,2020-01-27 00:00:00+00:00,3.0,22.35,8.6,12.4631,37472.125,0.0,14.471821,86.186,36000.0,14.020833,25.56,2.484535,13.48,70.924065,98.99777,33.74239,1022.0,1023.7,1020.7,1011.00415,1012.64026,1010.0286,34.0,100.0,0.0,10.533713,15.337202,7.840047
27,2020-01-28 00:00:00+00:00,2.0,23.95,7.85,12.040169,37567.656,0.0,18.59845,299.60425,36000.0,14.695832,33.839996,3.1211407,14.4,48.470913,72.88152,27.939896,1020.05835,1022.1,1017.0,1009.1081,1011.2758,1005.9876,10.416667,76.0,0.0,8.592658,14.027525,4.8887835
28,2020-01-29 00:00:00+00:00,1.0,23.65,8.3,11.890918,37664.44,0.0,12.979984,345.13165,36000.0,15.216664,27.72,3.3381283,14.61,37.418545,61.811214,11.9068985,1016.2292,1018.2,1014.0,1005.33936,1007.2436,1003.44495,5.1666665,41.0,0.0,7.47625,11.160143,4.477146
29,2020-01-30 00:00:00+00:00,3.0,23.8,7.65,11.227517,37762.383,0.0,12.620554,13.97841,36000.0,15.025001,22.319998,3.3441355,13.77,26.847147,48.445793,9.4278755,1018.84174,1020.3,1017.4,1007.91705,1009.2636,1006.81494,41.291668,97.0,0.0,6.1585693,9.913169,2.4579973
30,2020-01-31 00:00:00+00:00,3.0,26.75,9.25,14.4246,37861.344,0.0,13.830749,47.489555,36000.0,17.145834,25.199999,3.227939,14.9,35.520397,53.16798,14.917258,1022.3416,1024.9,1020.3,1011.45856,1014.11945,1009.1705,28.458334,84.0,0.0,8.885662,13.118273,4.680298
31,2020-02-01 00:00:00+00:00,2.0,28.55,12.45,16.751268,37961.23,0.0,10.041354,2.6025255,36030.4,19.531248,19.44,3.3571606,15.12,27.546434,41.757347,12.165542,1021.67505,1024.2,1018.2,1010.88776,1013.34247,1007.27747,4.25,53.0,0.0,9.682039,13.432631,5.5868807
32,2020-02-02 00:00:00+00:00,51.0,22.5,13.65,14.773914,38061.93,0.3,15.941944,157.27025,36000.0,17.004168,32.399998,3.0664165,15.0,48.259613,85.76781,25.187185,1013.68335,1017.9,1010.4,1002.89044,1006.96765,999.5181,28.208334,100.0,0.0,10.735789,14.891491,6.9490194
33,2020-02-03 00:00:00+00:00,3.0,17.3,7.95,5.684938,38163.797,0.0,37.39324,333.21393,36265.78,12.402084,63.0,5.3230114,15.5,18.711977,40.3939,6.77754,1011.5832,1015.7,1009.4,1000.6404,1004.5406,998.4069,16.0,94.0,0.0,3.512825,6.5875883,1.1577473
34,2020-02-04 00:00:00+00:00,2.0,15.7,3.85,4.2572885,38267.703,0.0,20.746122,234.39128,36000.0,9.139583,36.719997,3.465609,16.31,16.931776,29.518902,7.4713955,1019.62494,1022.2,1016.0,1008.46735,1010.88336,1004.86475,3.5833333,57.0,0.0,1.2397795,4.3877993,-2.057851
35,2020-02-05 00:00:00+00:00,2.0,17.45,1.95,5.8625884,38373.543,0.0,13.891522,244.98314,36203.59,9.629168,29.16,2.7780244,15.63,29.239038,57.29741,10.2228365,1021.554,1023.2,1019.3,1010.39325,1012.11664,1008.44055,34.25,76.0,0.0,2.6829424,6.9924088,-2.6344817
36,2020-02-06 00:00:00+00:00,1.0,19.0,5.65,8.004828,38481.19,0.0,14.277983,71.312675,36172.51,11.314583,29.16,2.9600384,15.58,43.10433,59.642574,22.823818,1020.3708,1022.3,1017.4,1009.2889,1011.10815,1006.57947,1.8333334,38.0,0.0,5.299042,9.8848505,1.8389454
37,2020-02-07 00:00:00+00:00,0.0,21.1,5.95,10.52687,38590.508,0.0,10.514218,323.97244,36435.316,12.924999,23.4,2.863542,15.81,55.024334,80.501595,28.762007,1018.4333,1020.2,1016.5,1007.43414,1009.24646,1005.7386,0.0,0.0,0.0,7.856505,11.5864105,4.0839977
38,2020-02-08 00:00:00+00:00,1.0,21.15,6.6,11.195569,38701.36,0.0,15.815435,188.66055,36403.7,12.681251,31.68,2.599697,15.86,71.57841,98.01455,35.282322,1015.7207,1017.7,1013.2,1004.74176,1006.70087,1002.42413,3.0833333,39.0,0.0,9.361953,12.719027,5.2173185
39,2020-02-09 00:00:00+00:00,51.0,15.25,9.55,10.058921,38813.63,2.7000003,17.25373,96.23162,18304.74,12.016666,38.16,1.2563264,6.08,79.70012,100.0,59.977367,1010.5291,1013.3,1008.1,999.5835,1002.22955,997.21063,85.375,100.0,16.0,9.816373,11.104814,6.8551397
40,2020-02-10 00:00:00+00:00,51.0,23.0,8.6,10.700973,38927.184,0.3,17.373497,260.80246,36924.87,14.366666,33.12,3.4676368,13.36,41.189983,71.86679,17.94191,1010.62085,1012.3,1009.3,999.7608,1001.4165,998.2478,32.541668,90.0,0.0,7.4662976,12.981249,4.4918003
41,2020-02-11 00:00:00+00:00,0.0,21.7,7.0,10.443973,39041.895,0.0,19.228851,274.9862,37183.863,14.035417,36.36,3.8243027,16.98,36.063534,66.44486,15.76039,1015.625,1017.9,1012.6,1004.6987,1006.81055,1001.71136,1.625,18.0,0.0,6.6336093,10.093595,2.4703217
42,2020-02-12 00:00:00+00:00,1.0,19.25,7.7,10.22139,39157.652,0.0,12.074766,113.82427,36859.98,12.941667,25.56,3.1885824,16.5,51.502666,92.291565,33.360367,1018.52094,1020.4,1017.3,1007.52203,1009.5365,1006.4676,3.75,39.0,0.0,7.7058024,11.90774,2.939847
43,2020-02-13 00:00:00+00:00,3.0,20.85,7.35,11.1964655,39274.33,0.0,16.179987,227.799,36537.445,13.125,29.88,2.9103298,16.69,62.594604,89.535095,32.35964,1017.925,1019.7,1015.7,1006.9392,1008.70654,1004.94366,31.541666,80.0,0.0,8.780614,11.840696,5.220809
44,2020-02-14 00:00:00+00:00,1.0,21.35,8.4,11.822646,39391.81,0.0,18.79255,209.21915,37375.387,13.741668,38.16,2.924295,16.92,59.157406,90.4304,33.310474,1018.06244,1020.1,1016.6,1007.09937,1008.99036,1005.8375,8.0,36.0,0.0,9.043873,12.435419,5.761136
45,2020-02-15 00:00:00+00:00,1.0,20.85,7.15,11.316581,39509.977,0.0,13.004922,152.92802,37342.49,13.147916,27.359999,2.9028301,16.92,66.29285,91.00495,38.235905,1020.92505,1022.8,1019.3,1009.90753,1011.83,1008.4704,8.25,42.0,0.0,9.242076,13.030258,5.099967
46,2020-02-16 00:00:00+00:00,1.0,21.25,8.0,12.005576,39628.73,0.0,14.336861,124.01936,37598.504,13.785417,29.88,2.8191278,16.5,64.864784,91.50087,35.92891,1019.12915,1021.7,1016.2,1008.15576,1010.5533,1005.39825,3.2916667,24.0,0.0,9.689782,12.929344,7.0939198
47,2020-02-17 00:00:00+00:00,3.0,22.8,8.1,12.613965,39747.938,0.0,11.720751,110.078316,36989.355,14.204167,24.119999,3.0469024,17.02,64.65884,92.387184,37.09639,1014.15405,1016.0,1011.6,1003.24927,1004.9467,1001.0183,39.333332,93.0,0.0,10.05936,14.209133,5.9731216
48,2020-02-18 00:00:00+00:00,3.0,22.75,10.2,13.541393,39867.504,0.0,17.068707,191.62436,30819.068,14.747918,32.039997,2.6758296,14.61,71.47119,96.79186,40.678036,1015.07074,1016.8,1013.7,1004.1779,1005.86053,1002.9847,67.583336,100.0,0.0,11.383464,14.660999,6.354254
49,2020-02-19 00:00:00+00:00,3.0,21.15,11.5,14.744777,39987.316,0.0,14.291592,202.08313,35706.254,15.387498,29.88,2.7702427,16.15,75.89503,95.81856,47.015503,1017.4084,1018.9,1016.1,1006.51514,1008.0205,1005.3299,29.333334,100.0,0.0,12.480374,14.270245,10.608966
50,2020-02-20 00:00:00+00:00,0.0,26.95,9.85,15.22759,40107.273,0.0,14.654254,148.67137,38380.43,17.470835,26.64,3.7745218,18.05,43.57614,94.85421,15.273467,1017.92096,1019.9,1016.0,1007.0964,1009.17584,1005.3848,1.125,19.0,0.0,9.940414,13.304441,6.070016
51,2020-02-21 00:00:00+00:00,61.0,24.6,14.4,15.70359,40227.26,1.5,15.463244,135.89505,37275.223,18.322916,31.319998,3.5624676,13.98,41.84321,92.21391,18.69558,1016.24164,1017.9,1013.5,1005.46924,1006.96576,1002.9606,37.125,69.0,0.0,10.826187,14.043087,7.708802
52,2020-02-22 00:00:00+00:00,51.0,17.8,12.15,13.045799,40347.184,1.9000002,16.1198,168.80696,36000.0,14.325,37.8,2.233514,13.82,77.352,96.17296,45.139965,1017.2248,1020.4,1015.8,1006.29474,1009.3952,1004.8429,66.833336,97.0,34.0,11.735845,13.653746,10.851102
53,2020-02-23 00:00:00+00:00,3.0,19.9,10.95,13.33977,40467.4,0.0,16.641972,206.10164,38382.566,14.041665,34.56,2.313287,14.32,79.334656,97.06129,48.07477,1023.41656,1025.8,1020.6,1012.40845,1014.8526,1009.57367,33.75,88.0,0.0,11.624036,13.370064,9.878452
54,2020-02-24 00:00:00+00:00,2.0,19.7,8.95,12.51244,40588.79,0.0,11.177405,34.95075,38455.082,13.308333,23.759998,2.7398043,17.47,80.47074,96.74706,52.71749,1022.14166,1024.5,1019.0,1011.1181,1013.34247,1008.1624,12.0,66.0,0.0,11.024241,14.659552,7.7375984
55,2020-02-25 00:00:00+00:00,0.0,28.0,9.25,14.715123,40711.28,0.0,14.77755,328.44873,39605.707,17.187498,28.08,4.16466,19.05,44.869507,89.90936,14.837135,1021.5791,1024.5,1020.2,1010.7048,1013.5289,1009.1279,0.041666668,1.0,0.0,9.650651,13.411291,5.6963043
56,2020-02-26 00:00:00+00:00,3.0,26.3,10.45,14.077694,40834.766,0.0,16.704155,297.89713,39902.695,17.481249,37.44,4.2826204,19.4,24.84231,42.32136,10.127181,1024.1667,1027.0,1021.5,1013.2779,1016.0886,1010.60223,24.833334,100.0,0.0,7.607713,10.716312,4.691161
57,2020-02-27 00:00:00+00:00,3.0,30.0,10.5,16.794086,40959.15,0.0,10.966713,16.750387,35267.742,19.860415,21.96,3.9740438,17.62,24.927156,42.445126,7.4663167,1020.73755,1022.6,1018.7,1009.9704,1011.58856,1008.3166,90.041664,100.0,0.0,9.099307,12.384018,4.634144
58,2020-02-28 00:00:00+00:00,3.0,30.2,15.5,18.095434,41084.324,0.0,21.578989,163.30063,39075.89,21.637499,41.039997,5.0490594,17.78,22.435858,52.174633,6.0600758,1019.06256,1020.4,1016.8,1008.37946,1009.8525,1006.35034,76.25,100.0,8.0,9.914327,11.502539,6.598811
59,2020-02-29 00:00:00+00:00,3.0,22.2,12.95,15.0458555,41210.2,0.0,16.904673,161.63544,39374.11,16.760416,34.2,3.64735,18.76,58.516468,84.06894,33.319546,1017.55005,1019.3,1015.0,1006.70654,1008.37506,1004.2655,42.5,100.0,0.0,11.754501,13.363247,8.677233
60,2020-03-01 00:00:00+00:00,51.0,15.4,10.75,10.765915,41336.664,1.6000001,21.986542,186.25826,26860.785,13.2854185,40.68,2.210722,9.98,66.589714,91.770294,42.77026,1014.5749,1017.0,1012.7,1003.63403,1006.0432,1001.71124,85.583336,100.0,36.0,9.627023,12.011887,8.239981
61,2020-03-02 00:00:00+00:00,53.0,22.05,8.05,11.938988,41463.633,1.3000001,23.269482,300.35794,40802.68,14.954167,38.16,4.061528,19.51,43.73138,88.2388,15.002883,1011.56665,1013.4,1009.4,1000.7177,1002.37695,998.83606,23.458334,100.0,0.0,7.839025,9.50456,4.573411
62,2020-03-03 00:00:00+00:00,0.0,28.1,10.45,14.139207,41591.004,0.0,28.449112,298.07233,41105.785,18.30625,45.719997,5.717566,20.38,26.539736,54.5543,8.78525,1013.1541,1015.5,1011.6,1002.4116,1004.6139,1000.9963,0.0,0.0,0.0,8.428564,12.566332,3.192916
63,2020-03-04 00:00:00+00:00,3.0,24.1,10.3,14.460929,41718.688,0.0,16.992609,148.30347,41233.8,15.914585,35.64,3.7280874,19.89,62.507244,88.01239,34.965115,1019.0249,1021.3,1016.0,1008.13336,1010.3026,1005.07294,43.5,99.0,0.0,11.442801,15.277237,7.7370796
64,2020-03-05 00:00:00+00:00,3.0,24.75,10.65,15.789859,41846.582,0.0,17.87718,232.80006,34016.035,16.4625,33.48,3.7223408,19.27,71.69928,100.0,37.384007,1019.5542,1021.9,1016.4,1008.6761,1010.8076,1005.70734,83.458336,100.0,30.0,12.765381,15.765802,10.455534
65,2020-03-06 00:00:00+00:00,3.0,22.7,10.8,14.474551,41974.6,0.0,17.49615,172.67978,35397.793,15.429166,32.399998,3.1667893,18.1,76.84669,100.0,46.180527,1016.2083,1017.5,1014.2,1005.3289,1006.55115,1003.47943,66.875,100.0,1.0,12.584928,15.483614,10.513154
66,2020-03-07 00:00:00+00:00,51.0,17.8,11.25,12.264678,42102.656,1.6000003,22.380884,212.00536,32749.04,13.777083,41.039997,2.1643052,12.07,74.63407,95.139084,51.028614,1015.91235,1016.9,1014.7,1004.9754,1005.99335,1003.80554,87.666664,100.0,34.0,10.911864,11.942415,10.326847
67,2020-03-08 00:00:00+00:00,51.0,18.85,9.85,12.314941,42230.65,1.3000001,19.376562,220.20978,40684.77,13.839583,37.8,2.9538627,17.24,68.315025,91.05913,35.612114,1016.6416,1019.7,1015.3,1005.69867,1008.6816,1004.26575,69.5,100.0,21.0,10.174827,10.789085,8.835898
68,2020-03-09 00:00:00+00:00,3.0,22.95,9.25,13.047708,42358.496,0.0,31.853388,105.92489,19437.95,15.458335,58.32,2.9643865,12.04,51.86339,83.28161,25.87422,1018.16656,1020.2,1015.2,1007.2659,1009.3478,1004.6022,93.75,100.0,52.0,9.558724,12.463388,5.9172277
69,2020-03-10 00:00:00+00:00,63.0,18.1,13.3,14.35916,42486.094,28.600002,21.67786,108.64271,7351.3115,15.320832,40.32,1.2257718,6.65,86.9858,100.0,63.163067,1016.66675,1017.5,1015.3,1005.77985,1006.6468,1004.4665,90.083336,100.0,45.0,13.813572,15.957235,11.369581
70,2020-03-11 00:00:00+00:00,61.0,19.6,13.6,15.777866,42613.363,7.399999,10.739832,146.30988,35606.73,15.985416,24.119999,2.3492103,13.92,81.86269,95.86151,60.750034,1016.2585,1018.2,1013.8,1005.40045,1007.397,1003.0744,57.041668,100.0,21.0,13.826873,15.227066,12.29538
71,2020-03-12 00:00:00+00:00,63.0,17.1,11.5,13.673065,42740.207,16.599998,24.993437,241.75038,16774.014,14.214583,43.199997,1.2851704,7.64,85.68392,97.406204,73.04846,1010.2668,1014.7,1006.7,999.40704,1003.84296,995.8805,67.083336,100.0,3.0,12.570011,14.181112,10.738365
72,2020-03-13 00:00:00+00:00,63.0,15.7,11.75,12.413964,42866.547,24.700005,13.698934,118.442825,6698.3247,13.047917,27.0,1.1342018,6.75,90.544426,97.720985,72.40431,1012.82916,1017.4,1010.1,1001.89795,1006.40265,999.15106,92.291664,100.0,41.0,11.967168,13.199787,11.186234
73,2020-03-14 00:00:00+00:00,53.0,16.2,10.9,12.430851,42992.707,5.399999,11.808878,153.43501,18941.836,13.068751,29.519999,1.3615934,8.24,88.35319,98.68231,73.94873,1018.99585,1020.2,1017.4,1007.9987,1009.16473,1006.3489,81.458336,100.0,46.0,11.742991,13.19058,10.17012
74,2020-03-15 00:00:00+00:00,53.0,16.9,10.85,12.319856,43119.496,1.4000001,18.218275,222.53708,42566.285,13.40625,33.839996,2.6996896,17.7,77.4968,97.376884,52.85193,1019.90424,1020.9,1019.1,1008.91,1009.9938,1008.0244,68.291664,100.0,10.0,10.861637,12.218025,9.677308
75,2020-03-16 00:00:00+00:00,63.0,15.65,10.3,10.39167,43246.875,11.299999,27.757376,160.16777,28484.215,12.364582,50.039997,1.6268957,8.96,80.746994,94.2034,55.955795,1016.2083,1019.3,1013.9,1005.21454,1008.26685,1002.89825,70.583336,100.0,36.0,10.240314,12.110807,9.288724
76,2020-03-17 00:00:00+00:00,51.0,13.95,5.5,8.439074,43374.75,0.4,10.296251,302.574,42891.973,10.202084,24.119999,2.4035099,17.28,78.81777,94.10249,58.940502,1014.8875,1017.0,1013.2,1003.8242,1005.99744,1002.1307,25.458334,53.0,5.0,7.94948,9.767958,4.6952763
77,2020-03-18 00:00:00+00:00,3.0,16.15,5.0,7.9288144,43503.04,0.0,21.758419,255.49979,38986.28,10.222917,38.88,2.9979887,19.56,68.87701,89.07868,44.10486,1009.69574,1013.4,1007.1,998.6884,1002.24225,996.3374,57.916668,100.0,0.0,6.8868356,9.901678,3.9130135
78,2020-03-19 00:00:00+00:00,61.0,14.85,7.25,9.011756,43631.668,4.0,15.072783,127.735245,43128.625,11.0,29.519999,2.289519,15.53,79.86881,95.7389,56.564198,1017.57104,1022.3,1012.1,1006.50934,1011.1486,1000.9625,46.791668,100.0,1.0,8.814321,10.354226,5.6391296
79,2020-03-20 00:00:00+00:00,51.0,16.75,9.2,11.328396,43760.547,1.5000001,12.7279215,109.58929,36730.887,12.900001,24.84,2.3094993,13.83,76.970146,94.41974,52.573727,1022.029,1023.9,1020.2,1010.9921,1012.9238,1009.20306,78.916664,100.0,36.0,10.300542,11.789982,8.149757
80,2020-03-21 00:00:00+00:00,53.0,17.3,11.1,13.183651,43889.59,2.1999998,14.693999,223.8101,43035.637,13.935418,26.64,2.7656863,17.74,77.43391,94.50698,61.081787,1020.6042,1021.5,1019.0,1009.62256,1010.4751,1008.1327,62.625,100.0,24.0,11.3854475,13.5198765,9.641624
81,2020-03-22 00:00:00+00:00,63.0,19.6,10.1,12.810212,44018.72,19.2,15.745627,124.00754,28800.0,13.987502,31.68,2.5987778,14.77,78.09349,94.88554,49.185642,1019.47504,1021.5,1017.2,1008.5068,1010.45636,1006.2297,75.666664,100.0,29.0,11.434303,13.247536,8.493914
82,2020-03-23 00:00:00+00:00,63.0,16.7,11.25,12.682654,44147.855,8.6,19.8,241.57509,37164.406,13.666665,37.079998,2.6093483,17.51,82.33527,97.7201,60.014603,1019.8542,1022.3,1017.1,1008.87085,1011.2439,1006.1096,59.0,100.0,22.0,11.65805,12.707012,10.411342
83,2020-03-24 00:00:00+00:00,53.0,17.4,9.25,11.594684,44276.914,1.0,16.595179,225.50923,43200.0,12.874997,33.48,2.8214617,18.51,80.04096,97.339806,54.38572,1021.14594,1022.7,1019.3,1010.11725,1011.7292,1008.40704,49.458332,100.0,2.0,10.60488,12.468418,8.580271
84,2020-03-25 00:00:00+00:00,51.0,15.75,10.35,11.126653,44405.812,1.1,21.485697,237.60014,43200.0,12.877084,38.88,2.6046634,16.91,74.756615,92.01538,57.524307,1017.6833,1020.4,1015.2,1006.69293,1009.33185,1004.23395,70.333336,100.0,25.0,10.095267,11.189535,8.319545
85,2020-03-26 00:00:00+00:00,53.0,15.5,4.9,7.803394,44534.46,1.0,25.96496,271.47186,43200.0,10.343751,47.16,3.3550813,22.7,67.366646,90.65517,41.153244,1015.8709,1017.1,1013.9,1004.8017,1006.0114,1003.0424,17.791666,61.0,0.0,6.859775,8.797594,3.9542723
86,2020-03-27 00:00:00+00:00,1.0,17.2,4.85,8.212846,44662.785,0.0,25.63847,244.16714,43200.0,10.664583,45.719997,3.6406345,24.15,65.90441,91.94718,34.709095,1018.4832,1021.6,1016.1,1007.39716,1010.42706,1004.8866,5.6666665,21.0,0.0,6.9068027,10.414575,3.6837473
87,2020-03-28 00:00:00+00:00,3.0,18.5,7.8,10.836377,44790.695,0.0,15.778516,161.86969,43200.0,12.658334,29.16,3.573637,22.11,66.10699,85.51121,44.214073,1020.804,1023.0,1018.7,1009.7705,1011.99194,1007.68854,52.458332,99.0,0.0,8.89818,12.123436,5.1536627
88,2020-03-29 00:00:00+00:00,51.0,18.15,8.2,11.637849,44918.105,0.6,18.193361,244.09361,43200.0,12.956249,37.079998,3.2081878,20.38,75.952576,95.727325,48.762745,1018.8874,1020.0,1017.6,1007.8858,1009.09955,1006.7568,21.625,95.0,0.0,10.198777,12.554298,7.1128626
89,2020-03-30 00:00:00+00:00,3.0,22.35,7.85,13.050883,45044.93,0.0,19.08,47.231266,43200.0,14.033333,37.079998,4.056033,24.21,72.43415,97.663376,42.245045,1021.9333,1024.9,1020.2,1010.9389,1013.917,1009.1334,16.791666,100.0,0.0,10.72459,14.884689,7.0972795
90,2020-03-31 00:00:00+00:00,3.0,25.4,10.85,16.297945,45171.082,0.0,17.309975,145.49138,40129.01,17.672916,34.56,4.041378,20.25,54.39102,84.91755,31.653448,1015.9917,1021.0,1011.8,1005.19653,1009.9231,1000.95917,97.125,100.0,84.0,11.873993,15.211645,8.573275
91,2020-04-01 00:00:00+00:00,3.0,23.95,11.2,15.665246,45296.473,0.0,17.673029,171.63419,43200.0,16.391666,36.0,4.167589,23.66,70.49813,97.05787,43.554962,1011.0791,1012.3,1009.8,1000.2902,1001.4985,999.1873,43.958332,100.0,0.0,12.772063,16.101631,10.072889
92,2020-04-02 00:00:00+00:00,51.0,22.9,12.9,15.745755,45421.01,0.1,20.88,174.36937,40454.305,16.679167,40.32,3.7470436,20.47,68.76469,93.360374,34.4566,1013.74585,1015.0,1012.4,1002.9399,1004.1435,1001.52484,48.875,93.0,9.0,12.836071,14.620567,11.255256
93,2020-04-03 00:00:00+00:00,3.0,21.6,10.85,14.440747,45545.016,0.0,19.319628,220.43044,43200.0,15.587501,39.96,4.1028476,23.97,67.87493,100.0,29.545097,1013.9377,1015.6,1011.9,1003.0886,1004.7709,1001.14905,21.541666,100.0,0.0,11.665623,13.097065,10.096089
94,2020-04-04 00:00:00+00:00,51.0,20.8,11.75,13.89548,45669.24,0.5,20.08916,172.7312,43200.0,15.34375,39.6,3.0382116,16.34,73.15277,98.36232,43.256756,1012.3376,1013.9,1010.8,1001.497,1003.1332,1000.0607,58.875,100.0,0.0,12.133808,13.4421215,11.213957
95,2020-04-05 00:00:00+00:00,53.0,18.1,12.25,12.71589,45793.637,2.6999998,18.11841,208.01375,38378.04,14.633332,34.92,2.6894572,13.32,70.064095,91.46606,46.809624,1011.93756,1013.0,1010.8,1001.07544,1002.1835,999.9941,92.083336,100.0,52.0,11.208561,11.66127,10.684085
96,2020-04-06 00:00:00+00:00,65.0,16.05,11.8,12.051877,45918.137,31.7,18.25026,185.469,11585.981,13.395835,37.44,1.5123291,8.21,85.39599,96.775795,62.761147,1013.0376,1016.8,1010.5,1002.11743,1005.77844,999.56964,94.708336,100.0,67.0,11.751727,13.245747,10.891298
97,2020-04-07 00:00:00+00:00,63.0,16.1,10.3,11.660539,46042.65,13.799999,20.037485,112.85883,19775.979,12.439584,38.88,1.7358599,10.21,86.543205,97.36152,62.984535,1016.35004,1018.4,1012.5,1005.35736,1007.4263,1001.55365,83.166664,100.0,47.0,10.919185,12.380217,9.687624
98,2020-04-08 00:00:00+00:00,61.0,14.85,9.3,10.3381405,46167.09,11.6,14.84318,154.40599,30048.62,11.697918,30.960001,2.4842806,16.49,81.895195,97.68884,54.958565,1016.82916,1019.9,1015.1,1005.803,1008.77106,1004.0118,91.708336,100.0,64.0,9.705646,11.217926,8.540078
99,2020-04-09 00:00:00+00:00,63.0,12.6,9.7,8.525956,46291.387,19.4,17.057314,87.37558,0.0,10.7625,28.8,0.92519355,4.33,86.72797,94.17674,81.36246,1019.4834,1021.0,1018.3,1008.3923,1009.92535,1007.2274,99.416664,100.0,90.0,9.335334,10.805035,8.18648
100,2020-04-10 00:00:00+00:00,61.0,15.65,9.35,9.7547035,46415.457,8.9,19.483284,55.77511,26804.357,11.818749,36.0,2.1553297,13.6,76.929794,90.970856,61.826286,1015.9917,1018.6,1014.1,1004.97906,1007.4912,1003.16876,82.916664,100.0,42.0,9.322637,11.307279,7.899252
101,2020-04-11 00:00:00+00:00,3.0,20.95,7.75,12.674891,46539.207,0.0,19.09358,165.64574,43200.0,13.458333,36.0,3.365972,21.77,82.27567,99.32608,58.093224,1015.1042,1016.7,1014.1,1004.1621,1005.6852,1002.9521,37.416668,100.0,1.0,11.384448,15.610811,6.966839
102,2020-04-12 00:00:00+00:00,53.0,16.55,11.8,13.136597,46662.562,2.3999999,14.764389,140.24187,4945.5815,13.950001,25.199999,1.6559958,9.24,86.33552,99.67313,70.1967,1017.4959,1019.0,1016.6,1006.5486,1008.01025,1005.5806,94.458336,100.0,33.0,12.378826,13.093393,11.41357
103,2020-04-13 00:00:00+00:00,51.0,17.4,11.45,13.809096,46785.426,0.1,19.33639,237.12909,35942.633,14.216667,35.64,2.3919988,15.5,84.13352,97.415215,66.076355,1019.6541,1021.2,1018.7,1008.69354,1010.15393,1007.70184,64.541664,100.0,1.0,12.3912325,13.914507,10.5913105
104,2020-04-14 00:00:00+00:00,3.0,22.75,10.2,14.776253,46907.723,0.0,18.278645,252.28792,37068.203,15.187499,31.68,3.720851,22.35,80.61285,99.66784,55.55256,1019.7832,1021.8,1017.1,1008.8554,1010.6699,1006.34705,40.833332,100.0,0.0,12.78471,17.815224,9.541039
105,2020-04-15 00:00:00+00:00,0.0,25.15,8.4,15.43113,47029.348,0.0,17.283749,231.2344,44977.004,16.668749,33.12,5.0585275,26.95,56.69162,87.68191,33.429405,1016.5918,1019.0,1013.2,1005.7518,1007.8711,1002.49536,0.0,0.0,0.0,11.231865,16.193647,5.9414425
106,2020-04-16 00:00:00+00:00,2.0,22.1,11.25,15.09697,47150.22,0.0,15.0038395,147.55678,44943.508,15.756248,30.599998,4.3305693,26.36,75.2777,95.19096,46.296684,1013.5959,1014.5,1012.3,1002.75653,1003.7983,1001.634,5.3333335,75.0,0.0,12.729962,15.569115,9.953873
107,2020-04-17 00:00:00+00:00,51.0,19.2,11.4,14.216111,47270.246,0.6,13.556282,178.62518,28800.0,14.714581,27.72,2.6403024,15.35,80.79366,100.0,51.804886,1014.72095,1016.9,1013.5,1003.8316,1005.9538,1002.50446,76.166664,100.0,12.0,12.438315,13.288853,11.314159
108,2020-04-18 00:00:00+00:00,51.0,19.0,11.95,14.3403015,47389.332,1.7,19.878391,221.92458,37718.55,15.077085,35.64,3.165034,19.01,78.27178,98.04069,55.641148,1017.35834,1018.8,1016.3,1006.45465,1007.78937,1005.324,60.208332,100.0,7.0,12.5302925,13.84343,11.002941
109,2020-04-19 00:00:00+00:00,3.0,19.25,9.95,13.555428,47507.375,0.0,18.0,227.62088,44563.023,14.489582,35.64,3.3836768,21.45,76.59282,95.41077,56.160397,1017.57916,1019.2,1016.0,1006.6506,1008.3378,1005.09534,62.375,100.0,6.0,11.76802,13.849314,9.4179325
110,2020-04-20 00:00:00+00:00,51.0,18.55,11.05,14.270893,47624.285,0.3,15.281989,211.59846,31042.02,14.91875,28.44,2.4261882,13.91,79.44963,95.13162,62.49473,1018.03345,1019.3,1016.9,1007.1164,1008.4517,1005.8811,76.041664,100.0,34.0,12.523753,14.372509,10.485808
111,2020-04-21 00:00:00+00:00,1.0,23.65,11.75,15.989174,47739.96,0.0,25.661207,226.34921,45445.848,16.795834,48.239998,4.545487,26.32,71.72201,96.74834,38.655125,1018.3249,1019.7,1017.3,1007.4737,1008.7103,1006.6231,10.875,47.0,0.0,13.214694,16.12035,11.354927
112,2020-04-22 00:00:00+00:00,1.0,31.4,10.55,18.772284,47854.3,0.0,27.897097,297.27664,46139.58,20.15625,46.079998,6.3410916,27.11,55.998463,91.35607,19.255722,1018.10834,1020.1,1015.0,1007.3785,1009.21643,1004.6066,1.7083334,40.0,0.0,13.824555,19.9883,9.599783
113,2020-04-23 00:00:00+00:00,0.0,33.1,14.2,22.623497,47967.586,0.0,20.945072,208.70578,46185.195,23.562498,41.399998,6.448205,27.04,43.5262,71.88634,25.00563,1013.73737,1016.9,1010.5,1003.17755,1006.1891,1000.11163,0.8333333,16.0,0.0,15.252479,19.431746,11.080826
114,2020-04-24 00:00:00+00:00,2.0,36.3,14.95,24.318281,48080.56,0.0,21.252197,252.60077,46230.17,25.599998,38.88,7.345788,27.2,39.763218,72.26697,13.211465,1012.08746,1013.6,1010.1,1001.6136,1003.033,999.8513,8.416667,74.0,0.0,15.645366,20.397078,11.70882
115,2020-04-25 00:00:00+00:00,3.0,34.25,16.75,24.106194,48193.152,0.0,16.135872,153.6089,46561.465,24.397917,31.68,6.465959,27.41,47.32266,71.17095,22.450754,1013.22485,1014.8,1012.1,1002.7005,1004.2962,1001.623,16.791666,83.0,0.0,16.50485,19.770205,13.388063
116,2020-04-26 00:00:00+00:00,3.0,31.6,15.7,22.900942,48305.29,0.0,17.713316,195.67656,46046.39,22.716665,36.0,5.6876216,25.94,57.45294,88.1863,28.79928,1013.321,1014.3,1012.3,1002.7363,1003.69556,1001.8362,68.5,97.0,1.0,16.489805,19.612612,14.327955
117,2020-04-27 00:00:00+00:00,2.0,28.65,15.05,21.365175,48416.87,0.0,18.532133,182.9356,46649.242,21.197918,37.8,5.488231,26.83,62.84209,92.53995,35.305515,1014.20416,1015.2,1013.5,1003.5569,1004.4584,1002.7604,6.0,62.0,0.0,16.025301,18.739435,14.120399
118,2020-04-28 00:00:00+00:00,0.0,30.8,15.8,21.86471,48527.812,0.0,18.581022,207.59714,46980.496,21.220833,37.8,5.5047956,27.3,66.125755,89.40469,35.891983,1014.63745,1015.7,1013.0,1003.9861,1004.8994,1002.62024,0.45833334,4.0,0.0,16.525467,20.499733,13.523039
119,2020-04-29 00:00:00+00:00,3.0,28.05,14.3,20.198833,48638.027,0.0,18.075441,206.56499,37350.348,19.297918,37.079998,4.4404373,23.12,78.55378,100.0,43.96941,1015.0251,1016.7,1013.7,1004.30023,1005.9034,1003.21985,73.875,100.0,0.0,16.380404,19.815182,14.269829
120,2020-04-30 00:00:00+00:00,3.0,26.15,14.95,19.95807,48747.414,0.0,17.595861,207.6552,35622.906,19.0,36.36,4.411885,23.9,78.49578,97.15576,50.60251,1013.2292,1015.0,1011.2,1002.51337,1004.1363,1000.5346,46.125,100.0,0.0,16.18133,19.103151,14.354128
121,2020-05-01 00:00:00+00:00,3.0,27.7,14.7,20.019743,48855.88,0.0,17.208603,163.1654,47395.652,20.110416,36.0,5.3901606,26.86,69.012,100.0,32.29784,1013.11255,1014.4,1012.1,1002.4373,1003.5871,1001.6225,32.625,100.0,0.0,15.77255,18.090881,14.050661
122,2020-05-02 00:00:00+00:00,3.0,27.0,14.25,19.11392,48963.324,0.0,21.178896,185.31447,40262.848,19.364584,42.48,5.225452,26.48,69.22666,98.72059,31.021397,1015.39166,1016.7,1014.2,1004.6655,1005.8869,1003.5295,42.25,100.0,0.0,15.136056,17.453274,13.515095
123,2020-05-03 00:00:00+00:00,3.0,26.4,13.35,18.418192,49069.66,0.0,21.794127,190.89981,40568.957,18.675001,43.56,5.0882263,26.85,70.10877,95.54781,37.893604,1016.2749,1017.7,1014.8,1005.51434,1006.8352,1004.2877,24.75,100.0,0.0,14.697979,17.147234,12.719383
124,2020-05-04 00:00:00+00:00,3.0,29.15,12.45,19.606653,49174.773,0.0,16.263872,144.1838,47983.45,19.937502,35.28,5.502612,27.29,62.477154,92.759674,28.89992,1014.8293,1017.0,1012.9,1004.1282,1006.1092,1002.3688,8.375,85.0,0.0,14.653015,17.752123,10.746425
125,2020-05-05 00:00:00+00:00,2.0,33.0,17.15,23.241371,49278.57,0.0,19.586119,229.71086,48428.133,24.452085,39.6,6.916874,29.14,38.459957,65.39977,15.28976,1013.29156,1014.3,1012.0,1002.76807,1003.78754,1001.5739,7.7916665,77.0,0.0,14.847218,18.548487,12.390459
126,2020-05-06 00:00:00+00:00,3.0,34.9,18.3,23.788353,49380.94,0.0,21.028437,199.98318,47294.78,25.608332,41.039997,7.2444134,29.06,29.702597,53.074596,14.045846,1011.8083,1013.8,1009.9,1001.341,1003.0672,999.50085,75.208336,99.0,1.0,14.285885,17.492722,12.282429
127,2020-05-07 00:00:00+00:00,3.0,35.6,17.9,24.413687,49481.79,0.0,19.8,208.67044,47622.625,25.647917,39.96,6.957304,28.52,35.10927,66.98614,16.665272,1010.23737,1011.7,1009.1,999.78784,1001.02594,998.69336,94.75,100.0,84.0,15.344546,18.7017,12.544579
128,2020-05-08 00:00:00+00:00,3.0,31.5,15.2,23.039232,49581.0,0.0,17.873556,197.2235,48538.13,22.456247,37.44,6.1198206,29.01,62.85968,98.40547,26.735176,1011.61255,1012.8,1010.2,1001.0364,1002.09607,999.4781,36.833332,97.0,0.0,16.924118,18.890326,14.994226
129,2020-05-09 00:00:00+00:00,3.0,27.15,15.15,20.461782,49678.46,0.0,16.831684,218.81558,48427.605,19.918749,35.28,5.0359855,25.83,72.832085,99.68063,40.16473,1013.0415,1014.1,1012.0,1002.3608,1003.4853,1001.1794,46.458332,100.0,0.0,16.205738,18.515764,14.674141
130,2020-05-10 00:00:00+00:00,51.0,24.5,14.0,18.203775,49774.062,0.1,17.429354,227.48961,43226.082,18.2,37.079998,4.5165167,24.78,75.36984,97.763664,49.519093,1014.32086,1015.7,1013.3,1003.5645,1004.81177,1002.4224,39.0,100.0,0.0,15.060261,17.553871,13.224436
131,2020-05-11 00:00:00+00:00,3.0,24.3,13.95,17.754911,49867.69,0.0,20.570463,232.89458,37907.33,18.116667,41.039997,4.7923093,25.87,67.59911,91.274315,38.97,1015.3374,1016.5,1014.2,1004.56744,1005.7699,1003.4375,29.708334,100.0,0.0,14.015552,16.06563,11.102707
132,2020-05-12 00:00:00+00:00,3.0,22.7,12.3,16.23746,49959.234,0.0,26.674032,224.91653,48219.426,17.416668,50.039997,4.1296196,22.17,66.99827,84.99942,48.35243,1015.63745,1016.6,1014.3,1004.8383,1005.8578,1003.60913,23.625,100.0,0.0,13.37544,15.987873,10.658402
133,2020-05-13 00:00:00+00:00,2.0,24.75,13.1,17.552301,50048.92,0.0,19.272614,213.28995,49334.562,18.360415,39.96,5.411406,28.25,62.187016,93.96411,31.676067,1015.19586,1016.1,1014.2,1004.43585,1005.3654,1003.5591,22.875,73.0,0.0,13.418281,15.233112,12.402052
134,2020-05-14 00:00:00+00:00,2.0,27.05,13.35,18.30025,50137.395,0.0,28.257132,177.53056,49373.453,19.404165,51.48,5.740282,27.98,62.812603,94.00057,35.277412,1014.6875,1016.9,1012.2,1003.97003,1006.0403,1001.7822,10.625,52.0,0.0,14.463233,17.252645,11.661848
135,2020-05-15 00:00:00+00:00,3.0,26.8,14.45,19.957085,50224.6,0.0,19.586119,195.87744,49422.86,20.25208,41.039997,5.6969934,28.44,63.684265,97.130646,32.919224,1012.6126,1014.8,1010.3,1001.94775,1004.0052,999.8149,6.5,100.0,0.0,15.266782,17.855663,13.251213
136,2020-05-16 00:00:00+00:00,3.0,29.7,14.95,21.175447,50310.453,0.0,18.864824,213.97922,48448.4,21.454168,38.88,6.0541883,28.69,56.552307,82.25508,31.680431,1010.7083,1012.0,1009.2,1000.10675,1001.4711,998.825,36.708332,87.0,0.0,15.450268,18.946716,12.931297
137,2020-05-17 00:00:00+00:00,3.0,28.0,15.0,21.067245,50394.87,0.0,18.584509,198.76105,49511.0,20.722918,38.519997,5.6840553,28.92,66.50683,93.444824,37.96653,1011.81665,1013.0,1010.8,1001.1779,1002.26465,999.96423,35.25,84.0,0.0,16.16791,18.444042,14.129944
138,2020-05-18 00:00:00+00:00,61.0,21.75,15.25,17.874151,50477.758,5.0999994,22.7057,238.36264,28675.379,18.16875,40.68,3.0306106,15.22,76.271034,91.154144,50.92226,1013.9749,1015.1,1013.2,1003.2224,1004.32983,1002.42035,58.75,100.0,2.0,15.247924,16.406582,12.927355
139,2020-05-19 00:00:00+00:00,1.0,22.3,12.35,16.02913,50559.04,0.0,22.380884,232.47899,49598.418,17.160418,42.12,4.810905,26.28,65.23663,93.62661,36.365097,1014.9749,1017.1,1013.6,1004.17377,1006.17786,1002.6893,13.25,42.0,0.0,12.819848,14.249086,11.1992
140,2020-05-20 00:00:00+00:00,3.0,23.85,11.85,16.859137,50638.613,0.0,23.584808,223.5196,48739.32,17.987497,46.079998,5.3810563,29.16,63.958317,89.980576,33.98199,1016.4041,1018.7,1014.0,1005.6171,1007.8135,1003.33405,12.166667,100.0,0.0,13.327011,15.698256,10.7030525
141,2020-05-21 00:00:00+00:00,0.0,29.55,12.4,19.857828,50716.402,0.0,21.767351,237.30516,49684.543,21.237501,43.199997,6.689894,29.92,46.63351,80.37073,19.506294,1012.90845,1015.3,1009.9,1002.2737,1004.41223,999.4921,0.041666668,1.0,0.0,13.509337,16.963781,8.920502
142,2020-05-22 00:00:00+00:00,3.0,26.65,14.4,19.016401,50792.312,0.0,19.483284,158.34093,43069.984,19.39375,40.32,5.3947034,27.94,67.76728,92.520386,36.817932,1011.65826,1013.0,1010.3,1000.97314,1002.26654,999.8133,30.25,100.0,0.0,15.087345,17.224085,13.157148
143,2020-05-23 00:00:00+00:00,3.0,24.95,14.65,18.30446,50866.25,0.0,21.26744,201.41591,49768.773,18.879168,43.199997,5.1993356,27.79,65.6544,87.81183,42.508095,1012.66675,1013.9,1011.5,1001.9528,1003.061,1000.9657,18.708334,100.0,0.0,14.495463,17.095455,13.097652
144,2020-05-24 00:00:00+00:00,3.0,28.2,13.15,19.339796,50938.125,0.0,19.586119,196.0699,43374.496,19.362501,39.96,5.376127,27.44,67.54003,94.918526,38.39804,1012.94995,1015.1,1010.9,1002.2491,1004.3112,1000.2865,20.583334,100.0,0.0,15.008697,18.686174,11.834623
145,2020-05-25 00:00:00+00:00,3.0,29.6,14.6,21.119434,51007.84,0.0,17.49615,199.449,49850.527,20.958334,36.36,5.99978,29.03,63.124462,94.64728,30.184309,1011.70825,1013.2,1009.8,1001.07764,1002.3927,999.3758,5.75,100.0,0.0,15.718753,18.909405,13.798637
146,2020-05-26 00:00:00+00:00,0.0,31.85,14.55,21.42301,51075.305,0.0,21.67786,203.0566,49890.28,21.420832,43.199997,6.175607,29.35,60.942883,92.813835,29.0694,1011.64996,1012.7,1010.3,1001.0363,1002.0911,999.7869,1.2083334,8.0,0.0,15.807677,19.633345,13.66939
147,2020-05-27 00:00:00+00:00,0.0,29.55,14.8,20.896996,51140.42,0.0,17.31746,196.13193,49929.195,20.683332,36.719997,5.8777432,29.32,64.835396,90.73613,36.09491,1012.5918,1014.8,1010.7,1001.94214,1003.9661,1000.1916,0.625,3.0,0.0,15.799605,19.314365,13.730061
148,2020-05-28 00:00:00+00:00,3.0,26.6,13.95,19.645567,51203.105,0.0,17.057314,215.37582,44691.277,19.066666,37.079998,5.22322,28.12,74.01662,99.03126,44.143185,1013.97504,1015.6,1013.0,1003.2532,1004.76135,1002.4482,23.333334,100.0,0.0,15.613533,18.403234,13.809275
149,2020-05-29 00:00:00+00:00,3.0,24.8,14.95,18.631575,51263.246,0.0,15.463246,213.0286,35781.92,18.506248,33.12,4.0357647,21.37,74.61788,91.934944,50.084927,1015.02924,1016.8,1013.7,1004.27686,1005.94476,1002.84454,54.0,100.0,1.0,15.289939,17.97074,13.676363
150,2020-05-30 00:00:00+00:00,3.0,25.8,13.95,18.513075,51320.758,0.0,26.758923,245.73003,48301.92,18.966665,50.399998,5.1538525,27.13,68.653496,91.57399,36.711155,1014.8208,1016.5,1013.3,1004.0871,1005.64075,1002.6289,49.0,97.0,0.0,14.866054,16.502823,12.983484
151,2020-05-31 00:00:00+00:00,51.0,26.25,14.05,19.673553,51375.543,0.1,18.532135,211.73029,47908.16,19.579168,36.36,5.1593647,26.68,67.699684,95.556274,37.80916,1013.0583,1014.2,1011.2,1002.3652,1003.48663,1000.6371,77.166664,100.0,2.0,15.259216,17.224052,13.453648
152,2020-06-01 00:00:00+00:00,3.0,31.85,16.0,22.016771,51427.5,0.0,24.86868,221.6526,39947.04,22.539581,45.719997,5.745315,23.18,56.41448,84.28917,25.951836,1012.2083,1013.7,1010.0,1001.62866,1003.06964,999.5773,91.791664,100.0,16.0,16.19074,19.202927,14.177252
153,2020-06-02 00:00:00+00:00,3.0,32.05,16.2,22.639435,51476.75,0.0,15.575981,178.60626,39033.473,22.637503,33.839996,5.7571898,25.18,58.170376,86.260666,29.207405,1013.2707,1015.4,1012.0,1002.6839,1004.6778,1001.19604,93.333336,99.0,72.0,16.614279,19.964975,13.620737
154,2020-06-03 00:00:00+00:00,3.0,37.0,16.3,24.339006,51523.67,0.0,23.950148,200.32318,50173.59,24.435415,45.36,6.8728304,28.77,53.14262,85.70299,18.448875,1011.52075,1014.5,1008.2,1001.0139,1003.7746,997.84064,29.291666,99.0,0.0,17.07146,20.60055,14.630892
155,2020-06-04 00:00:00+00:00,3.0,27.95,16.2,21.179527,51568.246,0.0,15.273505,160.35268,45666.2,20.8875,33.839996,5.6234097,28.2,66.844765,90.56682,38.961575,1010.45,1011.8,1009.0,999.83154,1001.1195,998.4829,19.041666,100.0,0.0,16.408699,18.690313,14.6692505
156,2020-06-05 00:00:00+00:00,53.0,24.3,16.8,18.87422,51610.43,2.0,16.179987,185.64949,11046.192,19.295832,34.56,3.1106756,13.44,69.319435,81.68473,43.942497,1010.3042,1011.3,1009.2,999.63116,1000.6914,998.6861,94.333336,100.0,47.0,15.443057,16.824919,14.578775
157,2020-06-06 00:00:00+00:00,51.0,24.4,16.2,19.2415,51650.184,0.2,17.84816,209.15309,50267.156,19.593752,37.079998,5.1605573,27.14,63.40926,86.02157,38.477707,1012.5291,1013.8,1010.6,1001.84344,1003.11096,999.8572,18.208334,56.0,0.0,14.868248,15.86203,14.065172
158,2020-06-07 00:00:00+00:00,2.0,27.4,14.3,18.666605,51687.47,0.0,30.173496,250.75311,50296.9,20.74375,55.44,7.038608,29.8,50.234425,93.42756,11.691213,1012.52094,1013.9,1011.0,1001.87494,1003.1826,1000.5615,11.0,54.0,0.0,13.439885,16.05898,7.9756746
159,2020-06-08 00:00:00+00:00,3.0,32.25,16.55,20.162237,51722.25,0.0,29.024128,316.13367,50325.79,24.533333,47.88,9.203688,31.35,13.129967,24.77358,3.6129892,1014.31647,1015.7,1012.5,1003.78613,1005.2141,1001.7427,16.875,93.0,0.0,10.061654,12.843958,6.886774
160,2020-06-09 00:00:00+00:00,0.0,36.25,16.0,22.892563,51754.49,0.0,27.09822,276.7858,50353.742,27.029165,50.039997,9.063481,31.2,10.055828,20.506006,4.4422426,1015.5125,1017.2,1013.6,1005.05347,1006.77057,1003.39417,0.0,0.0,0.0,10.455689,13.698797,6.2390366
161,2020-06-10 00:00:00+00:00,0.0,37.3,19.8,24.445997,51784.15,0.0,21.767351,210.76263,50380.688,27.831247,42.48,9.007546,31.08,16.042444,34.380943,7.195445,1013.17084,1014.3,1011.4,1002.7656,1003.9189,1001.18,0.0,0.0,0.0,12.7559,16.025124,9.178428
162,2020-06-11 00:00:00+00:00,0.0,34.6,17.05,23.403814,51811.195,0.0,19.681828,202.55916,50400.0,24.495836,39.239998,7.396589,30.83,41.942387,78.47368,14.3737755,1014.78754,1016.7,1013.7,1004.2496,1005.9129,1002.9573,0.375,3.0,0.0,15.253282,17.851765,12.442453
163,2020-06-12 00:00:00+00:00,3.0,27.75,14.75,20.25258,51835.59,0.0,17.31746,203.3795,49565.117,20.031248,37.8,5.7874236,29.69,67.64142,99.35724,36.185978,1016.49567,1018.0,1014.7,1005.78265,1007.2556,1004.09863,27.208334,100.0,0.0,15.635155,17.906252,14.04767
164,2020-06-13 00:00:00+00:00,2.0,26.5,14.35,19.282137,51857.297,0.0,20.140705,191.99924,50400.0,19.895834,41.399998,5.9402037,29.53,62.550434,98.07672,28.28347,1013.66254,1015.5,1011.2,1002.9742,1004.69775,1000.524,5.3333335,55.0,0.0,14.745322,16.830704,13.381733
165,2020-06-14 00:00:00+00:00,2.0,28.05,14.65,20.506361,51876.297,0.0,20.26899,181.04536,44314.543,20.687502,41.760002,5.7710133,28.13,61.730625,96.1948,34.170845,1012.1042,1013.8,1010.7,1001.4605,1003.0984,1000.2425,7.6666665,69.0,0.0,15.466991,18.424807,13.134647
166,2020-06-15 00:00:00+00:00,3.0,28.9,16.05,21.746628,51892.547,0.0,17.566378,190.75258,50400.0,21.183334,37.8,5.628443,28.15,67.284035,93.79491,38.21708,1013.11255,1014.8,1012.1,1002.4764,1004.0966,1001.3889,23.541666,100.0,0.0,16.693314,19.316462,14.877287
167,2020-06-16 00:00:00+00:00,3.0,26.15,16.3,20.386591,51906.016,0.0,18.59845,192.50012,39734.035,19.981249,38.519997,5.0288796,26.25,71.036385,87.67328,46.663685,1013.4543,1015.1,1011.6,1002.7719,1004.33514,1001.0378,40.291668,100.0,0.0,16.198952,18.44859,14.824265
168,2020-06-17 00:00:00+00:00,3.0,26.15,17.2,20.73807,51916.67,0.0,15.596767,166.11761,47076.035,20.633333,33.839996,4.7766924,23.53,66.746826,82.576614,44.598267,1013.44574,1014.6,1012.2,1002.78754,1003.93304,1001.7476,39.416668,100.0,0.0,16.270132,18.113546,14.9709015
169,2020-06-18 00:00:00+00:00,3.0,26.35,16.1,19.983318,51924.492,0.0,16.87398,196.27023,40224.293,19.785418,36.719997,4.9591618,25.5,67.81664,86.521286,42.656708,1013.72906,1015.4,1012.1,1003.0369,1004.59326,1001.47577,33.916668,100.0,1.0,15.594785,17.94232,14.316374
170,2020-06-19 00:00:00+00:00,3.0,25.35,16.4,19.9411,51929.445,0.0,19.586119,232.84459,40009.72,19.543749,39.96,4.7066607,25.42,70.33261,84.33381,48.312775,1013.58344,1015.1,1012.5,1002.8843,1004.2705,1001.86426,63.125,100.0,4.0,15.754032,18.033281,14.407431
171,2020-06-20 00:00:00+00:00,3.0,25.2,14.9,19.159986,51931.5,0.0,20.073025,234.46222,37228.637,18.835417,40.68,4.482416,24.13,75.0418,95.58155,47.803314,1015.4583,1016.8,1013.5,1004.7133,1006.02094,1002.8573,50.25,100.0,0.0,15.629532,17.824837,14.19417
172,2020-06-21 00:00:00+00:00,3.0,26.0,15.7,20.243593,51930.64,0.0,16.80857,216.00626,37254.25,19.472918,36.36,4.769701,25.15,74.01272,92.28899,48.018124,1014.42084,1016.3,1011.9,1003.7098,1005.4429,1001.34735,47.5,100.0,0.0,16.070652,18.539803,14.674839
173,2020-06-22 00:00:00+00:00,3.0,28.25,15.05,21.198812,51926.816,0.0,19.8,223.91454,39168.598,20.268751,40.68,5.2437706,26.81,72.942024,94.99111,43.518333,1014.10004,1015.9,1012.5,1003.4205,1005.1195,1001.9782,23.458334,100.0,0.0,16.603016,19.732128,14.419498
174,2020-06-23 00:00:00+00:00,3.0,28.55,15.6,21.208303,51919.992,0.0,17.148247,193.83286,39806.19,20.45,36.719997,5.385829,27.32,73.04476,96.53213,41.35061,1012.9541,1014.8,1010.6,1002.29315,1003.98126,1000.0907,57.75,100.0,0.0,16.756163,19.52118,14.943424
175,2020-06-24 00:00:00+00:00,3.0,28.35,15.75,20.978243,51910.215,0.0,19.171478,214.48837,41505.824,20.2125,38.88,5.122714,26.19,73.48144,94.99679,42.51615,1010.63354,1012.2,1008.3,999.98834,1001.4254,997.7796,85.666664,100.0,5.0,16.616335,19.56959,15.04311
176,2020-06-25 00:00:00+00:00,3.0,27.35,16.15,21.173336,51897.516,0.0,17.566378,224.42902,39600.0,20.270834,36.36,4.85742,24.88,73.23438,92.60086,45.21775,1010.5124,1011.9,1009.4,999.8714,1001.15625,998.8787,61.125,100.0,0.0,16.701025,19.269283,15.276768
177,2020-06-26 00:00:00+00:00,3.0,27.65,16.2,21.553038,51881.945,0.0,16.80857,219.6441,46800.0,20.656248,35.64,5.4408703,27.64,71.77987,95.3206,40.08892,1012.0334,1013.4,1010.5,1001.38983,1002.69354,1000.048,24.75,100.0,0.0,16.79139,19.403902,15.4997635
178,2020-06-27 00:00:00+00:00,3.0,26.9,15.2,21.209055,51863.54,0.0,15.782622,212.59633,42784.848,20.337502,34.92,5.1824536,26.68,72.23759,98.09362,44.94919,1011.99585,1013.3,1010.6,1001.34155,1002.5873,1000.13617,27.0,100.0,0.0,16.606607,18.951752,14.893583
179,2020-06-28 00:00:00+00:00,51.0,23.85,17.9,19.863401,51842.348,0.6,16.485485,175.56993,26802.062,20.218752,33.48,3.8987136,17.86,68.82009,79.48842,53.018856,1010.3999,1011.8,1008.1,999.7595,1001.15,997.4927,94.708336,100.0,26.0,16.266169,17.611912,15.390711
180,2020-06-29 00:00:00+00:00,51.0,25.1,16.95,19.683634,51818.406,0.90000004,22.493519,205.23178,38461.02,19.941668,43.56,4.25543,21.15,65.68256,86.04659,42.731087,1011.23334,1013.7,1009.7,1000.5739,1002.9554,998.9925,56.958332,100.0,0.0,15.546201,16.92163,14.788452
181,2020-06-30 00:00:00+00:00,3.0,26.15,14.6,20.126223,51791.777,0.0,19.881649,220.54176,39754.715,19.808332,40.32,5.0310607,26.37,70.40808,91.31642,45.74803,1012.9583,1014.7,1010.7,1002.27496,1003.9634,1000.1225,19.291666,100.0,0.0,15.937972,18.39894,13.597389
182,2020-07-01 00:00:00+00:00,3.0,26.3,16.55,20.814909,51762.492,0.0,14.529915,207.90393,35199.457,20.1125,32.760002,4.6659813,23.93,71.66714,89.14084,45.519966,1011.91675,1013.1,1010.4,1001.25555,1002.38367,999.86115,44.875,100.0,0.0,16.395899,18.383713,15.137079
183,2020-07-02 00:00:00+00:00,3.0,28.1,16.35,21.307497,51730.61,0.0,17.339897,207.94199,44059.773,20.816664,35.28,5.236198,25.74,67.50873,88.85058,39.387814,1013.1333,1014.7,1011.8,1002.48413,1003.93414,1001.31537,29.833334,100.0,0.0,16.412481,18.835331,14.93903
184,2020-07-03 00:00:00+00:00,0.0,30.15,15.3,22.64202,51696.168,0.0,18.0,226.44406,50400.0,22.349998,37.079998,6.5509744,30.52,61.098392,94.07692,29.862461,1014.7417,1015.9,1013.2,1004.12897,1005.45465,1002.732,0.0,0.0,0.0,16.595032,18.477242,14.531479
185,2020-07-04 00:00:00+00:00,0.0,31.65,16.35,23.29734,51659.223,0.0,20.26899,207.52182,50400.0,23.347918,41.039997,6.7415376,29.75,56.81195,90.54945,25.236925,1014.48334,1015.8,1012.6,1003.90875,1005.3219,1002.20233,0.0,0.0,0.0,16.806562,19.427132,15.089939
186,2020-07-05 00:00:00+00:00,0.0,34.4,16.75,24.643637,51619.824,0.0,20.380579,188.64531,50400.0,24.708334,41.039997,7.116916,30.4,51.152466,82.21106,23.854128,1012.15424,1014.2,1009.8,1001.65106,1003.54645,999.4434,0.041666668,1.0,0.0,17.101995,20.765316,14.379004
187,2020-07-06 00:00:00+00:00,0.0,34.05,16.7,25.41635,51578.023,0.0,17.610588,193.65045,50400.0,25.064583,37.8,7.048426,30.03,54.7551,96.25355,22.421822,1010.5291,1011.6,1009.2,1000.0555,1001.1152,998.93384,0.8333333,11.0,0.0,17.79588,20.406796,16.247986
188,2020-07-07 00:00:00+00:00,0.0,32.7,16.55,24.238306,51533.86,0.0,19.681828,205.69696,50400.0,23.643751,40.32,6.7172446,30.16,59.822144,97.1752,29.574137,1011.08325,1012.6,1009.5,1000.5546,1002.0392,999.0651,1.75,19.0,0.0,17.59904,20.806065,15.985031
189,2020-07-08 00:00:00+00:00,3.0,30.8,16.9,23.68779,51487.4,0.0,15.141414,179.5323,44270.723,22.808332,34.2,5.8900146,27.48,65.5489,100.0,32.510258,1011.22925,1012.5,1009.9,1000.67065,1001.9411,999.5267,21.666666,100.0,0.0,17.81724,19.584,15.785553
190,2020-07-09 00:00:00+00:00,3.0,30.3,17.05,23.575361,51438.68,0.0,16.641972,202.83366,47766.086,22.497915,35.64,6.115872,29.27,67.44494,96.57267,29.27316,1011.89984,1013.6,1010.7,1001.323,1002.8765,1000.39154,39.791668,100.0,0.0,17.740189,20.3184,16.455627
191,2020-07-10 00:00:00+00:00,3.0,32.8,16.0,24.453432,51387.76,0.0,18.289274,224.14496,49389.348,23.314583,37.44,6.337656,28.33,66.649666,100.0,30.423672,1014.25,1016.0,1012.8,1003.6761,1005.32574,1002.37946,32.083332,100.0,0.0,18.137667,20.930824,15.981871
192,2020-07-11 00:00:00+00:00,1.0,35.6,17.2,25.999083,51334.7,0.0,19.296135,208.1335,50400.0,25.677084,39.6,7.0790386,28.58,53.955063,97.49793,16.333462,1014.1916,1016.2,1011.7,1003.70074,1005.5354,1001.42505,2.375,21.0,0.0,17.915113,20.198196,16.894442
193,2020-07-12 00:00:00+00:00,1.0,35.25,18.95,26.301613,51279.29,0.0,19.174856,198.59113,50400.0,25.931252,39.6,7.0247188,28.94,51.87625,84.34495,22.402,1011.57495,1014.1,1008.6,1001.12115,1003.5117,998.3095,5.9166665,44.0,0.0,18.300318,21.02243,17.048895
194,2020-07-13 00:00:00+00:00,1.0,32.75,19.35,25.82116,51221.117,0.0,16.1198,175.91447,50400.0,24.658333,34.92,6.456145,28.79,63.914837,91.33398,30.773829,1011.854,1013.1,1010.9,1001.35406,1002.43286,1000.5318,2.9166667,33.0,0.0,19.25191,21.089207,17.188131
195,2020-07-14 00:00:00+00:00,2.0,28.85,17.5,23.361582,51160.27,0.0,16.055355,205.10861,49943.297,22.289583,35.64,5.6122355,27.59,67.805016,88.90714,43.0277,1013.65826,1014.7,1012.4,1003.05646,1004.05914,1001.92834,12.166667,66.0,0.0,17.852602,20.296312,16.17826
196,2020-07-15 00:00:00+00:00,2.0,27.0,16.3,21.390244,51096.848,0.0,18.440998,209.63142,49749.543,20.958332,38.519997,5.4765887,27.47,67.993126,92.01549,42.364162,1013.5374,1014.9,1012.1,1002.88947,1004.2066,1001.57513,13.5,66.0,0.0,16.638258,18.535065,15.35779
197,2020-07-16 00:00:00+00:00,1.0,28.05,15.05,21.667854,51030.945,0.0,18.289274,225.93294,50380.027,20.81042,38.16,5.552289,28.38,71.124855,100.0,42.571182,1012.75415,1013.9,1011.4,1002.1082,1003.29974,1000.8912,5.875,46.0,0.0,16.856258,19.331774,14.844681
198,2020-07-17 00:00:00+00:00,3.0,27.8,15.4,22.159851,50962.668,0.0,18.504139,231.1269,50350.51,21.222916,38.16,5.4737844,27.76,70.777596,100.0,44.38978,1014.54584,1016.1,1013.0,1003.89624,1005.4173,1002.44464,12.041667,100.0,0.0,17.216013,19.59983,15.377623
199,2020-07-18 00:00:00+00:00,0.0,29.65,15.75,22.868736,50892.117,0.0,17.339897,209.74478,50319.457,22.066666,36.719997,6.0417476,29.13,66.490036,98.72795,35.845703,1014.45013,1016.2,1012.5,1003.8308,1005.5381,1001.98505,0.041666668,1.0,0.0,17.24927,19.704035,15.481695
200,2020-07-19 00:00:00+00:00,1.0,29.85,15.2,21.860636,50819.4,0.0,21.470612,190.69316,50281.715,21.71875,42.839996,6.078926,29.33,63.4958,97.773964,30.515648,1013.7458,1015.0,1012.5,1003.12164,1004.3548,1001.9724,3.0833333,39.0,0.0,16.473238,18.771069,14.509161
201,2020-07-20 00:00:00+00:00,2.0,30.15,15.7,22.314138,50744.6,0.0,15.349684,169.78008,49077.973,21.725,33.839996,5.827448,28.38,66.54179,96.534775,37.875324,1012.78326,1015.0,1010.3,1002.16925,1004.30743,999.86536,10.416667,57.0,0.0,16.981674,20.233486,15.281143
202,2020-07-21 00:00:00+00:00,3.0,29.7,15.7,22.179405,50667.82,0.0,16.870138,191.84929,44560.805,21.329168,36.719997,5.592341,27.82,69.89405,98.727486,40.219368,1010.7249,1012.6,1008.8,1000.1189,1001.9126,998.31665,39.458332,100.0,0.0,17.167772,20.552431,15.210131
203,2020-07-22 00:00:00+00:00,51.0,26.5,15.7,20.43968,50589.17,0.1,17.884428,207.09543,39657.48,19.864584,37.8,4.7547083,24.81,74.56284,98.096565,46.77182,1011.4959,1012.6,1010.4,1000.82983,1001.9435,999.79364,32.708332,100.0,0.0,16.48437,18.760086,15.040564
204,2020-07-23 00:00:00+00:00,3.0,26.6,14.95,20.161766,50508.73,0.0,14.799459,206.07875,37697.42,19.5625,33.12,4.6163936,24.03,72.25911,94.96645,41.894936,1012.5708,1014.1,1010.8,1001.8824,1003.3684,1000.24994,26.375,100.0,0.0,15.906087,18.250942,14.354128
205,2020-07-24 00:00:00+00:00,3.0,27.65,14.75,20.955532,50426.605,0.0,17.31746,210.52252,48300.016,20.125,37.079998,5.04432,26.29,72.463646,95.88665,43.5769,1012.9167,1014.5,1011.4,1002.2446,1003.7579,1000.8721,16.25,98.0,0.0,16.434885,19.179115,14.258402
206,2020-07-25 00:00:00+00:00,3.0,29.4,15.0,21.88046,50342.88,0.0,20.188908,230.325,43286.043,20.902082,41.039997,5.409996,27.0,72.001396,99.67878,39.365055,1012.97485,1014.5,1011.5,1002.32983,1003.77814,1000.94434,22.5,100.0,0.0,17.008812,20.019108,14.938229
207,2020-07-26 00:00:00+00:00,3.0,29.5,15.1,22.500992,50257.656,0.0,18.440998,210.31755,49724.94,21.862501,38.519997,6.000591,28.53,67.362915,100.0,34.208477,1012.9334,1014.0,1011.0,1002.3223,1003.2496,1000.5199,9.666667,100.0,0.0,17.132374,19.726866,15.045141
208,2020-07-27 00:00:00+00:00,3.0,28.55,15.8,21.424295,50171.016,0.0,18.218275,192.86182,49639.02,21.004164,38.16,5.6966267,28.27,68.59762,97.47112,35.912495,1012.5874,1013.7,1010.6,1001.95013,1003.1263,1000.1032,10.916667,100.0,0.0,16.600195,19.11687,15.129612
209,2020-07-28 00:00:00+00:00,1.0,29.3,14.9,21.123028,50083.06,0.0,16.641972,191.88864,48272.71,20.614584,35.64,5.664819,28.53,69.416145,95.58155,39.083096,1011.7666,1013.3,1009.9,1001.1233,1002.5999,999.41394,2.75,34.0,0.0,16.34249,19.704035,14.373707
210,2020-07-29 00:00:00+00:00,3.0,30.15,14.95,21.696182,49993.867,0.0,18.504139,199.67416,42683.793,20.939585,38.519997,5.5802727,27.46,70.77009,99.35949,37.580116,1012.2542,1014.0,1010.7,1001.6171,1003.26416,1000.30457,18.875,100.0,0.0,16.76734,20.091372,14.742947
211,2020-07-30 00:00:00+00:00,3.0,32.1,14.7,23.226954,49903.523,0.0,17.610588,209.4758,48503.547,22.762503,36.719997,6.1849566,27.94,62.871033,100.0,24.063017,1012.97516,1014.7,1011.3,1002.3942,1003.982,1000.9339,13.541667,100.0,0.0,17.030668,19.982908,14.672663
212,2020-07-31 00:00:00+00:00,0.0,34.25,17.7,24.428696,49812.13,0.0,17.377226,196.7766,49282.938,24.566668,36.36,6.63818,28.04,51.16931,78.68437,17.570707,1011.7002,1012.9,1010.4,1001.197,1002.57416,999.9766,0.0,0.0,0.0,16.898043,19.714994,15.165638
213,2020-08-01 00:00:00+00:00,0.0,34.9,17.8,25.521158,49719.402,0.0,15.517629,162.239,49190.812,25.293749,34.2,6.8844666,28.85,51.967823,77.676216,23.85043,1012.1042,1013.7,1010.6,1001.6219,1003.05524,999.8829,0.0,0.0,0.0,17.7451,20.618517,14.964317
214,2020-08-02 00:00:00+00:00,3.0,34.2,16.8,25.311865,49624.7,0.0,17.610588,183.80428,49096.766,23.839586,36.36,6.176361,28.36,67.30798,100.0,27.809278,1013.6458,1015.2,1012.4,1003.0969,1004.4695,1002.13495,9.833333,100.0,0.0,18.733047,21.4142,16.787537
215,2020-08-03 00:00:00+00:00,3.0,32.55,16.05,24.476624,49528.113,0.0,15.349684,180.4476,46031.59,23.179167,34.2,5.9026203,27.34,68.66677,99.682724,31.189194,1013.25836,1014.2,1011.7,1002.69025,1003.5791,1001.42694,44.875,100.0,0.0,18.429218,21.072458,15.88509
216,2020-08-04 00:00:00+00:00,3.0,29.5,17.3,23.351974,49429.754,0.0,16.563911,207.97557,44348.844,21.716667,36.0,5.249014,26.45,75.425026,99.05593,44.506157,1013.70844,1015.0,1012.7,1003.08514,1004.4093,1002.0284,24.25,100.0,0.0,18.267176,20.891867,16.055285
217,2020-08-05 00:00:00+00:00,3.0,28.3,17.6,22.309593,49329.734,0.0,17.309975,202.72,38719.906,21.189585,36.36,4.926246,24.98,71.905266,91.80508,44.46484,1013.1834,1014.2,1011.7,1002.54736,1003.4977,1001.1513,30.958334,100.0,0.0,17.408276,20.090796,15.4097
218,2020-08-06 00:00:00+00:00,51.0,27.65,16.95,22.038465,49228.15,0.1,13.138765,173.6035,39575.016,21.439583,31.319998,5.0009484,24.55,66.953545,86.04659,39.910587,1012.4458,1013.6,1010.9,1001.82666,1003.05066,1000.3646,28.0,88.0,0.0,16.96309,18.7888,15.272156
219,2020-08-07 00:00:00+00:00,2.0,28.35,15.4,21.738258,49125.11,0.0,18.947083,201.57462,47602.906,21.331247,39.239998,5.595012,27.63,66.197426,97.77735,36.788933,1013.15424,1014.4,1012.2,1002.5229,1003.70087,1001.52625,6.7916665,67.0,0.0,16.620026,19.197502,14.930887
220,2020-08-08 00:00:00+00:00,0.0,29.0,15.65,22.082102,49020.727,0.0,18.161278,204.90886,48497.098,21.49375,37.8,5.5656166,27.34,67.60573,97.46825,37.997093,1014.49585,1016.2,1012.6,1003.856,1005.5163,1002.0469,0.0,0.0,0.0,16.93154,19.408047,15.134766
221,2020-08-09 00:00:00+00:00,2.0,29.3,15.45,22.047312,48915.1,0.0,17.429354,216.61864,48392.234,21.327084,37.079998,5.59918,27.54,68.418686,98.0929,35.78995,1013.7793,1015.4,1011.5,1003.14056,1004.7049,1001.04254,2.75,63.0,0.0,16.8385,19.274055,15.209375
222,2020-08-10 00:00:00+00:00,3.0,29.45,14.95,21.205656,48808.32,0.0,19.878391,216.00156,45617.8,20.8125,39.96,5.688519,27.79,68.789665,99.67954,30.986519,1013.23737,1014.6,1011.4,1002.58594,1003.8884,1000.91223,24.583334,100.0,0.0,16.318825,18.18365,14.735888
223,2020-08-11 00:00:00+00:00,3.0,29.95,14.8,21.639395,48700.5,0.0,16.299694,196.93353,46137.508,21.302082,35.64,5.8263435,27.57,67.12917,100.0,25.10271,1012.57086,1013.9,1009.8,1001.94293,1003.15173,999.3463,18.333334,100.0,0.0,16.387959,18.857607,14.606539
224,2020-08-12 00:00:00+00:00,1.0,34.3,13.75,22.497452,48591.723,0.0,20.08916,198.93242,47518.4,22.687502,41.399998,6.216746,27.19,58.234737,98.07524,20.030437,1011.81256,1013.1,1009.8,1001.24054,1002.4622,999.46686,3.125,33.0,0.0,16.177717,19.147722,13.325947
225,2020-08-13 00:00:00+00:00,3.0,34.9,18.25,24.599417,48482.09,0.0,21.889065,218.43892,36613.902,25.075003,42.839996,5.687953,20.94,49.55777,80.56252,18.318138,1011.49585,1013.2,1009.3,1001.0129,1002.7701,999.1077,76.125,100.0,3.0,17.102528,19.836073,15.898201
226,2020-08-14 00:00:00+00:00,3.0,37.2,20.3,27.836153,48371.695,0.0,19.376562,205.48763,46904.445,27.589582,38.88,6.7713456,25.76,46.106842,74.6477,20.771927,1010.72504,1012.7,1008.9,1000.33716,1002.3321,998.5827,19.666666,100.0,0.0,18.809195,21.366549,16.71294
227,2020-08-15 00:00:00+00:00,2.0,40.4,22.7,29.884455,48260.625,0.0,21.611996,185.76096,46662.72,29.07292,44.28,6.512808,24.15,46.136036,64.86256,21.04114,1009.27094,1010.3,1008.0,998.9489,999.822,997.74945,22.25,52.0,0.0,20.211477,23.350126,18.102318
228,2020-08-16 00:00:00+00:00,3.0,35.75,20.95,28.394821,48148.973,0.0,21.068459,147.97446,46136.156,27.083336,41.399998,6.323281,25.31,57.282513,83.77054,29.443565,1011.51245,1013.5,1010.0,1001.1003,1002.9413,999.40125,31.75,93.0,0.0,20.435228,22.703398,18.851688
229,2020-08-17 00:00:00+00:00,3.0,36.8,21.4,28.997335,48036.82,0.0,20.883102,213.39604,44342.676,27.270836,41.760002,6.00039,23.9,57.851807,83.82127,28.976099,1012.11255,1013.7,1009.8,1001.70013,1003.3285,999.5428,36.5,91.0,0.0,20.645117,23.407505,19.361715
230,2020-08-18 00:00:00+00:00,3.0,41.3,21.3,30.404404,47924.266,0.0,22.89611,204.23451,45375.207,28.624998,40.68,6.069779,22.84,56.61154,84.08401,22.16718,1011.55005,1013.3,1008.7,1001.18756,1002.9836,998.5435,45.375,97.0,1.0,21.34715,24.623018,19.097195
231,2020-08-19 00:00:00+00:00,3.0,37.3,22.85,30.494337,47811.387,0.0,21.096123,208.84076,44053.17,28.383331,40.68,6.1063843,23.83,57.796597,81.68435,32.72077,1009.7043,1011.9,1007.4,999.355,1001.38446,997.19696,41.375,84.0,0.0,21.739273,24.601795,19.884277
232,2020-08-20 00:00:00+00:00,1.0,37.65,21.35,29.501854,47698.266,0.0,21.26744,199.59232,44336.484,27.300001,42.12,6.0839505,25.61,60.77312,84.100624,28.01917,1007.53326,1009.3,1005.1,997.16895,998.8079,994.8821,4.1666665,47.0,0.0,21.163906,23.694426,18.855732
233,2020-08-21 00:00:00+00:00,3.0,34.7,20.45,29.986084,47584.613,0.0,16.563911,185.60788,43368.816,27.504171,37.44,5.914699,24.26,62.99502,97.55856,37.46143,1008.38763,1009.9,1007.1,998.02167,999.43506,996.50323,51.208332,99.0,0.0,21.701937,24.148018,19.913685
234,2020-08-22 00:00:00+00:00,3.0,36.15,23.55,30.584824,47469.723,0.0,18.775303,201.97899,39933.7,28.304167,38.519997,5.8404613,23.0,58.687855,81.00445,29.551704,1010.18335,1012.1,1009.1,999.8271,1001.5999,998.6135,32.833332,96.0,0.0,21.7614,23.523964,20.808128
235,2020-08-23 00:00:00+00:00,3.0,33.6,23.05,30.067375,47353.664,0.0,20.969807,220.47748,44211.035,26.841667,41.760002,5.4034257,23.91,71.09247,90.184296,42.863342,1011.0459,1012.4,1008.9,1000.63116,1001.9647,998.4974,20.25,87.0,0.0,22.529325,24.258448,21.332684
236,2020-08-24 00:00:00+00:00,3.0,32.1,21.3,28.158796,47236.53,0.0,21.175837,214.13597,41344.863,25.558334,41.399998,5.2949133,23.81,72.234,94.61434,44.763687,1010.32916,1011.7,1008.2,999.87726,1001.27356,997.8559,16.833334,100.0,0.0,21.496687,23.805746,19.879406
237,2020-08-25 00:00:00+00:00,1.0,34.25,19.85,28.029737,47118.418,0.0,21.120682,207.82402,43755.527,26.002085,41.760002,5.8852983,25.16,66.01069,95.149864,34.1088,1009.29987,1010.8,1007.0,998.87274,1000.29926,996.7443,2.2083333,26.0,0.0,20.72299,23.093687,19.21698
238,2020-08-26 00:00:00+00:00,3.0,34.8,19.4,27.604177,46999.414,0.0,19.914215,195.00224,41290.406,25.541666,39.239998,5.800627,25.1,68.20025,100.0,34.15146,1007.33325,1009.2,1005.0,996.9102,998.5846,994.7209,12.458333,100.0,0.0,20.607058,23.015953,19.309492
239,2020-08-27 00:00:00+00:00,0.0,35.7,19.35,27.118937,46879.61,0.0,21.758419,203.52322,43916.08,25.537504,42.48,6.0067225,25.51,63.55366,91.903786,29.27208,1006.4417,1007.8,1004.7,996.0271,997.34265,994.5708,0.041666668,1.0,0.0,19.807798,22.74863,18.116848
240,2020-08-28 00:00:00+00:00,1.0,32.75,17.25,24.419962,46759.086,0.0,18.089775,187.61313,44215.83,23.597918,37.44,5.69761,25.46,64.19691,98.43029,33.915737,1008.7292,1011.1,1007.5,998.2239,1000.41406,996.86835,1.8333334,32.0,0.0,18.274466,21.361963,16.65419
241,2020-08-29 00:00:00+00:00,3.0,28.75,16.4,21.708033,46637.938,0.0,18.089775,209.66423,43200.0,21.012503,37.8,4.962482,24.6,72.67657,99.0494,39.980236,1011.46674,1012.7,1010.3,1000.84174,1002.11066,999.6874,19.583334,100.0,0.0,17.192556,19.473614,16.143414
242,2020-08-30 00:00:00+00:00,3.0,27.85,15.85,21.382332,46516.242,0.0,18.0,230.57219,39617.83,20.418753,36.36,4.8269777,24.59,74.621605,98.731865,43.35045,1010.9124,1012.6,1008.3,1000.27216,1001.8305,997.79016,35.5,100.0,0.0,16.926397,19.42991,15.538549
243,2020-08-31 00:00:00+00:00,3.0,27.0,15.45,21.024961,46394.094,0.0,17.57744,243.6506,43200.0,20.1375,36.719997,4.4896464,23.33,77.11723,99.6799,46.155815,1010.8042,1012.0,1009.3,1000.155,1001.2442,998.7424,29.166666,100.0,0.0,17.033964,19.160955,15.391243
244,2020-09-01 00:00:00+00:00,51.0,26.95,16.15,21.093363,46271.56,0.2,19.08,239.07515,33873.19,20.133333,39.239998,4.1110168,21.11,77.054985,96.85734,47.962498,1013.68756,1015.9,1012.1,1003.00824,1005.10846,1001.33014,47.791668,100.0,0.0,17.074303,19.462175,15.625572
245,2020-09-02 00:00:00+00:00,3.0,29.0,15.7,21.844704,46148.727,0.0,18.440998,207.48094,42565.773,20.9625,38.16,4.8062487,23.7,72.8446,99.363396,37.77208,1014.89594,1016.6,1012.8,1004.2327,1005.9304,1002.2077,29.375,100.0,0.0,17.146341,19.483429,15.446079
246,2020-09-03 00:00:00+00:00,2.0,31.5,16.6,23.64157,46025.67,0.0,18.504139,200.01733,39600.0,22.424997,38.519997,5.0293827,23.75,70.31793,95.028725,37.230137,1013.12915,1015.2,1010.0,1002.53644,1004.5015,999.5684,10.5,68.0,0.0,18.18116,21.098438,15.983717
247,2020-09-04 00:00:00+00:00,3.0,34.7,17.0,25.551832,45902.484,0.0,17.673029,203.725,42673.73,23.958336,36.719997,5.3532085,23.73,68.280075,100.0,31.204504,1011.67914,1013.1,1009.8,1001.155,1002.45984,999.47687,13.416667,100.0,0.0,19.109827,22.220884,16.870296
248,2020-09-05 00:00:00+00:00,0.0,42.95,20.7,32.698097,45779.234,0.0,18.59845,247.15388,43527.53,32.485416,37.44,7.3536167,23.73,40.385883,81.91539,13.6920395,1010.58765,1012.6,1007.9,1000.3614,1002.06244,997.90704,3.0,11.0,0.0,20.371994,23.412401,17.579594
249,2020-09-06 00:00:00+00:00,0.0,44.0,25.9,33.417038,45655.992,0.0,16.704155,164.47583,43547.176,34.7,31.68,7.913792,24.21,23.210943,59.08758,12.006957,1009.6458,1011.2,1007.2,999.507,1001.23303,997.22327,0.7916667,8.0,0.0,19.241173,22.15514,15.232203
250,2020-09-07 00:00:00+00:00,1.0,33.8,20.95,28.188301,45532.848,0.0,16.179987,145.41083,43566.875,26.754166,33.839996,5.6733785,23.56,56.39597,86.70891,35.29899,1007.49994,1009.7,1005.3,997.11847,999.27496,994.8983,3.5833333,22.0,0.0,20.206339,22.605518,17.810274
251,2020-09-08 00:00:00+00:00,51.0,30.65,19.45,25.715967,45409.867,0.2,13.441071,151.01126,32400.0,23.45833,30.960001,4.0198855,18.98,75.22052,94.54012,47.580032,1005.21234,1006.9,1002.9,994.7405,996.3285,992.6846,43.166668,100.0,0.0,19.996824,22.47963,18.410788
252,2020-09-09 00:00:00+00:00,3.0,32.5,18.3,24.809273,45287.125,0.0,19.826164,251.34543,43328.625,24.57708,39.96,5.685138,23.92,56.339954,99.68887,22.081837,1009.46674,1011.9,1007.2,998.9887,1001.31714,996.59845,9.916667,91.0,0.0,17.68555,19.11607,14.843451
253,2020-09-10 00:00:00+00:00,3.0,34.75,15.9,23.767084,45164.32,0.0,23.18579,206.64949,43348.734,25.043753,43.92,6.135505,23.94,40.769894,71.72242,12.487101,1014.35834,1016.3,1012.4,1003.84467,1005.8849,1001.77075,24.5,96.0,0.0,15.446925,17.571926,11.335188
254,2020-09-11 00:00:00+00:00,0.0,35.05,18.75,23.878428,45040.73,0.0,21.485697,214.03485,43368.867,25.527082,41.399998,6.1644015,24.22,33.341904,66.93393,10.858973,1013.9792,1016.0,1011.9,1003.4868,1005.48206,1001.4973,0.0,0.0,0.0,14.769258,17.793036,10.494582
255,2020-09-12 00:00:00+00:00,0.0,33.7,19.25,23.787882,44916.418,0.0,21.178896,206.84042,43319.043,25.083334,41.399998,6.000499,23.93,38.158127,64.82379,16.132765,1011.45,1013.0,1009.1,1000.9682,1002.4956,998.91473,0.0,0.0,0.0,15.409874,18.319862,11.917242
256,2020-09-13 00:00:00+00:00,0.0,33.4,15.3,22.715094,44791.457,0.0,21.566973,181.28938,43046.402,22.889585,41.760002,5.5117598,23.53,57.56346,91.667564,23.384768,1011.86676,1013.6,1010.0,1001.3028,1002.93823,999.6597,0.5,11.0,0.0,16.517868,19.965866,14.0949
257,2020-09-14 00:00:00+00:00,1.0,34.0,15.5,23.577774,44665.94,0.0,17.10284,186.12682,42962.223,23.191666,36.0,5.3702993,23.31,61.276825,96.53213,25.409117,1013.82086,1015.6,1012.2,1003.24664,1004.90466,1001.9014,0.9583333,22.0,0.0,17.232353,20.190702,14.904472
258,2020-09-15 00:00:00+00:00,0.0,34.1,16.45,24.085741,44539.938,0.0,17.884428,206.906,42877.586,24.245834,36.0,5.748136,23.54,53.462437,91.43467,20.576618,1015.69147,1017.3,1013.6,1005.135,1006.7896,1003.24255,0.0,0.0,0.0,16.803865,19.497871,15.353802
259,2020-09-16 00:00:00+00:00,0.0,37.45,20.4,25.226786,44413.535,0.0,22.565422,223.86786,42792.59,26.695831,43.199997,6.221523,23.63,32.50829,52.99819,12.2951145,1013.82513,1015.7,1011.8,1003.3746,1005.30457,1001.4036,0.0,0.0,0.0,15.597476,18.157894,13.116028
260,2020-09-17 00:00:00+00:00,3.0,36.1,17.05,24.1573,44286.81,0.0,17.49615,205.83861,42707.33,25.735415,34.56,5.863469,22.61,33.07976,62.898937,12.13052,1012.10004,1014.0,1010.3,1001.6336,1003.57056,999.98706,40.75,89.0,0.0,14.860972,17.879278,10.424847
261,2020-09-18 00:00:00+00:00,3.0,36.25,18.7,25.179396,44159.84,0.0,17.555307,198.21437,42621.902,26.695837,31.68,5.553764,20.49,33.911125,67.89292,9.972742,1010.79584,1012.3,1009.0,1000.3763,1002.039,998.75586,25.5,99.0,0.0,15.504585,18.327991,12.373825
262,2020-09-19 00:00:00+00:00,0.0,33.4,18.75,24.61526,44032.707,0.0,15.459054,171.84865,42536.406,24.520834,33.12,5.435146,22.3,53.578213,79.34524,25.196243,1010.2,1011.7,1008.3,999.7121,1001.1623,998.01105,0.0,0.0,0.0,17.559608,20.451504,15.900013
263,2020-09-20 00:00:00+00:00,3.0,31.4,14.7,22.352907,43905.492,0.0,14.578888,185.29912,41246.258,21.472918,31.68,4.462887,20.92,72.0439,100.0,31.907063,1011.3293,1012.7,1010.0,1000.72095,1002.10156,999.6272,17.25,100.0,0.0,17.361725,19.870605,14.628176
264,2020-09-21 00:00:00+00:00,3.0,29.6,15.7,22.05281,43778.266,0.0,16.279802,210.27623,42365.613,20.854166,31.319998,4.1703467,20.53,76.41049,100.0,38.913624,1013.2043,1014.9,1011.8,1002.5552,1004.33905,1001.336,30.25,100.0,0.0,17.526613,20.131351,15.679747
265,2020-09-22 00:00:00+00:00,3.0,29.65,15.65,22.01596,43651.11,0.0,16.199999,217.43312,41397.83,20.954168,33.12,4.307574,20.55,74.76981,100.0,38.04037,1015.4917,1016.8,1013.9,1004.8217,1006.0618,1003.43164,28.166666,100.0,0.0,17.314426,19.882904,15.629393
266,2020-09-23 00:00:00+00:00,3.0,31.3,15.05,22.295242,43524.098,0.0,19.67195,224.57767,42195.72,21.691668,38.519997,4.7387004,21.62,68.25686,100.0,29.2693,1015.5166,1017.4,1013.5,1004.87225,1006.66064,1003.0243,10.125,100.0,0.0,16.954382,19.856956,14.9157715
267,2020-09-24 00:00:00+00:00,0.0,32.7,15.85,23.761515,43397.312,0.0,16.575644,187.15091,42111.344,23.237501,33.839996,4.875848,21.84,60.405315,88.19917,27.637886,1012.39575,1014.3,1010.5,1001.8394,1003.76636,1000.00934,0.0,0.0,0.0,17.363077,20.470493,14.476528
268,2020-09-25 00:00:00+00:00,3.0,30.75,17.05,23.168701,43270.832,0.0,19.376562,204.18587,38427.504,21.875,38.88,4.2995014,20.48,73.56938,99.68385,35.3984,1012.93335,1014.6,1011.7,1002.3238,1003.95294,1001.0042,23.083334,100.0,0.0,18.066874,20.481684,16.825165
269,2020-09-26 00:00:00+00:00,3.0,30.55,16.8,23.125366,43144.727,0.0,16.489416,189.71152,41577.914,21.533333,34.56,4.116122,20.33,76.35683,99.68418,37.812977,1012.5542,1014.5,1010.3,1001.93634,1003.7746,999.8742,29.75,100.0,0.0,18.177845,20.760899,16.676151
270,2020-09-27 00:00:00+00:00,3.0,30.35,17.5,23.479446,43019.08,0.0,14.799459,207.06754,34174.19,21.591667,32.039997,3.7135947,18.09,78.545815,98.435074,41.71265,1011.45825,1012.9,1009.8,1000.85455,1002.25476,999.3567,62.916668,100.0,0.0,18.565569,21.066833,17.195652
271,2020-09-28 00:00:00+00:00,3.0,31.55,15.9,23.352798,42893.97,0.0,16.489416,232.23106,37869.566,21.918753,32.399998,4.221763,19.57,74.80236,100.0,34.805298,1012.44995,1014.7,1010.7,1001.84625,1003.9798,1000.373,42.041668,100.0,0.0,18.198614,20.952078,15.770805
272,2020-09-29 00:00:00+00:00,3.0,36.45,16.65,25.807642,42769.473,0.0,20.240198,217.22675,41610.516,25.28125,38.88,5.0234976,20.74,56.564045,99.054115,16.728582,1013.6584,1015.3,1011.5,1003.1585,1004.7875,1001.2922,7.0416665,100.0,0.0,17.962101,19.97203,15.860048
273,2020-09-30 00:00:00+00:00,0.0,40.95,19.75,27.233168,42645.273,0.0,25.212852,212.85571,41374.113,29.522917,46.44,6.455378,20.8,22.827646,44.515095,8.019213,1012.45844,1013.8,1010.5,1002.1177,1003.50146,1000.3286,0.0,0.0,0.0,15.684494,20.089857,10.320439
274,2020-10-01 00:00:00+00:00,0.0,40.45,23.15,27.759333,42520.59,0.0,18.391737,181.00507,41137.707,29.797918,35.28,5.840123,20.83,21.881212,43.674255,8.724629,1011.8584,1013.5,1010.1,1001.5345,1003.1715,999.99725,0.0,0.0,0.0,15.598836,18.870804,11.795099
275,2020-10-02 00:00:00+00:00,0.0,38.1,21.9,26.537012,42395.496,0.0,14.693999,142.62808,40901.168,28.129168,30.599998,5.8532324,20.76,27.892439,55.89565,14.279661,1010.8459,1012.7,1008.5,1000.4763,1002.3287,998.23395,0.0,0.0,0.0,15.985938,20.511711,10.628942
276,2020-10-03 00:00:00+00:00,0.0,36.85,18.1,25.222525,42270.066,0.0,16.434305,176.0245,40664.484,25.983335,32.399998,5.356772,20.58,41.03621,72.312004,16.59133,1010.2625,1012.3,1008.6,999.824,1001.6934,998.5132,0.16666667,2.0,0.0,16.517275,19.903282,13.158304
277,2020-10-04 00:00:00+00:00,3.0,35.9,18.75,25.646423,42144.383,0.0,16.992609,207.6129,39600.0,26.256248,30.960001,5.0928035,20.2,41.7289,75.75405,13.932245,1013.1208,1014.6,1012.1,1002.6621,1003.9674,1001.7365,29.208334,99.0,0.0,16.554941,18.147617,14.137102
278,2020-10-05 00:00:00+00:00,3.0,35.15,20.25,25.277472,42018.543,0.0,17.974781,219.94398,40190.016,25.55625,34.92,4.754186,19.0,45.42928,80.893814,16.446966,1014.8625,1016.5,1013.5,1004.3625,1006.0571,1003.0877,54.0,99.0,0.0,16.892668,18.771267,13.79604
279,2020-10-06 00:00:00+00:00,3.0,33.55,17.0,23.259615,41892.625,0.0,17.057314,190.60379,36771.63,23.362497,33.12,3.9868758,16.53,53.833908,91.59689,18.40471,1014.3625,1016.2,1012.6,1003.7902,1005.5408,1002.2158,47.333332,100.0,0.0,16.491735,19.01727,12.658375
280,2020-10-07 00:00:00+00:00,3.0,30.5,15.05,22.17724,41766.727,0.0,16.199999,195.1507,39713.62,21.177082,33.12,4.0249352,19.29,74.6249,100.0,31.587627,1012.4084,1013.4,1010.6,1001.7789,1002.821,1000.1189,12.041667,100.0,0.0,17.498146,19.789171,14.329376
281,2020-10-08 00:00:00+00:00,3.0,25.95,16.55,21.21269,41640.926,0.0,15.349684,218.65982,39600.0,20.0875,32.760002,3.3365202,17.34,78.17228,97.7968,48.52353,1013.6209,1015.3,1012.1,1002.9412,1004.6276,1001.54333,58.291668,89.0,13.0,17.213789,18.7164,16.278166
282,2020-10-09 00:00:00+00:00,3.0,26.1,16.0,20.562494,41515.312,0.0,14.904173,190.33109,39505.31,19.883335,30.599998,3.3879316,17.49,75.275536,95.31177,46.5124,1013.49585,1014.6,1011.8,1002.80963,1003.9368,1001.3188,36.458332,83.0,0.0,16.630968,18.650814,15.195917
283,2020-10-10 00:00:00+00:00,3.0,26.25,17.3,21.382475,41389.977,0.0,16.548256,189.55244,39099.832,20.51875,33.839996,3.0574224,15.29,74.35011,89.78303,47.92988,1014.04156,1015.3,1013.0,1003.3732,1004.6547,1002.43585,65.958336,100.0,3.0,17.18025,18.738228,15.946449
284,2020-10-11 00:00:00+00:00,1.0,27.9,15.65,21.315231,41265.016,0.0,14.982228,169.28694,39600.0,20.252085,31.319998,3.4006813,17.6,76.55517,98.09584,42.654747,1014.39594,1016.0,1012.7,1003.7133,1005.2878,1002.26514,10.75,42.0,0.0,17.083437,19.39895,15.410326
285,2020-10-12 00:00:00+00:00,1.0,35.55,17.55,24.981802,41140.51,0.0,16.78156,253.07236,39580.125,25.143747,32.760002,4.476129,18.66,48.47858,88.10014,18.865675,1013.9624,1015.8,1011.6,1003.45575,1005.18365,1001.30237,2.375,27.0,0.0,16.917006,19.438349,14.265198
286,2020-10-13 00:00:00+00:00,0.0,37.1,19.1,24.85276,41016.555,0.0,19.164717,200.77232,39532.598,26.38542,37.079998,5.0580926,18.57,33.450863,59.949947,12.919793,1014.2126,1016.1,1012.4,1003.74677,1005.7415,1002.1981,0.0,0.0,0.0,15.4747,18.513193,11.83473
287,2020-10-14 00:00:00+00:00,0.0,35.35,20.85,25.254578,40893.246,0.0,13.551501,192.45436,39484.723,26.858332,24.48,4.874197,18.61,29.489496,59.808254,15.053151,1013.81256,1015.2,1011.9,1003.36847,1004.8965,1001.6897,0.0,0.0,0.0,15.301013,19.034353,12.471594
288,2020-10-15 00:00:00+00:00,0.0,36.1,17.55,24.688284,40770.68,0.0,15.696165,215.80342,39436.496,25.795835,31.68,4.72362,18.21,40.067818,76.224815,11.978352,1013.2834,1015.2,1011.4,1002.8064,1004.5035,1001.1237,0.375,6.0,0.0,15.830565,18.231474,12.372564
289,2020-10-16 00:00:00+00:00,0.0,35.85,18.15,23.778486,40648.945,0.0,16.42247,165.13615,39387.91,24.777082,31.68,4.6423793,17.97,40.624,63.11844,16.422527,1011.9292,1013.8,1010.0,1001.4318,1003.27344,999.59296,3.0416667,16.0,0.0,15.740634,19.534105,12.207272
290,2020-10-17 00:00:00+00:00,0.0,32.95,18.85,23.676546,40528.145,0.0,13.479583,154.86919,39338.96,24.389582,26.28,4.721929,17.7,43.87678,84.48725,27.90047,1012.7248,1014.6,1011.2,1002.20654,1003.91705,1000.61914,0.16666667,1.0,0.0,16.197153,20.604557,10.359555
291,2020-10-18 00:00:00+00:00,3.0,30.9,15.4,22.716429,40408.383,0.0,15.629971,151.04434,39289.65,21.847916,30.960001,3.6617346,17.38,69.58528,97.150345,33.954994,1014.7041,1016.9,1013.1,1004.07495,1006.2775,1002.633,33.75,95.0,0.0,17.504457,20.188938,15.0515
292,2020-10-19 00:00:00+00:00,3.0,28.05,16.1,21.50949,40289.746,0.0,14.081477,141.7795,29178.234,20.458334,30.960001,3.101346,15.57,78.14578,96.56359,44.396683,1014.07916,1016.0,1012.0,1003.4075,1005.2405,1001.4054,25.541666,99.0,0.0,17.499739,19.656572,15.610964
293,2020-10-20 00:00:00+00:00,3.0,28.4,16.0,21.129805,40171.9,0.0,18.218275,185.6636,28800.0,19.947916,35.64,2.974054,14.96,80.67301,98.7304,42.805496,1011.2376,1013.4,1008.7,1000.57697,1002.635,998.2778,33.958332,100.0,0.0,17.316057,19.700691,15.83481
294,2020-10-21 00:00:00+00:00,3.0,26.6,14.85,20.299347,40053.99,0.0,14.003028,207.22856,31158.66,19.262499,29.519999,2.85786,15.09,81.17048,100.0,45.601665,1010.0876,1011.5,1008.5,999.41455,1000.78436,997.9615,49.833332,100.0,1.0,16.766699,18.928373,14.823727
295,2020-10-22 00:00:00+00:00,51.0,24.0,17.3,20.675718,39936.09,0.3,10.703569,211.4486,28562.117,19.7625,23.759998,2.3798206,11.95,75.6744,92.094826,53.0574,1011.43335,1013.2,1010.1,1000.7654,1002.42413,999.37006,59.083332,100.0,2.0,16.668867,17.637627,15.552893
296,2020-10-23 00:00:00+00:00,3.0,24.4,15.15,19.219706,39818.3,0.0,15.021105,183.5561,33399.008,19.137499,29.88,2.5887535,12.39,73.272575,90.80098,48.850178,1014.34576,1016.2,1013.0,1003.62427,1005.4273,1002.14636,73.958336,100.0,11.0,15.751649,17.686161,13.815578
297,2020-10-24 00:00:00+00:00,3.0,22.95,17.7,19.748262,39700.723,0.0,14.24163,240.13315,28383.273,19.479168,29.88,2.3345668,10.83,72.47893,85.880646,53.46887,1014.86237,1016.6,1012.9,1004.14825,1005.8868,1002.30133,87.5,100.0,19.0,16.03148,16.891459,14.784805
298,2020-10-25 00:00:00+00:00,51.0,21.5,15.55,17.620466,39583.465,0.90000004,18.971008,254.29129,31518.535,18.239584,36.0,2.4218576,10.72,68.70437,87.381004,49.69858,1012.43756,1014.0,1010.4,1001.70386,1003.22296,999.71796,66.333336,100.0,4.0,14.413915,15.39299,12.647621
299,2020-10-26 00:00:00+00:00,1.0,23.6,11.5,13.538495,39466.63,0.0,17.208603,312.0774,38879.094,17.206251,31.68,4.3779526,17.59,30.803368,81.44816,3.1206713,1015.83325,1018.3,1012.9,1005.0239,1007.52527,1002.03796,8.583333,42.0,0.0,7.523725,12.412939,3.1896515
300,2020-10-27 00:00:00+00:00,0.0,26.3,8.35,13.016625,39350.33,0.0,17.555305,261.29785,38825.81,17.122917,33.48,4.32317,16.65,18.256723,45.92219,5.305505,1017.1541,1018.4,1015.5,1006.32446,1007.6844,1005.01355,0.5,12.0,0.0,6.337097,10.6466675,1.3714714
301,2020-10-28 00:00:00+00:00,0.0,26.2,11.45,14.9359045,39234.67,0.0,13.708391,68.039444,38725.73,17.6,28.8,3.8326845,16.51,37.616558,72.83475,15.081568,1017.4292,1019.5,1015.2,1006.61664,1008.72174,1004.5685,0.0,0.0,0.0,9.783993,14.098373,4.7360725
302,2020-10-29 00:00:00+00:00,0.0,30.5,12.7,17.604551,39119.76,0.0,12.7279215,45.000378,38610.117,20.304167,25.919998,3.835829,16.42,31.03537,61.17262,12.271208,1015.67914,1017.6,1013.6,1004.9827,1006.9234,1003.1174,0.0,0.0,0.0,10.536395,14.381643,6.2509003
303,2020-10-30 00:00:00+00:00,0.0,30.25,13.1,17.820255,39005.723,0.0,14.693999,98.19426,38495.363,20.725,28.8,4.195109,16.26,28.141754,67.87187,11.614855,1014.85834,1016.6,1012.8,1004.1865,1005.8403,1002.36566,0.0,0.0,0.0,10.655006,15.174181,5.329771
304,2020-10-31 00:00:00+00:00,3.0,31.25,14.5,19.74093,38892.668,0.0,10.44,145.86397,38381.59,22.056252,23.4,3.6781662,16.21,30.457941,62.692394,10.377292,1015.9167,1017.9,1014.7,1005.2818,1007.1659,1004.25806,23.0,100.0,0.0,11.796552,14.791746,8.742757
305,2020-11-01 00:00:00+00:00,3.0,30.95,17.45,20.614813,38780.715,0.0,14.168641,180.4063,33721.08,22.497917,23.4,3.2645633,11.79,38.22738,72.72109,12.417992,1018.19574,1020.3,1016.6,1007.55396,1009.70593,1006.1327,34.083332,100.0,0.0,13.320386,15.583164,10.236511
306,2020-11-02 00:00:00+00:00,0.0,28.75,15.25,19.173979,38669.977,0.0,11.923557,142.62805,38157.49,20.433334,23.759998,3.65325,15.29,47.947544,83.81621,28.790272,1017.4875,1019.6,1015.5,1006.7784,1008.85706,1005.01166,0.5,6.0,0.0,13.61259,18.02068,8.1817665
307,2020-11-03 00:00:00+00:00,3.0,27.75,13.85,18.736277,38560.582,0.0,15.463246,162.8738,35860.766,18.654167,30.239998,2.85649,14.91,73.25412,100.0,32.85753,1016.31256,1018.2,1014.7,1005.5511,1007.38403,1004.2808,25.833334,100.0,0.0,15.08343,17.699818,13.2988205
308,2020-11-04 00:00:00+00:00,0.0,31.05,14.95,20.052347,38452.652,0.0,13.479583,204.44418,37938.766,21.133335,27.0,3.3021798,15.45,48.073162,83.34521,17.874668,1017.5916,1019.4,1016.1,1006.90576,1008.5601,1005.64703,0.0,0.0,0.0,13.779648,16.940147,9.858979
309,2020-11-05 00:00:00+00:00,3.0,35.35,12.9,20.707468,38346.312,0.0,11.631956,332.62238,31133.74,23.647917,21.599998,3.6739762,12.09,22.766874,38.525394,8.558024,1013.9751,1017.8,1009.3,1003.41364,1007.0084,998.7424,62.458332,100.0,0.0,11.516793,15.617905,6.358279
310,2020-11-06 00:00:00+00:00,51.0,25.15,14.55,18.786074,38241.695,0.3,21.273533,149.20886,36152.98,20.029165,40.68,3.3047872,14.14,62.52542,83.68946,16.852947,1005.9333,1008.7,1003.5,995.33246,998.2299,992.9034,43.708332,100.0,0.0,15.079328,18.906464,11.23337
311,2020-11-07 00:00:00+00:00,61.0,15.6,9.35,10.345232,38138.926,3.2,25.43802,248.28755,35969.49,13.0041685,46.8,2.071479,10.32,64.784355,78.59177,40.312355,1007.0,1010.2,1004.5,996.12994,999.1555,993.6779,28.458334,87.0,0.0,9.168109,11.186119,7.083107
312,2020-11-08 00:00:00+00:00,51.0,16.75,7.95,8.246669,38038.14,0.5,35.80688,269.83145,36065.43,11.985415,61.56,2.8204534,12.93,59.413406,77.13246,37.44805,1009.60425,1011.3,1006.7,998.6663,1000.2514,995.97107,17.958334,64.0,0.0,7.5989995,9.751117,4.704112
313,2020-11-09 00:00:00+00:00,3.0,17.3,4.2,7.8669534,37939.0,0.0,17.935081,335.4871,37421.766,11.072917,29.16,2.709451,14.91,48.73213,76.99682,22.728512,1017.554,1021.7,1011.8,1006.49396,1010.57104,1000.71075,8.916667,95.0,0.0,5.5855923,8.588079,1.8610234
314,2020-11-10 00:00:00+00:00,2.0,19.85,7.45,9.412246,37840.64,0.0,13.797912,14.661579,37242.887,12.339583,27.0,2.6455648,14.75,45.001446,66.79426,18.88004,1019.90424,1022.2,1017.3,1008.8671,1011.0656,1006.2904,7.4166665,59.0,0.0,6.2158933,8.781197,3.75599
315,2020-11-11 00:00:00+00:00,1.0,21.75,7.75,10.882241,37743.137,0.0,10.948973,91.60215,36934.887,13.824998,23.759998,2.9859047,14.45,43.39354,58.8802,24.464863,1016.4124,1018.1,1014.3,1005.4694,1007.0817,1003.58405,6.125,44.0,0.0,7.39148,11.1542225,3.6245718
316,2020-11-12 00:00:00+00:00,3.0,22.75,9.3,12.1730795,37646.6,0.0,16.75064,246.59525,36627.254,14.7,30.960001,2.7847178,13.58,47.233517,67.28848,21.566895,1016.7,1018.5,1015.1,1005.7874,1007.61176,1004.4817,21.625,100.0,0.0,8.502927,11.550047,5.7451754
317,2020-11-13 00:00:00+00:00,0.0,20.55,7.55,11.563717,37551.14,0.0,12.181624,124.13926,36622.25,13.4000025,25.199999,2.423866,14.05,66.564156,93.58775,40.74631,1019.0542,1020.9,1017.9,1008.06714,1009.9297,1006.80084,0.0,0.0,0.0,9.577472,13.26527,5.546488
318,2020-11-14 00:00:00+00:00,1.0,20.5,9.3,12.415441,37456.887,0.0,15.158522,83.059166,36316.02,14.133332,25.199999,2.2384322,13.91,68.18784,93.56574,33.887997,1019.42505,1021.3,1017.9,1008.46234,1010.2528,1007.15326,5.8333335,45.0,0.0,10.379167,12.380144,8.084066
319,2020-11-15 00:00:00+00:00,0.0,29.6,12.25,16.945581,37363.938,0.0,10.691453,4.5855297e-05,36313.54,19.920834,21.24,3.3666282,14.14,28.22042,49.149284,9.492156,1018.4583,1020.7,1016.1,1007.71857,1009.86664,1005.4767,0.0,0.0,0.0,9.74294,12.915991,6.495023
320,2020-11-16 00:00:00+00:00,0.0,32.5,11.6,17.096964,37272.426,0.0,11.457958,66.29736,36008.66,20.20625,20.16,3.5729516,14.01,27.65915,45.593002,9.139508,1015.61676,1017.2,1012.9,1004.9148,1006.44666,1002.54364,0.0,0.0,0.0,9.653827,13.830826,5.608227
321,2020-11-17 00:00:00+00:00,3.0,27.65,13.4,16.777992,37182.47,0.0,14.277983,170.03993,36008.758,19.0375,27.72,3.409404,13.77,42.4292,96.79678,15.196228,1016.5083,1018.3,1015.1,1005.7586,1007.5727,1004.39343,28.75,97.0,0.0,11.382236,14.532488,6.462612
322,2020-11-18 00:00:00+00:00,3.0,21.15,10.8,14.874373,37094.19,0.0,11.384198,195.56924,34975.934,15.09375,25.199999,2.0545955,12.11,83.38034,100.0,47.97208,1018.5459,1020.1,1017.1,1007.6294,1009.144,1006.0695,50.875,100.0,1.0,13.03943,14.4049835,10.710153
323,2020-11-19 00:00:00+00:00,3.0,21.9,11.05,14.622472,37007.71,0.0,13.397612,166.37297,35095.98,15.227085,27.359999,2.2929106,13.33,77.41534,94.88359,42.261013,1019.4958,1021.5,1017.6,1008.5739,1010.52704,1006.8491,33.166668,98.0,0.0,12.456265,14.336052,10.257021
324,2020-11-20 00:00:00+00:00,3.0,24.85,13.55,16.322145,36923.156,0.0,8.913181,216.31366,32727.12,17.25625,19.08,2.1736283,11.19,59.835835,94.91272,30.121075,1018.6374,1020.5,1017.4,1007.8001,1009.6278,1006.7037,82.708336,100.0,30.0,12.191143,14.862766,10.143269
325,2020-11-21 00:00:00+00:00,3.0,26.65,15.15,16.526861,36840.664,0.0,10.948973,218.50072,33943.043,18.212498,21.24,2.4770555,12.46,45.66072,62.46923,17.924507,1017.54987,1019.5,1015.8,1006.7595,1008.6293,1005.1278,98.083336,100.0,92.0,11.204929,13.749105,9.468547
326,2020-11-22 00:00:00+00:00,3.0,24.35,11.9,16.086977,36760.35,0.0,12.24,156.51025,35109.387,17.652084,24.48,2.6418638,13.04,50.668774,89.37697,34.61906,1013.8499,1015.9,1011.5,1003.0784,1005.1157,1000.94806,42.416668,98.0,0.0,11.630649,15.88884,7.102289
327,2020-11-23 00:00:00+00:00,3.0,19.85,9.65,12.4292755,36682.355,0.0,16.279802,128.14174,27646.545,13.393752,32.399998,1.7882482,11.0,83.22675,98.04298,45.87055,1012.4666,1014.4,1010.6,1001.55133,1003.38904,999.9356,26.541666,100.0,0.0,11.409153,13.515911,8.9882965
328,2020-11-24 00:00:00+00:00,1.0,21.4,10.7,13.65875,36606.816,0.0,10.182337,20.125948,34826.07,14.7375,19.8,2.0126863,11.86,72.97345,93.553474,41.550636,1017.1042,1019.1,1014.7,1006.18945,1008.2259,1003.67035,14.291667,40.0,0.0,11.509544,13.688519,8.997505
329,2020-11-25 00:00:00+00:00,3.0,20.4,8.6,12.901612,36533.855,0.0,11.4862,181.70973,34827.26,14.156251,23.039999,2.149842,12.8,68.48221,96.773315,47.44575,1018.49994,1020.3,1016.8,1007.54834,1009.4207,1006.008,13.208333,88.0,0.0,10.601835,13.893665,6.013612
330,2020-11-26 00:00:00+00:00,3.0,22.5,8.4,11.231018,36463.613,0.0,17.0763,30.793173,34790.855,14.156249,30.960001,2.9511347,12.79,49.295338,94.21446,7.5992036,1017.5457,1019.8,1015.7,1006.60333,1008.69745,1005.0686,14.583333,81.0,0.0,7.827723,11.132116,2.9488487
331,2020-11-27 00:00:00+00:00,0.0,21.4,7.65,9.183373,36396.227,0.0,11.570515,314.5103,34851.766,13.264583,24.84,2.9272046,13.26,20.2974,34.310352,9.349277,1020.9333,1023.0,1019.7,1009.9207,1012.0599,1008.55585,0.0,0.0,0.0,4.2616677,7.604149,1.1333079
332,2020-11-28 00:00:00+00:00,0.0,23.7,6.3,10.194655,36331.824,0.0,9.178235,0.9991932,34866.266,14.091667,19.8,2.9146383,13.22,22.308113,34.055332,8.196188,1021.0125,1023.1,1018.7,1010.02856,1012.2169,1008.0032,0.0,0.0,0.0,4.9079003,8.631574,0.6272607
333,2020-11-29 00:00:00+00:00,3.0,24.6,9.85,11.94959,36270.195,0.0,12.031756,8.20716,34753.11,15.679169,20.880001,2.8446114,13.23,20.834791,47.530445,7.1048636,1019.21246,1020.5,1017.7,1008.3094,1009.6649,1007.0296,20.5,98.0,0.0,5.8969555,9.970096,2.5992813
334,2020-11-30 00:00:00+00:00,3.0,26.3,12.05,14.172295,36210.684,0.0,12.72283,345.5102,34744.79,17.872917,20.16,2.9288967,13.05,17.847178,38.504196,6.5803447,1019.54156,1021.5,1017.6,1008.7171,1010.61523,1006.924,26.541666,98.0,0.0,6.920454,11.183206,3.8497334
335,2020-12-01 00:00:00+00:00,0.0,25.55,11.2,13.796691,36153.344,0.0,8.905908,18.53789,34738.6,17.47083,14.04,2.587682,12.84,16.785238,24.958197,7.5695395,1017.6416,1019.1,1015.8,1006.8222,1008.203,1005.1098,0.0,0.0,0.0,6.543957,9.700041,3.5602474
336,2020-12-02 00:00:00+00:00,2.0,25.7,13.1,14.073722,36098.234,0.0,12.849528,40.46214,34734.492,17.858334,20.519999,3.0769145,12.57,18.231276,27.577364,8.530239,1017.67084,1019.7,1016.4,1006.86615,1008.7008,1005.60504,10.875,54.0,0.0,7.1213126,10.637705,4.5080338
337,2020-12-03 00:00:00+00:00,0.0,22.85,8.15,10.80209,36045.438,0.0,12.181625,274.3707,34732.418,15.235419,24.84,3.4594746,13.09,15.58715,24.53796,5.561494,1022.16266,1024.0,1020.1,1011.2112,1013.14465,1009.11743,0.5,12.0,0.0,4.8478103,8.144033,1.3836608
338,2020-12-04 00:00:00+00:00,0.0,23.45,5.45,8.826554,35995.023,0.0,11.113451,24.037325,34732.336,13.122917,18.0,3.0117757,13.04,16.804586,32.427807,6.1237354,1022.1208,1024.1,1019.9,1011.08746,1012.868,1009.08276,0.625,10.0,0.0,3.6374238,7.7900105,-0.8163383
339,2020-12-05 00:00:00+00:00,3.0,23.35,7.65,11.258202,35947.066,0.0,14.168641,54.30032,34734.215,15.341666,18.359999,2.9145076,10.69,19.415577,42.618374,6.88764,1023.13745,1025.3,1021.7,1012.17993,1014.4048,1010.5416,44.25,99.0,0.0,5.523682,9.851068,0.7377877
340,2020-12-06 00:00:00+00:00,3.0,24.25,9.85,12.097812,35901.637,0.0,12.287555,276.0089,34738.0,15.777083,23.759998,2.96873,12.6,25.80071,74.05257,6.2215686,1021.3582,1024.3,1018.1,1010.43585,1013.2319,1007.0374,21.5,91.0,0.0,6.401362,9.820892,2.5568256
341,2020-12-07 00:00:00+00:00,3.0,23.15,8.8,11.852257,35858.812,0.0,13.084402,194.93144,9014.541,15.750001,19.08,2.4800358,5.88,22.746185,63.13652,10.095678,1015.99585,1018.2,1014.2,1005.12964,1007.0994,1003.5858,71.416664,100.0,0.0,6.157122,9.262246,3.293562
342,2020-12-08 00:00:00+00:00,3.0,28.2,12.9,15.495594,35818.652,0.0,20.945072,59.20512,34751.11,20.352083,34.2,4.598718,9.89,12.623376,20.41393,6.857116,1017.0542,1018.6,1015.8,1006.34546,1007.7881,1005.32587,52.125,97.0,0.0,7.4544716,10.637927,4.2624598
343,2020-12-09 00:00:00+00:00,3.0,24.9,12.7,13.813495,35781.242,0.0,15.9134655,105.478745,32480.547,17.327085,29.16,2.833343,11.11,26.997019,74.89003,9.565408,1016.6291,1019.5,1013.2,1005.81586,1008.497,1002.51196,80.0,99.0,14.0,7.7107964,11.015078,4.948744
344,2020-12-10 00:00:00+00:00,3.0,18.95,9.0,11.546891,35746.65,0.0,12.599999,111.46657,34734.9,13.595833,27.359999,2.069482,10.88,67.242744,86.35863,49.00878,1016.3625,1019.4,1014.2,1005.413,1008.34045,1003.1412,25.125,100.0,0.0,9.9427,12.863754,6.9965744
345,2020-12-11 00:00:00+00:00,3.0,16.7,7.55,10.612308,35714.938,0.0,10.464797,78.511154,34091.7,11.935417,25.919998,1.5729897,10.47,79.26598,97.3083,51.61296,1019.61237,1021.5,1018.0,1008.5643,1010.40814,1007.072,45.541668,97.0,1.0,9.60477,11.650646,7.175829
346,2020-12-12 00:00:00+00:00,3.0,20.95,8.6,11.0731325,35686.188,0.0,25.582806,25.419222,23660.135,12.900002,41.760002,1.8257376,8.0,76.00368,99.327415,37.49425,1018.125,1020.9,1015.2,1007.1291,1009.7992,1004.4543,76.333336,100.0,8.0,10.08426,13.066715,7.559901
347,2020-12-13 00:00:00+00:00,3.0,21.25,7.4,10.838795,35660.457,0.0,16.09969,312.9011,32400.0,13.633332,28.08,2.3600645,11.03,46.79312,78.36954,18.807486,1022.47925,1025.0,1021.2,1011.4637,1014.0499,1010.0334,59.708332,98.0,0.0,7.4616666,9.851504,3.7467194
348,2020-12-14 00:00:00+00:00,3.0,18.4,9.15,8.788079,35637.82,0.0,34.268143,329.32364,34831.66,13.285417,59.039997,3.4154172,11.33,42.917027,81.506386,25.082666,1018.54156,1021.0,1016.1,1007.5568,1009.9443,1005.3173,40.666668,99.0,0.0,6.965714,8.852645,4.2244205
349,2020-12-15 00:00:00+00:00,2.0,20.35,5.65,8.353015,35618.348,0.0,19.171478,279.7275,34850.625,11.854167,32.039997,2.5531645,11.91,37.08286,54.184994,15.321494,1021.66675,1024.3,1020.0,1010.591,1013.32916,1008.76953,3.2916667,54.0,0.0,5.035381,9.813925,1.0290017
350,2020-12-16 00:00:00+00:00,3.0,23.1,9.15,11.248883,35602.105,0.0,12.88981,31.195047,34871.047,14.714583,21.96,2.6455283,11.93,28.075758,43.302162,13.810694,1020.09985,1022.6,1017.5,1009.1512,1011.4199,1006.7773,21.125,99.0,0.0,6.2993946,9.779665,2.7861552
351,2020-12-17 00:00:00+00:00,3.0,18.55,9.85,11.484029,35589.152,0.0,17.399586,60.57281,30129.666,13.972916,28.8,2.391497,10.85,52.61562,76.03204,32.63193,1015.6206,1017.9,1012.4,1004.69385,1006.85486,1001.6566,51.416668,99.0,0.0,8.851903,12.818939,4.5440407
352,2020-12-18 00:00:00+00:00,1.0,20.6,7.95,9.846444,35579.56,0.0,17.884428,313.78122,34916.08,12.6916685,33.12,2.4645119,11.98,52.42481,91.49763,23.489422,1020.4875,1024.1,1015.4,1009.4577,1012.91943,1004.3492,4.5,22.0,0.0,7.322849,10.426006,3.046413
353,2020-12-19 00:00:00+00:00,0.0,22.05,8.55,10.921987,35573.316,0.0,7.9526596,10.915835,34941.14,14.554166,16.919998,2.6281357,12.12,24.095139,33.333195,13.582152,1024.1832,1026.2,1022.3,1013.18506,1015.25397,1011.5341,0.0,0.0,0.0,5.731112,9.09217,2.4486709
354,2020-12-20 00:00:00+00:00,0.0,25.85,7.0,11.328518,35570.31,0.0,11.019764,23.962507,34968.445,15.270833,17.64,2.8019073,12.29,19.391266,28.473526,7.7165837,1020.23346,1023.7,1016.8,1009.30084,1012.5395,1006.1046,0.0,0.0,0.0,5.2961035,9.709504,0.70184183
355,2020-12-21 00:00:00+00:00,3.0,27.85,9.3,13.902458,35570.504,0.0,12.879752,51.49933,34997.902,17.652082,21.24,3.108469,11.92,21.056993,41.33567,10.068541,1015.1958,1017.8,1012.9,1004.40753,1006.79065,1002.39166,3.5416667,85.0,0.0,7.2345033,11.608469,2.7993865
356,2020-12-22 00:00:00+00:00,3.0,21.85,10.25,12.23322,35573.87,0.0,10.464798,114.69151,35029.395,14.8125,21.599998,2.6539981,12.13,49.35574,92.93212,25.3759,1017.2708,1019.2,1016.1,1006.35675,1008.09235,1005.421,51.833332,100.0,0.0,8.89561,12.428249,4.5451183
357,2020-12-23 00:00:00+00:00,3.0,22.55,8.0,10.843375,35580.375,0.0,10.296251,9.926236,26853.264,13.747918,23.039999,2.4364014,10.71,46.26314,91.6356,9.484193,1020.68744,1023.9,1019.1,1009.6954,1012.78784,1007.9504,99.791664,100.0,95.0,7.16635,9.948054,2.7815833
358,2020-12-24 00:00:00+00:00,51.0,19.45,9.55,9.205795,35589.99,0.6,19.694992,38.2966,9430.494,13.189583,31.319998,2.26543,4.41,27.874125,80.66598,9.143589,1023.4292,1027.8,1020.6,1012.38824,1016.7154,1009.62915,86.25,100.0,7.0,5.183474,10.269629,1.2692084
359,2020-12-25 00:00:00+00:00,3.0,23.75,9.05,13.019123,35602.668,0.0,15.978484,340.201,35066.75,15.341667,27.359999,2.3410847,11.54,49.85378,80.93217,23.202969,1020.0959,1021.7,1018.5,1009.1704,1010.85986,1007.89966,31.083334,92.0,0.0,9.229088,12.42984,6.330188
360,2020-12-26 00:00:00+00:00,3.0,20.85,9.25,11.74742,35618.38,0.0,10.685391,96.87671,35082.926,13.866666,23.039999,2.2264872,11.64,57.378693,93.55838,28.280989,1019.33746,1021.5,1017.0,1008.36566,1010.5778,1006.19104,33.333332,89.0,0.0,9.040123,12.909477,4.720415
361,2020-12-27 00:00:00+00:00,51.0,17.05,9.8,12.0861435,35637.086,0.3,16.548256,178.76799,19779.053,13.072917,33.12,1.0402827,5.7,81.64989,92.421524,58.6974,1014.7625,1017.3,1012.1,1003.8106,1006.2461,1001.19977,76.666664,100.0,10.0,11.011491,12.8030815,8.473451
362,2020-12-28 00:00:00+00:00,63.0,12.1,7.4,7.597975,35658.75,21.000004,20.466246,114.11624,17893.672,9.922917,37.8,0.7929213,4.77,88.027626,96.33565,74.22835,1012.1668,1014.1,1010.7,1001.1226,1002.93634,999.66174,74.625,100.0,4.0,8.644919,11.139395,6.1180935
363,2020-12-29 00:00:00+00:00,1.0,17.25,4.55,7.561764,35683.33,0.0,19.406637,331.54858,35149.35,10.227083,35.28,2.0584402,11.81,67.40478,92.89648,34.992687,1018.9666,1022.8,1014.9,1007.85846,1011.61206,1003.6939,6.875,46.0,0.0,6.709332,10.2368,3.785406
364,2020-12-30 00:00:00+00:00,3.0,17.65,2.5,6.5661163,35710.79,0.0,17.974781,349.21573,33018.81,9.4875,29.88,2.0144384,12.05,55.758907,73.56303,24.842867,1022.34576,1024.8,1020.5,1011.1706,1013.7169,1009.246,25.541666,88.0,0.0,4.9198194,9.664726,-0.052838326
365,2020-12-31 00:00:00+00:00,3.0,18.55,5.45,7.5010815,35741.074,0.0,27.666182,340.58694,35208.12,11.375,48.96,2.7352679,11.66,52.39414,77.94607,32.16469,1015.4084,1019.9,1012.6,1004.3829,1008.6526,1001.81573,25.583334,98.0,0.0,6.352541,10.413917,2.4124594
366,2021-01-01 00:00:00+00:00,3.0,19.3,6.25,8.461823,35774.156,0.0,14.471821,357.55865,35241.723,11.437499,24.84,2.3378763,12.33,55.41541,73.96385,25.302088,1018.7332,1022.4,1015.2,1007.6743,1011.1708,1004.0855,35.291668,98.0,0.0,6.564736,11.064446,3.4878654
367,2021-01-02 00:00:00+00:00,3.0,17.3,7.4,9.45099,35809.98,0.0,11.592895,98.13001,32587.084,11.566667,24.119999,1.9866335,11.61,68.59267,95.075,50.533188,1023.5583,1025.7,1022.2,1012.4528,1014.5876,1010.9987,54.625,100.0,0.0,8.308381,12.910057,3.83992
368,2021-01-03 00:00:00+00:00,3.0,16.2,7.35,9.66669,35848.51,0.0,9.3669195,81.37646,32487.756,11.139583,20.16,1.5840436,11.28,82.67416,96.0147,62.480743,1022.72925,1024.4,1021.0,1011.6163,1013.26685,1010.098,46.583332,97.0,0.0,9.227803,12.353186,6.3581276
369,2021-01-04 00:00:00+00:00,2.0,17.2,8.3,10.698792,35889.7,0.0,13.779114,184.96945,35358.867,11.870833,27.0,1.6483904,11.87,80.42337,93.58532,64.51293,1021.4292,1023.0,1020.3,1010.35913,1011.8976,1009.37384,15.458333,73.0,0.0,9.735637,13.027201,6.9211826
370,2021-01-05 00:00:00+00:00,3.0,15.7,7.4,9.448453,35933.5,0.0,10.823973,60.90891,28424.111,10.89375,22.68,1.4778515,11.06,81.73962,98.989426,56.98692,1020.0666,1021.6,1018.6,1008.9736,1010.39954,1007.7069,40.458332,100.0,0.0,8.888766,11.004165,6.698431
371,2021-01-06 00:00:00+00:00,3.0,21.3,10.75,13.51921,35979.87,0.0,7.628263,168.48613,35450.11,15.022916,16.199999,2.0228648,11.92,58.28745,91.15609,34.117744,1019.38336,1020.8,1018.2,1008.455,1009.9208,1007.4082,63.166668,99.0,0.0,10.179954,13.845596,6.6180706
372,2021-01-07 00:00:00+00:00,3.0,21.8,7.15,11.447254,36028.76,0.0,9.422101,41.3193,34674.523,13.618749,15.119999,1.9481515,9.76,55.592808,80.41668,27.258726,1018.55,1020.3,1016.7,1007.5767,1009.277,1005.953,58.791668,100.0,0.0,8.579815,13.269314,3.9372501
373,2021-01-08 00:00:00+00:00,3.0,20.4,9.9,11.44075,36080.39,0.0,15.856354,78.690094,35552.047,13.956252,28.44,2.4069278,12.53,49.03737,70.81858,33.438053,1019.0459,1021.3,1017.7,1008.08124,1010.24896,1006.8466,35.75,98.0,0.0,8.315081,13.06599,6.0815897
374,2021-01-09 00:00:00+00:00,2.0,22.9,5.2,9.705717,36135.25,0.0,12.324414,102.307976,35607.85,12.5,22.68,2.495691,12.6,50.455494,70.903244,22.900513,1018.0,1019.8,1016.8,1006.9876,1008.8773,1005.66394,14.291667,61.0,0.0,6.870665,11.94857,2.5654902
375,2021-01-10 00:00:00+00:00,3.0,20.8,5.95,9.278312,36193.23,0.0,9.693296,358.4725,35666.79,12.312499,17.64,2.280326,12.18,42.033367,59.09138,18.061861,1021.05414,1023.2,1019.9,1010.0027,1012.2013,1008.6767,31.75,95.0,0.0,5.8275585,9.772281,2.1919494
376,2021-01-11 00:00:00+00:00,3.0,21.15,6.15,9.861604,36254.207,0.0,9.826088,7.124889,35728.742,12.770833,17.28,2.3699903,12.9,43.6326,62.693127,18.160578,1021.64154,1023.4,1020.7,1010.6013,1012.3972,1009.5586,28.875,94.0,0.0,6.345018,10.046015,2.7750883
377,2021-01-12 00:00:00+00:00,3.0,21.85,7.8,11.278878,36318.055,0.0,11.304229,28.930008,28211.848,14.53125,16.919998,2.5796313,11.01,36.789757,50.36188,16.259562,1023.80414,1025.8,1022.9,1012.8089,1014.9033,1011.7463,43.875,100.0,0.0,7.1037526,9.556066,3.1447086
378,2021-01-13 00:00:00+00:00,3.0,23.8,7.35,11.766815,36384.656,0.0,9.504273,23.67762,35818.45,14.860416,15.84,2.5272188,11.92,36.76884,56.509243,13.597361,1022.83746,1024.8,1020.9,1011.8638,1013.7112,1010.06647,43.666668,98.0,0.0,7.164829,10.146993,3.347002
379,2021-01-14 00:00:00+00:00,1.0,28.2,9.95,14.608529,36453.875,0.0,11.720751,3.77225,35831.68,17.435415,22.319998,3.1522133,12.91,36.608635,56.106804,15.042729,1020.38745,1021.7,1019.1,1009.535,1010.9369,1008.59283,0.8333333,20.0,0.0,9.167239,13.552856,5.4224977
380,2021-01-15 00:00:00+00:00,2.0,31.75,14.9,17.45604,36525.605,0.0,24.40046,333.58212,35846.668,21.339582,39.239998,4.4979157,13.45,22.569939,33.859936,8.559615,1018.9167,1021.5,1016.0,1008.22345,1010.71844,1005.2405,16.166666,75.0,0.0,9.956799,13.287064,7.3640814
381,2021-01-16 00:00:00+00:00,2.0,30.85,12.5,17.012697,36599.71,0.0,16.08761,111.13648,35863.39,20.514584,27.72,3.8925676,12.95,23.891207,35.488754,10.152201,1014.729,1016.0,1012.9,1004.0507,1005.3761,1002.4993,7.2916665,79.0,0.0,9.660966,13.472174,5.6549683
382,2021-01-17 00:00:00+00:00,3.0,29.05,11.95,15.6419325,36676.086,0.0,11.983188,23.199274,35881.836,18.985415,20.519999,3.4346411,13.22,25.928896,40.073322,9.672298,1014.8459,1017.6,1012.8,1004.1099,1006.9268,1002.25214,18.25,87.0,0.0,8.75362,12.1872425,5.314664
383,2021-01-18 00:00:00+00:00,0.0,26.75,12.6,14.399049,36754.6,0.0,14.57889,129.80551,35901.984,17.491667,24.119999,3.3986406,13.31,34.67275,76.65701,15.160956,1009.9666,1013.3,1006.8,999.2293,1002.4469,996.3286,0.0,0.0,0.0,9.105887,12.546179,6.160802
384,2021-01-19 00:00:00+00:00,3.0,20.35,10.1,11.564746,36835.14,0.0,28.8,56.13715,29008.34,15.310417,49.68,3.6855528,10.39,50.823883,97.684326,13.609008,1008.0164,1012.1,1006.2,997.22076,1001.3025,995.278,68.291664,100.0,0.0,8.990071,10.691244,7.287903
385,2021-01-20 00:00:00+00:00,2.0,24.8,13.85,15.630001,36917.586,0.0,18.388212,44.778778,35947.32,18.93125,29.88,3.7823684,13.05,29.9132,50.457615,20.336082,1013.6208,1015.7,1012.3,1002.8986,1005.0506,1001.4052,10.166667,56.0,0.0,9.789603,12.470915,6.803174
386,2021-01-21 00:00:00+00:00,1.0,22.0,9.95,12.947776,37001.824,0.0,15.496736,201.90881,35972.48,15.085416,30.599998,2.6712596,13.4,53.66315,74.56825,32.348125,1016.51666,1018.0,1015.3,1005.62085,1007.2006,1004.60785,2.9583333,28.0,0.0,9.637696,12.724422,6.741785
387,2021-01-22 00:00:00+00:00,51.0,17.1,10.65,10.769203,37087.746,1.3000001,20.972897,174.28947,27090.55,13.064584,41.039997,1.9936274,10.45,72.16812,85.39577,48.57814,1015.33325,1017.3,1013.4,1004.3754,1006.24396,1002.5214,56.291668,100.0,1.0,9.989147,12.179077,8.7577095
388,2021-01-23 00:00:00+00:00,61.0,10.85,7.4,7.8862233,37175.234,13.099999,9.885262,68.19854,6468.0,9.431249,19.44,0.65262055,3.92,85.71363,94.69933,78.72149,1012.92084,1014.2,1011.5,1001.8496,1003.13135,1000.484,84.25,100.0,2.0,7.932348,9.063866,6.089794
389,2021-01-24 00:00:00+00:00,53.0,14.5,3.35,6.831944,37264.176,1.9000001,15.137133,132.5432,36000.0,8.995833,28.44,1.8516704,13.6,78.60416,95.5216,52.88575,1012.55005,1014.4,1011.5,1001.46454,1003.3018,1000.44324,31.625,99.0,0.0,6.7434425,9.288762,2.6688886
390,2021-01-25 00:00:00+00:00,61.0,12.95,5.95,5.6011558,37354.465,4.7,26.642431,291.2776,34759.29,8.691667,48.239998,1.9751012,13.23,71.34461,95.94706,36.316795,1007.64984,1011.1,1005.0,996.6072,1000.02625,994.1138,50.708332,100.0,5.0,5.798916,7.6091824,3.348155
391,2021-01-26 00:00:00+00:00,3.0,12.9,3.5,4.591782,37445.99,0.0,17.551615,306.20947,36000.0,7.9312496,32.039997,2.2151434,14.17,60.99184,78.98017,37.9661,1015.02496,1020.7,1008.9,1003.8709,1009.4437,997.71625,18.041666,94.0,0.0,4.123754,6.7248936,1.0705462
392,2021-01-27 00:00:00+00:00,3.0,14.8,6.0,6.4460716,37538.652,0.0,19.33639,114.84922,29019.828,9.73125,35.64,1.8623002,9.09,65.65678,86.022964,44.28704,1020.4375,1022.8,1018.0,1009.2951,1011.6902,1007.0796,68.833336,99.0,13.0,6.2483726,9.054023,2.9775581
393,2021-01-28 00:00:00+00:00,63.0,17.4,6.45,8.484698,37632.797,15.2,21.322214,139.19159,35485.33,11.325,38.519997,2.2903557,12.34,65.63604,97.38197,38.73287,1015.05,1018.3,1012.5,1004.0273,1007.08826,1001.54803,75.75,100.0,22.0,7.660013,10.971603,4.158684
394,2021-01-29 00:00:00+00:00,63.0,12.4,7.55,8.485018,37729.258,24.000004,15.328561,96.43341,30808.842,10.102083,37.44,1.1518067,8.41,88.28138,96.35134,72.531395,1014.68335,1019.2,1012.4,1003.61896,1007.9863,1001.31805,77.75,100.0,18.0,8.839395,10.452757,6.4683084
395,2021-01-30 00:00:00+00:00,0.0,15.9,3.7,7.426331,37827.926,0.0,9.290511,6.3706174,36000.0,9.177083,19.8,2.0056436,14.46,79.55305,97.22371,49.873074,1021.2166,1023.6,1019.7,1010.0425,1012.5606,1008.37665,1.5,12.0,0.0,6.9404655,10.646236,3.1555119
396,2021-01-31 00:00:00+00:00,3.0,18.55,7.0,11.026595,37928.652,0.0,9.531505,12.454349,32711.963,12.852082,11.159999,1.8473436,11.1,59.182087,81.21728,36.0311,1020.67914,1022.7,1018.6,1009.6538,1011.42584,1007.73315,88.0,100.0,0.0,8.337219,12.07885,4.3889008
397,2021-02-01 00:00:00+00:00,3.0,18.95,12.65,13.795571,38031.31,0.0,10.829959,294.6768,12681.129,15.079166,17.28,1.4263041,5.86,64.90257,77.99104,48.42992,1017.9583,1020.4,1016.3,1007.0484,1009.44434,1005.347,93.958336,100.0,67.0,11.081776,13.977253,9.118385
398,2021-02-02 00:00:00+00:00,3.0,20.75,11.15,14.2564745,38135.75,0.0,11.457958,197.86017,36000.0,15.116666,22.319998,2.4533527,14.49,72.43462,96.42145,51.100174,1017.8291,1019.6,1016.2,1006.9212,1008.7691,1005.47656,28.958334,99.0,0.0,11.868333,14.578976,9.255959
399,2021-02-03 00:00:00+00:00,3.0,19.25,8.55,12.252013,38241.848,0.0,16.039202,146.30989,35579.367,13.29375,30.239998,2.1775467,14.1,80.41369,95.09398,57.36225,1017.6624,1018.9,1016.1,1006.68744,1007.98505,1005.20184,57.666668,99.0,0.0,11.044636,14.388622,7.225293
400,2021-02-04 00:00:00+00:00,51.0,17.55,8.2,11.559639,38349.47,0.5,9.659814,56.888676,28689.195,12.422915,20.16,1.920815,12.57,85.319695,100.0,60.814,1019.5374,1021.6,1017.9,1008.5093,1010.578,1006.7755,26.791666,100.0,0.0,10.738902,12.956024,7.477394
401,2021-02-05 00:00:00+00:00,0.0,19.6,8.0,10.853709,38458.484,0.0,13.53236,62.783962,36475.035,12.795833,25.919998,2.6005476,15.83,62.43404,87.2336,38.82524,1018.84174,1021.6,1015.8,1007.834,1010.4154,1004.9182,0.0,0.0,0.0,8.605455,12.099768,5.2533884
402,2021-02-06 00:00:00+00:00,0.0,23.75,8.75,13.068043,38568.76,0.0,11.457958,34.85454,36442.94,14.881251,16.199999,2.8482873,16.04,55.691467,78.17081,25.45493,1015.78326,1017.7,1013.9,1004.88666,1006.82605,1003.2304,0.0,0.0,0.0,9.636119,14.203657,5.969125
403,2021-02-07 00:00:00+00:00,3.0,21.6,7.75,11.570801,38680.184,0.0,11.183201,111.695145,36704.316,13.381251,20.880001,2.7895434,16.14,64.215904,85.71189,42.629124,1013.74994,1015.2,1011.9,1002.8189,1004.1454,1001.2128,18.125,87.0,0.0,9.33471,14.290878,5.198269
404,2021-02-08 00:00:00+00:00,3.0,18.45,7.85,10.504127,38792.62,0.0,10.948973,160.22755,36671.848,11.59375,21.599998,2.2466931,15.33,82.1211,96.70774,54.47296,1015.15845,1017.3,1013.8,1004.145,1006.18207,1002.7436,40.458332,100.0,0.0,9.580531,12.960075,6.8845673
405,2021-02-09 00:00:00+00:00,3.0,15.5,7.95,10.277089,38905.96,0.0,12.738099,118.53245,8605.426,11.320832,21.96,1.1862245,7.15,85.44216,98.991425,59.413227,1016.7083,1018.6,1014.9,1005.6685,1007.56836,1004.0393,89.958336,100.0,24.0,9.692787,10.937172,7.675048
406,2021-02-10 00:00:00+00:00,3.0,17.35,8.05,10.695557,39020.074,0.0,13.397612,264.97598,36607.453,11.858333,27.359999,2.0723815,13.79,82.28321,95.6823,56.963604,1016.9123,1018.5,1015.0,1005.8906,1007.45245,1004.1883,33.458332,99.0,0.0,9.858103,12.387623,7.5483513
407,2021-02-11 00:00:00+00:00,3.0,20.35,7.9,11.71445,39134.848,0.0,16.485485,226.95251,36000.0,12.839583,33.839996,2.498393,15.74,79.03118,98.02692,49.889038,1016.78326,1018.8,1015.1,1005.79974,1007.8105,1004.0679,49.041668,98.0,0.0,10.408566,13.985235,6.994446
408,2021-02-12 00:00:00+00:00,53.0,21.2,10.85,11.84745,39250.176,0.8,32.44996,319.7853,29924.908,14.372916,57.6,3.2003462,15.33,67.70744,97.69784,27.077732,1013.1834,1015.7,1010.8,1002.2968,1004.6806,1000.18945,42.416668,100.0,0.0,10.432336,11.34643,8.968591
409,2021-02-13 00:00:00+00:00,3.0,18.5,8.8,10.840327,39365.93,0.0,28.001427,301.079,29435.16,13.160416,46.44,2.50766,12.2,68.95066,91.6356,40.212616,1012.6875,1015.4,1009.6,1001.76117,1004.4318,998.78467,61.041668,100.0,0.0,9.691132,12.817001,6.9956837
410,2021-02-14 00:00:00+00:00,3.0,20.05,11.3,9.542519,39482.016,0.0,35.261627,318.50464,37349.668,15.235416,60.839996,5.3389745,15.43,36.154583,54.907578,14.697179,1013.68335,1016.4,1011.8,1002.8245,1005.4949,1000.8838,48.708332,98.0,1.0,7.688023,9.568266,6.3437443
411,2021-02-15 00:00:00+00:00,3.0,19.5,8.65,10.732021,39598.312,0.0,21.479666,111.6272,35686.83,13.358334,40.68,2.9678843,14.62,56.096043,77.830055,31.282566,1016.4333,1018.3,1014.8,1005.47394,1007.39905,1004.0547,86.791664,99.0,55.0,8.521385,11.602888,5.257121
412,2021-02-16 00:00:00+00:00,3.0,21.95,10.2,11.471412,39714.715,0.0,33.933697,326.3436,37861.984,15.591664,61.199997,4.8049564,16.88,50.38095,92.88624,14.585476,1014.22485,1015.7,1012.7,1003.3725,1004.6768,1001.9826,69.25,100.0,0.0,9.21389,10.554602,6.8400116
413,2021-02-17 00:00:00+00:00,3.0,21.35,7.7,10.117666,39831.59,0.0,24.363249,346.4295,38336.402,14.239583,43.92,4.5107713,17.88,38.96036,84.82006,16.080757,1016.12915,1020.0,1014.4,1005.2046,1008.96497,1003.7589,15.125,99.0,0.0,6.912868,9.35495,4.8328953
414,2021-02-18 00:00:00+00:00,0.0,20.95,6.3,9.218142,39949.83,0.0,14.81259,312.92996,38357.72,13.214583,32.039997,3.897455,18.23,24.774649,38.12999,8.998328,1024.8583,1027.0,1020.4,1013.801,1016.1182,1009.3357,0.0,0.0,0.0,4.595917,7.3214407,0.89295626
415,2021-02-19 00:00:00+00:00,2.0,21.9,7.65,10.303318,40069.36,0.0,12.738099,120.343216,38377.95,14.020832,28.44,3.8528798,17.8,28.212965,43.492844,13.654334,1023.17505,1026.9,1019.9,1012.16644,1015.7103,1009.0973,14.625,61.0,0.0,5.7416625,9.096583,2.1031466
416,2021-02-20 00:00:00+00:00,0.0,19.6,7.15,8.787994,40190.06,0.0,32.042023,336.1302,38682.613,13.6125,58.679996,4.826225,18.42,38.59342,73.21086,17.412338,1020.20416,1023.2,1018.8,1009.21265,1012.11664,1008.0297,0.45833334,5.0,0.0,6.5490146,9.589863,3.8933773
417,2021-02-21 00:00:00+00:00,0.0,24.05,7.35,10.754575,40311.82,0.0,18.089775,324.558,38985.426,14.791665,34.2,4.403071,18.84,24.693789,41.02101,9.499077,1024.3584,1027.0,1023.1,1013.3654,1016.1017,1012.0158,0.0,0.0,0.0,5.6962504,9.386907,1.3087878
418,2021-02-22 00:00:00+00:00,0.0,27.45,7.1,12.59595,40434.54,0.0,15.111424,261.59677,39286.418,16.31875,26.28,4.389092,18.99,23.102808,37.790237,7.40185,1021.36255,1024.4,1017.5,1010.45575,1013.20447,1006.9126,0.0,0.0,0.0,6.3025646,10.514616,1.6605358
419,2021-02-23 00:00:00+00:00,3.0,27.2,11.2,14.279109,40558.105,0.0,17.884428,174.98715,39301.633,17.695831,35.64,4.419218,19.01,25.22615,43.06104,10.004413,1016.4292,1018.5,1014.2,1005.63007,1007.5195,1003.70245,18.166666,97.0,0.0,7.9422646,11.841251,4.249523
420,2021-02-24 00:00:00+00:00,0.0,25.05,9.95,13.834968,40682.418,0.0,15.546833,138.59679,39599.773,16.49375,29.88,4.0859623,19.1,41.78049,86.39353,17.14415,1016.47504,1018.0,1014.8,1005.6311,1007.1972,1004.1004,0.0,0.0,0.0,9.219282,12.791147,4.762388
421,2021-02-25 00:00:00+00:00,1.0,23.25,8.15,11.370716,40807.375,0.0,15.580141,224.4094,39896.383,14.943749,34.92,4.2487135,19.97,33.161457,88.03687,5.3985257,1018.55005,1021.1,1016.5,1007.62555,1010.18207,1005.7971,1.9583334,46.0,0.0,6.2913437,9.360193,2.6199646
422,2021-02-26 00:00:00+00:00,1.0,24.4,6.65,10.833642,40932.86,0.0,15.986593,169.11455,40191.562,14.454166,32.760002,4.2476826,20.03,26.955374,73.91393,8.808331,1015.6501,1018.3,1012.5,1004.7369,1007.4269,1001.80457,0.9583333,23.0,0.0,5.660705,9.564771,0.8143549
423,2021-02-27 00:00:00+00:00,0.0,24.8,7.35,11.214413,41058.793,0.0,29.30409,348.97153,39072.94,14.891666,55.44,4.836075,19.05,43.952663,88.362305,8.932332,1012.9334,1015.3,1010.5,1002.066,1004.30786,1000.01654,2.125,18.0,0.0,7.625324,11.282078,3.2963986
424,2021-02-28 00:00:00+00:00,2.0,22.95,7.35,11.059692,41185.062,0.0,16.055355,234.42464,40698.715,14.65625,32.760002,4.30213,20.28,31.360495,62.026386,7.9748063,1019.4417,1022.2,1015.6,1008.49725,1011.1123,1004.57025,20.333334,76.0,0.0,6.0856323,8.227543,3.2304325
425,2021-03-01 00:00:00+00:00,0.0,25.35,7.15,10.365042,41311.58,0.0,22.38378,66.232834,40825.66,14.752084,42.839996,4.9275427,20.52,20.242708,35.0122,5.112378,1020.7251,1023.1,1017.5,1009.7683,1012.00824,1006.78467,0.7916667,19.0,0.0,4.8895993,8.774638,1.4514227
426,2021-03-02 00:00:00+00:00,2.0,24.7,9.3,12.4971895,41438.24,0.0,20.570463,178.88762,40797.008,16.216665,39.239998,4.589573,20.67,25.32195,84.91755,6.890565,1013.2624,1017.7,1009.6,1002.44257,1006.6106,999.05,22.208334,69.0,0.0,6.5703564,9.920275,2.8418617
427,2021-03-03 00:00:00+00:00,61.0,13.35,6.55,8.135648,41564.945,4.9999995,20.275385,109.33167,18578.33,10.758334,37.079998,1.482694,6.88,70.49229,85.64896,53.840088,1011.62506,1017.2,1008.7,1000.6189,1006.1296,997.6604,44.375,100.0,0.0,7.704203,9.725037,3.4544554
428,2021-03-04 00:00:00+00:00,0.0,18.55,5.45,10.098874,41691.613,0.0,14.759999,305.5377,41206.91,11.681251,27.0,3.1369965,20.06,71.50489,91.01327,50.856205,1022.70825,1025.0,1018.1,1011.61566,1013.9968,1006.9556,0.41666666,2.0,0.0,8.500062,12.749668,4.5291767
429,2021-03-05 00:00:00+00:00,1.0,24.95,8.75,13.972091,41818.137,0.0,18.359999,252.6932,41333.81,15.939583,34.56,3.9598083,20.77,50.480396,81.17166,23.942118,1019.4624,1023.7,1015.6,1008.56573,1012.51215,1004.76135,3.2083333,35.0,0.0,9.860202,14.229925,6.4682035
430,2021-03-06 00:00:00+00:00,3.0,20.95,7.7,11.868282,41944.43,0.0,14.512064,134.4621,41460.457,13.435416,30.599998,3.36822,20.46,73.4933,100.0,43.29902,1016.42487,1018.0,1014.6,1005.4672,1006.97107,1003.8477,13.5,100.0,0.0,10.290387,13.654381,6.5698547
431,2021-03-07 00:00:00+00:00,3.0,18.0,10.5,12.429585,42070.4,0.0,15.9134655,148.08305,13873.981,13.468751,30.599998,1.9427204,10.71,77.05251,98.023834,52.672047,1017.39996,1019.1,1016.2,1006.4349,1008.10724,1005.13477,95.791664,100.0,59.0,10.850999,12.31974,9.870041
432,2021-03-08 00:00:00+00:00,51.0,19.2,11.05,12.984027,42195.95,0.3,18.899143,194.70464,40008.81,14.479167,36.36,2.929711,16.48,70.19908,93.29982,41.02113,1020.6707,1022.2,1019.3,1009.7088,1011.2986,1008.2627,71.458336,100.0,7.0,10.991764,12.1256485,9.312428
433,2021-03-09 00:00:00+00:00,51.0,18.4,7.2,9.551148,42321.42,0.2,29.427658,250.34601,40698.957,12.224999,54.36,3.4497619,20.19,66.31963,91.84679,30.537472,1020.0708,1021.5,1018.6,1009.02826,1010.38086,1007.77026,12.958333,97.0,0.0,8.423239,10.082802,5.4836254
434,2021-03-10 00:00:00+00:00,61.0,13.5,8.0,8.492108,42447.65,9.200001,21.175835,228.6706,38196.516,10.668751,45.719997,2.2025533,15.66,77.43865,94.41542,55.10399,1018.06256,1020.8,1016.2,1006.9831,1009.7138,1005.1484,67.291664,100.0,25.0,8.281651,10.299541,7.0336246
435,2021-03-11 00:00:00+00:00,55.0,12.9,5.85,6.9214034,42574.57,3.8999996,12.261157,118.72604,39936.49,9.035417,27.359999,2.135375,15.24,77.29943,96.94403,50.167572,1017.90405,1019.6,1016.4,1006.7625,1008.36,1005.1714,63.375,92.0,35.0,6.6790867,8.906504,5.2539663
436,2021-03-12 00:00:00+00:00,53.0,14.1,4.45,6.965834,42702.1,1.6,14.007655,307.60605,37500.29,9.035418,28.8,2.509713,17.55,72.437294,90.273766,49.726376,1020.84576,1022.5,1019.2,1009.6712,1011.2179,1007.8619,47.666668,99.0,0.0,6.1901956,8.987915,2.8192863
437,2021-03-13 00:00:00+00:00,3.0,16.8,5.0,8.542188,42830.16,0.0,19.95972,142.96951,42347.133,10.666667,40.32,2.9857218,20.47,73.89121,92.22386,47.259354,1023.6875,1025.3,1022.2,1012.5451,1014.1864,1010.8508,14.458333,98.0,0.0,7.8352127,11.408236,3.5887213
438,2021-03-14 00:00:00+00:00,3.0,16.6,9.15,10.48513,42958.65,0.0,16.704155,161.96559,36544.984,12.233334,33.48,2.366474,14.83,74.872246,93.15001,53.572422,1022.94586,1025.1,1020.2,1011.87335,1013.8907,1009.14355,85.583336,100.0,30.0,9.46577,11.426386,8.207243
439,2021-03-15 00:00:00+00:00,61.0,14.9,6.8,8.039964,43087.492,7.6,28.185955,242.7448,28775.074,11.039582,51.12,2.250962,12.62,69.86776,90.387054,36.689526,1015.2,1020.3,1011.6,1004.16595,1009.2095,1000.69385,58.125,100.0,1.0,7.893292,10.36095,3.2483282
440,2021-03-16 00:00:00+00:00,1.0,15.9,3.4,6.747413,43216.605,0.0,16.981165,231.93431,42733.586,9.662499,29.519999,3.4374974,22.51,58.058956,81.59784,37.353065,1016.9375,1020.1,1013.6,1005.82983,1008.9039,1002.4063,4.1666665,44.0,0.0,5.3909173,9.051237,1.72087
441,2021-03-17 00:00:00+00:00,3.0,17.95,5.55,9.344099,43345.906,0.0,17.072504,231.69633,42862.86,11.400001,31.68,3.168814,19.54,65.32044,91.613365,40.5501,1019.5085,1021.0,1017.5,1008.4393,1009.89233,1006.6263,52.833332,94.0,0.0,7.5967383,11.013731,3.7678928
442,2021-03-18 00:00:00+00:00,3.0,20.45,7.5,11.626884,43475.3,0.0,16.79314,197.78922,42992.215,13.068749,32.760002,3.3613813,20.03,72.38561,95.985016,40.57492,1019.9668,1021.1,1018.8,1008.95685,1010.15955,1008.01807,31.25,90.0,0.0,9.800626,13.013338,6.9975567
443,2021-03-19 00:00:00+00:00,2.0,22.4,8.45,13.779209,43604.71,0.0,20.316889,224.20657,43114.312,15.150001,38.88,3.9253685,22.06,69.19861,91.28709,34.716923,1020.18335,1021.6,1018.1,1009.2495,1010.60126,1007.35645,16.958334,67.0,0.0,11.361655,15.614765,7.097785
444,2021-03-20 00:00:00+00:00,51.0,21.5,11.85,13.818462,43734.055,0.2,21.650938,204.5836,32400.0,15.339583,42.12,3.5879939,18.3,66.484314,97.72452,36.50179,1019.8125,1021.6,1017.8,1008.89166,1010.624,1007.00653,46.5,100.0,0.0,11.340637,13.167465,5.927761
445,2021-03-21 00:00:00+00:00,51.0,21.2,7.4,10.831265,43863.25,0.1,31.991425,313.7382,43200.0,13.95,52.199997,4.689737,21.6,51.93191,93.69711,19.58091,1018.0959,1019.4,1015.4,1007.1391,1008.3427,1004.74304,8.375,49.0,0.0,8.1879225,11.110202,4.96159
446,2021-03-22 00:00:00+00:00,1.0,21.8,8.25,11.444688,43992.203,0.0,17.826363,151.8715,43200.0,14.102084,36.719997,4.46668,23.34,51.18803,77.5431,27.244623,1018.05426,1020.5,1015.4,1007.10394,1009.55115,1004.39557,3.0416667,40.0,0.0,8.456681,13.155317,4.424081
447,2021-03-23 00:00:00+00:00,2.0,23.0,9.5,12.392872,44120.836,0.0,26.596178,322.08865,43200.0,15.666667,48.96,5.1911793,22.17,52.56906,95.0845,18.05087,1011.34576,1014.8,1007.4,1000.52563,1003.76355,996.88715,11.541667,50.0,0.0,9.493764,11.091649,6.668729
448,2021-03-24 00:00:00+00:00,3.0,23.55,8.75,12.244629,44249.062,0.0,32.55363,245.92905,43200.0,16.743752,57.6,6.0377,24.33,20.17755,37.42128,8.810928,1013.34155,1015.1,1011.2,1002.5407,1004.4316,1000.6318,24.958334,99.0,0.0,6.5192933,10.202244,2.401598
449,2021-03-25 00:00:00+00:00,51.0,17.45,9.5,9.569963,44376.797,0.3,21.578989,165.99086,33662.805,12.566667,41.760002,2.8301504,14.42,67.59421,93.80074,41.718952,1011.08344,1013.2,1008.9,1000.15216,1002.18665,998.0305,84.333336,100.0,28.0,9.010403,10.561337,7.0359097
450,2021-03-26 00:00:00+00:00,3.0,19.55,8.0,10.607074,44503.953,0.0,25.376808,190.08649,43200.0,13.002084,48.96,3.9311187,23.31,60.210148,87.19415,32.908062,1014.90826,1020.3,1010.7,1003.9514,1009.22876,999.65607,17.125,90.0,0.0,8.516389,11.427023,5.911847
451,2021-03-27 00:00:00+00:00,0.0,25.8,6.9,13.124023,44630.445,0.0,18.0,263.17322,43200.0,15.922915,37.079998,5.0335364,24.55,42.03033,72.77633,13.736153,1022.22095,1024.0,1020.8,1011.29193,1013.1026,1009.67487,0.0,0.0,0.0,8.315818,11.684164,4.3157606
452,2021-03-28 00:00:00+00:00,0.0,31.65,12.65,18.26555,44756.176,0.0,20.833395,284.59665,43200.0,21.512499,41.039997,6.1171823,24.96,21.527817,39.28343,7.3363347,1020.1167,1023.4,1016.2,1009.4158,1012.37427,1005.6398,0.0,0.0,0.0,9.627549,13.011673,6.194065
453,2021-03-29 00:00:00+00:00,0.0,28.9,11.4,16.547297,44881.477,0.0,20.883102,165.51685,43200.0,19.402082,41.039997,5.880239,25.02,34.2812,72.15641,16.456581,1012.36664,1017.1,1008.7,1001.67303,1006.24725,998.1584,0.0,0.0,0.0,10.515887,15.345566,6.052681
454,2021-03-30 00:00:00+00:00,3.0,27.1,11.5,16.295015,45007.113,0.0,18.0,171.815,36000.0,17.143751,34.92,4.442125,23.1,62.62592,98.03688,26.183836,1013.59576,1017.5,1011.1,1002.8064,1006.60004,1000.1973,19.208334,100.0,0.0,12.218918,15.788673,10.218304
455,2021-03-31 00:00:00+00:00,3.0,31.7,9.85,17.487455,45133.04,0.0,15.7908325,216.18716,43200.0,20.468752,30.239998,5.7644424,25.87,27.796045,82.37698,4.1732264,1017.00397,1018.6,1015.1,1006.29645,1007.98254,1004.7854,5.375,91.0,0.0,8.81302,11.352409,3.9794712
456,2021-04-01 00:00:00+00:00,2.0,33.2,11.35,18.120222,45259.17,0.0,23.966375,244.70795,43200.0,22.00625,46.079998,6.1169767,23.67,14.425362,29.379492,3.3446496,1012.2751,1016.3,1009.5,1001.67334,1005.52057,999.1426,22.875,74.0,0.0,8.4399,11.720097,4.218951
457,2021-04-02 00:00:00+00:00,1.0,26.6,11.9,16.393545,45385.43,0.0,15.034041,148.06767,43200.0,17.9125,33.48,5.01903,24.79,55.565975,90.54808,20.144722,1015.54584,1018.5,1012.2,1004.7649,1007.548,1001.4125,4.25,38.0,0.0,12.198937,15.555477,6.8722267
458,2021-04-03 00:00:00+00:00,3.0,24.3,10.55,15.359164,45511.74,0.0,15.629971,200.75722,40200.203,16.089582,33.48,4.477766,24.6,70.15516,100.0,33.301544,1019.01263,1020.4,1017.8,1008.12695,1009.3702,1007.1358,34.875,100.0,0.0,12.211581,14.878994,10.493248
459,2021-04-04 00:00:00+00:00,3.0,26.9,9.45,15.201675,45638.016,0.0,16.323528,173.70772,43200.0,16.597918,34.56,4.68648,24.26,61.875626,94.11156,26.503294,1017.3333,1019.4,1014.9,1006.4831,1008.3867,1004.12823,51.416668,94.0,0.0,11.541278,15.450645,8.788502
460,2021-04-05 00:00:00+00:00,3.0,23.6,11.15,15.053952,45764.184,0.0,14.561099,145.33156,40892.33,16.170835,32.760002,4.156741,22.86,69.43725,98.032295,41.193653,1013.87915,1015.9,1011.1,1003.0517,1004.9816,1000.3483,47.458332,100.0,0.0,12.359676,15.44388,10.753223
461,2021-04-06 00:00:00+00:00,3.0,24.25,10.75,15.176365,45890.15,0.0,18.584509,167.28246,33868.42,16.18125,42.12,4.1759453,22.45,70.72442,96.723045,39.350384,1014.7583,1018.1,1013.2,1003.9218,1007.1616,1002.18665,82.458336,100.0,1.0,12.490855,15.736366,10.352105
462,2021-04-07 00:00:00+00:00,3.0,26.85,10.7,16.522333,46015.84,0.0,18.892282,205.39148,43312.75,17.458334,39.6,4.8190155,24.86,63.7039,93.57065,27.405424,1017.1042,1018.6,1015.8,1006.28906,1007.8201,1005.1871,19.375,91.0,0.0,12.639651,15.674088,9.972397
463,2021-04-08 00:00:00+00:00,3.0,26.45,11.35,15.812303,46141.168,0.0,26.87491,176.30867,40979.973,17.358334,50.039997,4.97717,24.98,63.50961,96.429726,23.50408,1015.22906,1017.2,1012.3,1004.4304,1006.201,1001.8604,42.166668,100.0,0.0,12.498754,14.758842,10.501942
464,2021-04-09 00:00:00+00:00,3.0,26.95,11.4,16.066046,46266.04,0.0,20.570463,198.43497,41501.36,17.170832,41.399998,4.872337,24.97,62.268906,90.22884,27.23934,1014.2124,1016.0,1012.2,1003.4177,1005.2986,1001.4932,27.666666,89.0,0.0,12.266126,16.255579,9.861272
465,2021-04-10 00:00:00+00:00,3.0,27.85,11.15,16.159666,46390.38,0.0,17.673029,144.31697,43476.906,17.454166,38.16,4.879581,24.87,59.49472,85.882904,22.89729,1011.63336,1013.9,1009.2,1000.87604,1003.07043,998.6648,45.291668,98.0,0.0,12.113803,15.154966,9.072273
466,2021-04-11 00:00:00+00:00,3.0,25.5,12.35,16.64189,46514.09,0.0,16.055355,173.85649,37155.965,17.1875,32.760002,3.9760041,20.94,70.64059,98.69408,36.739433,1008.5083,1010.7,1005.5,997.7758,999.8485,995.0978,67.666664,100.0,1.0,13.40575,16.270687,11.603455
467,2021-04-12 00:00:00+00:00,3.0,22.25,13.0,15.458179,46637.086,0.0,19.134262,207.19962,36000.0,16.222916,38.88,3.8513644,22.24,71.025856,86.624596,47.00251,1009.9416,1012.2,1008.8,999.1595,1001.2758,997.9278,57.25,100.0,1.0,12.729711,15.199791,10.926075
468,2021-04-13 00:00:00+00:00,53.0,19.5,12.85,13.813122,46759.277,1.4000001,16.87398,220.327,18970.846,14.970834,33.48,2.440684,12.63,71.429985,83.372215,51.018528,1012.3542,1013.5,1011.3,1001.50024,1002.5777,1000.49603,94.541664,100.0,79.0,11.69007,13.403364,10.147864
469,2021-04-14 00:00:00+00:00,51.0,18.15,11.0,12.167171,46880.574,0.3,19.272614,223.71115,42213.47,14.087501,38.88,3.657262,21.55,62.099834,80.05881,39.1667,1015.02496,1016.7,1013.7,1004.1091,1005.6739,1002.72144,73.25,100.0,6.0,9.809169,11.17251,8.095047
470,2021-04-15 00:00:00+00:00,3.0,21.55,8.15,12.15287,47000.875,0.0,21.868332,206.85434,44702.188,13.833332,43.56,4.3702955,26.42,65.826805,86.42832,34.32761,1015.8875,1017.4,1014.6,1004.95074,1006.42566,1003.79443,44.0,94.0,0.0,9.836703,13.424593,6.5221796
471,2021-04-16 00:00:00+00:00,3.0,23.8,10.05,14.145602,47120.086,0.0,23.363974,218.85332,43258.4,15.464583,45.0,4.6331716,26.06,66.41888,93.82211,33.2006,1013.82495,1015.9,1012.0,1002.9716,1004.8784,1001.3714,19.0,87.0,0.0,11.316063,14.261076,9.030018
472,2021-04-17 00:00:00+00:00,3.0,25.2,11.0,15.776456,47238.113,0.0,19.08,189.88408,33942.05,16.427082,37.8,4.1715536,22.52,70.668144,95.80571,36.55971,1014.12085,1015.8,1012.3,1003.30005,1004.8369,1001.6699,28.833334,100.0,0.0,12.707916,15.951431,10.140699
473,2021-04-18 00:00:00+00:00,0.0,32.75,10.4,19.058525,47355.246,0.0,18.64369,350.6532,45645.344,22.3125,37.8,6.980072,28.22,24.037996,84.83614,3.3331702,1015.04987,1016.9,1012.6,1004.42847,1006.44244,1002.331,0.0,0.0,0.0,9.497654,12.090374,4.1418915
474,2021-04-19 00:00:00+00:00,0.0,32.45,12.95,18.27038,47472.23,0.0,23.233252,202.52058,45694.035,21.164585,45.719997,6.712039,27.89,29.067612,73.2842,9.9963,1014.68317,1016.7,1012.7,1004.0271,1005.96783,1002.0981,0.0,0.0,0.0,10.6753235,15.39028,5.777774
475,2021-04-20 00:00:00+00:00,3.0,24.25,11.4,15.669152,47589.01,0.0,16.299694,155.68153,42880.902,16.71458,35.28,4.856454,26.41,68.29342,100.0,34.604195,1012.7166,1014.4,1010.7,1001.9219,1003.5219,999.969,29.125,100.0,0.0,12.653205,14.858004,11.349274
476,2021-04-21 00:00:00+00:00,51.0,19.75,12.75,13.540109,47705.5,0.4,15.484185,166.15025,39634.008,15.370833,33.839996,3.0818844,15.63,67.35299,83.443474,43.25569,1012.04156,1013.3,1011.0,1001.2059,1002.3526,1000.3025,80.375,100.0,38.0,11.572894,12.571194,10.380924
477,2021-04-22 00:00:00+00:00,3.0,19.5,12.15,13.497924,47821.617,0.0,21.758419,230.99644,27580.602,14.685414,42.48,2.9882507,17.55,71.267296,83.02118,49.492153,1013.89996,1015.2,1012.9,1003.0185,1004.38995,1001.9456,73.916664,100.0,5.0,11.375854,13.426172,10.24285
478,2021-04-23 00:00:00+00:00,3.0,19.85,11.85,14.201825,47937.27,0.0,15.782622,212.3764,41086.594,15.243751,33.12,3.5032127,20.42,70.83326,86.96981,52.3264,1016.39575,1017.7,1015.2,1005.50836,1006.7714,1004.2033,88.875,100.0,9.0,11.8475275,13.878693,10.333489
479,2021-04-24 00:00:00+00:00,3.0,20.35,12.25,14.589005,48052.375,0.0,19.35314,224.11868,42231.934,15.589584,37.44,3.6525095,22.08,68.94526,82.46499,48.893066,1015.84174,1017.5,1014.1,1004.9732,1006.61993,1003.2308,64.458336,100.0,1.0,11.961259,13.87462,10.345045
480,2021-04-25 00:00:00+00:00,51.0,20.35,9.9,13.420957,48166.832,0.5,20.316889,212.72781,37377.945,15.147916,40.68,3.7106328,19.85,68.787796,94.768555,39.040768,1012.87506,1014.7,1010.4,1002.02124,1003.8748,999.5799,75.791664,100.0,2.0,11.441032,12.9550495,9.302715
481,2021-04-26 00:00:00+00:00,51.0,19.0,11.95,12.849286,48280.562,0.8000001,26.434887,226.28108,43200.0,15.1125,50.039997,4.0123935,22.17,60.4791,78.35206,39.420135,1011.5168,1012.4,1010.3,1000.6768,1001.5117,999.59326,68.208336,100.0,8.0,10.55594,11.820951,9.631457
482,2021-04-27 00:00:00+00:00,51.0,20.1,11.3,13.571834,48393.46,0.1,21.2522,216.52895,45450.418,15.210416,42.48,4.087204,23.35,61.696594,83.785835,37.38016,1013.875,1016.6,1012.3,1003.01294,1005.657,1001.33655,35.791668,90.0,0.0,10.706647,12.288029,9.163412
483,2021-04-28 00:00:00+00:00,1.0,33.15,8.85,17.916182,48505.434,0.0,26.220753,178.43068,46972.6,20.164583,45.719997,6.3613997,28.82,42.289494,84.98087,4.055733,1016.825,1019.0,1014.2,1006.1062,1007.9986,1003.9684,0.9166667,22.0,0.0,10.866616,14.809765,6.6867704
484,2021-04-29 00:00:00+00:00,1.0,33.75,14.3,20.43315,48616.387,0.0,18.043148,225.45822,47305.113,22.97917,38.519997,6.9590707,28.54,28.253405,56.56951,9.388926,1018.59174,1020.2,1016.9,1007.95966,1009.38495,1006.41833,6.125,49.0,0.0,11.93344,15.529606,7.1281996
485,2021-04-30 00:00:00+00:00,3.0,34.45,16.85,21.41598,48726.22,0.0,20.633371,194.58046,47348.285,23.870834,42.12,7.256715,28.72,29.343283,67.32089,11.099303,1016.3667,1018.3,1014.1,1005.7902,1007.5524,1003.5439,23.958334,98.0,0.0,12.770314,16.562641,8.419772
486,2021-05-01 00:00:00+00:00,3.0,25.45,12.95,17.647501,48834.824,0.0,14.917212,163.73186,44109.54,18.31667,32.399998,4.658469,23.97,67.66322,99.67363,37.878433,1013.5208,1015.6,1011.4,1002.77655,1004.75757,1000.7036,83.875,100.0,0.0,14.110733,16.50428,12.461676
487,2021-05-02 00:00:00+00:00,3.0,24.25,14.0,16.747068,48942.11,0.0,19.373219,182.97797,34643.883,17.5375,41.039997,4.5678964,24.29,66.55172,83.05347,37.035046,1010.4792,1012.6,1008.0,999.7393,1001.7375,997.4846,40.208332,100.0,0.0,13.3722925,15.897144,11.815533
488,2021-05-03 00:00:00+00:00,3.0,27.05,13.0,17.800344,49047.965,0.0,21.533897,215.58542,42588.914,18.385416,42.12,5.2928114,27.17,65.23646,93.3428,31.79275,1010.52075,1012.9,1008.2,999.81036,1002.06976,997.8234,35.083332,100.0,0.0,13.760735,16.502836,11.993177
489,2021-05-04 00:00:00+00:00,3.0,30.05,14.25,19.540117,49152.28,0.0,18.581022,197.71774,37566.508,19.666666,37.8,5.29368,25.2,67.58062,97.44487,29.656492,1012.78754,1014.4,1010.8,1002.09845,1003.56134,1000.32196,31.583334,100.0,0.0,15.019147,18.369162,13.184467
490,2021-05-05 00:00:00+00:00,3.0,28.8,13.65,19.080631,49254.95,0.0,19.09358,209.58328,44085.668,19.15417,39.96,5.5600038,27.8,70.395065,100.0,29.400942,1013.79584,1016.1,1012.4,1003.0777,1005.1943,1001.87573,37.416668,100.0,0.0,14.940885,18.149351,13.224216
491,2021-05-06 00:00:00+00:00,3.0,25.3,12.25,17.044409,49355.86,0.0,18.668005,211.61668,33914.816,17.104166,38.88,4.4651327,25.12,75.36631,100.0,42.365067,1016.31244,1017.6,1015.3,1005.4942,1006.6951,1004.312,43.791668,100.0,1.0,13.964984,17.026167,12.205299
492,2021-05-07 00:00:00+00:00,3.0,23.55,13.9,17.040764,49454.9,0.0,18.089775,210.76843,40490.637,17.370834,38.16,4.528126,25.63,68.86469,84.610245,45.212883,1015.2666,1017.2,1013.1,1004.4699,1006.2787,1002.3363,44.0,100.0,0.0,13.520984,16.166058,12.17275
493,2021-05-08 00:00:00+00:00,3.0,25.15,13.3,17.506617,49552.32,0.0,18.171976,195.42221,41211.637,17.833334,37.8,4.40706,23.61,70.319115,90.33388,42.60402,1013.38336,1014.8,1011.6,1002.6231,1004.01447,1001.08563,39.5,100.0,0.0,14.073554,16.99785,12.1137905
494,2021-05-09 00:00:00+00:00,3.0,24.25,13.95,17.685244,49648.8,0.0,17.377226,196.04712,35563.668,17.829165,36.719997,4.2026486,23.05,72.961716,92.21391,44.958,1012.62897,1014.2,1010.6,1001.8774,1003.4205,999.9394,50.583332,100.0,0.0,14.423546,16.573399,12.950516
495,2021-05-10 00:00:00+00:00,3.0,23.85,15.2,17.420145,49744.277,0.0,17.148247,180.13803,30409.598,17.8875,36.0,3.6142075,18.89,69.87965,82.828995,44.699192,1012.22076,1013.3,1010.9,1001.476,1002.4579,1000.3597,60.375,100.0,0.0,14.175468,16.198084,13.236948
496,2021-05-11 00:00:00+00:00,3.0,26.05,13.8,18.061699,49838.664,0.0,17.884428,216.93314,39521.55,18.027084,36.719997,4.7289963,25.64,71.56513,89.2837,39.857075,1013.03754,1015.0,1011.0,1002.28784,1004.11926,1000.44257,42.125,100.0,0.0,14.367654,17.212866,12.4466
497,2021-05-12 00:00:00+00:00,3.0,25.05,13.6,17.847166,49931.875,0.0,22.104116,232.82564,39868.92,17.816666,42.12,4.568634,25.17,75.48849,97.110756,46.378696,1015.9666,1018.2,1014.7,1005.17847,1007.28876,1003.7756,43.875,100.0,0.0,14.665848,17.471266,13.119373
498,2021-05-13 00:00:00+00:00,3.0,23.45,13.95,17.343721,50023.816,0.0,16.992609,236.72507,36757.81,17.375002,36.36,4.2739854,24.35,76.44353,95.24381,50.383728,1016.53326,1018.1,1015.1,1005.7232,1007.1709,1004.32227,42.375,100.0,1.0,14.427777,16.722454,13.133469
499,2021-05-14 00:00:00+00:00,3.0,23.15,13.4,16.709646,50114.4,0.0,17.49615,222.93391,37344.21,16.933332,36.36,4.399372,24.85,74.473305,95.53081,46.416958,1014.8625,1016.5,1012.6,1004.0538,1005.56946,1001.9614,47.791668,100.0,0.0,13.744336,15.951878,12.635357
500,2021-05-15 00:00:00+00:00,51.0,22.75,13.95,16.29071,50203.535,0.3,19.376562,197.11674,34830.465,17.231249,39.6,4.2860055,22.82,68.30326,84.632324,44.74168,1013.3166,1014.7,1012.0,1002.5359,1003.7888,1001.27716,74.75,100.0,6.0,13.368186,15.643427,12.081093
501,2021-05-16 00:00:00+00:00,51.0,19.95,14.0,15.006017,50291.117,0.9000001,14.982228,220.47404,28522.363,16.235418,31.319998,3.0329905,15.33,68.15121,77.92054,51.48283,1014.9751,1016.5,1013.8,1004.1402,1005.59937,1002.91705,92.041664,100.0,63.0,12.497409,13.85561,11.399456
502,2021-05-17 00:00:00+00:00,3.0,22.7,13.7,16.066135,50377.066,0.0,21.868332,226.58847,42698.438,16.695835,43.92,3.842637,21.87,70.998985,86.32007,46.19427,1016.4875,1017.5,1015.5,1005.65326,1006.59625,1004.8409,51.875,100.0,0.0,13.190701,15.460655,12.067478
503,2021-05-18 00:00:00+00:00,3.0,25.4,12.8,17.93397,50461.266,0.0,18.171976,205.06741,38128.727,18.008333,38.16,4.6350813,25.13,70.9665,90.60788,41.28649,1014.37085,1017.4,1011.4,1003.60626,1006.45984,1000.7724,40.666668,100.0,0.0,14.287556,16.927704,11.709652
504,2021-05-19 00:00:00+00:00,3.0,24.7,14.3,17.852081,50543.633,0.0,18.59845,195.94543,42390.848,18.01875,39.6,4.892543,26.86,70.62151,94.01868,45.829517,1011.7917,1013.4,1010.0,1001.0551,1002.5233,999.4831,40.791668,100.0,0.0,14.291408,17.088968,11.602558
505,2021-05-20 00:00:00+00:00,3.0,25.35,14.6,17.001448,50624.06,0.0,20.65848,163.81068,44691.457,18.229166,41.760002,4.9669166,25.0,60.694042,83.02937,32.294067,1010.87915,1012.2,1009.4,1000.16046,1001.43665,998.8574,40.25,97.0,0.0,13.271974,15.76252,11.12549
506,2021-05-21 00:00:00+00:00,51.0,24.4,11.05,14.785282,50702.445,0.1,30.30208,246.11789,49676.367,17.416666,55.079998,5.9664707,28.66,51.670788,90.80873,15.298484,1013.35406,1017.0,1011.2,1002.57837,1006.0997,1000.2944,18.583334,100.0,0.0,10.876805,12.282291,8.13191
507,2021-05-22 00:00:00+00:00,51.0,22.65,11.8,14.627511,50778.69,0.1,23.688984,192.54393,49718.176,16.250002,48.239998,4.991428,27.57,59.988728,87.8437,28.989693,1017.55426,1019.8,1016.4,1006.69147,1008.82446,1005.421,25.041666,92.0,1.0,11.3738365,13.329538,10.340701
508,2021-05-23 00:00:00+00:00,0.0,24.2,10.55,15.371017,50852.695,0.0,21.794127,228.80215,49759.254,17.035418,43.56,5.6023,29.83,55.84325,79.261185,28.121187,1018.3999,1019.7,1016.1,1007.5559,1008.9377,1005.3466,0.0,0.0,0.0,11.428115,13.986813,8.219821
509,2021-05-24 00:00:00+00:00,3.0,32.3,12.6,20.565176,50924.35,0.0,22.862123,255.70258,49799.543,22.714582,43.199997,7.2191157,30.25,35.284386,70.447266,14.042929,1014.62494,1017.4,1012.5,1004.02313,1006.4636,1002.19836,13.208333,98.0,0.0,12.449515,15.56403,8.723228
510,2021-05-25 00:00:00+00:00,3.0,31.05,16.15,21.581396,50993.547,0.0,20.26899,189.23909,43517.707,23.162498,40.68,6.8055763,27.4,40.238018,65.63905,23.345835,1013.45,1014.3,1012.3,1002.88043,1003.7216,1001.8589,80.125,100.0,31.0,14.47221,17.945717,10.175778
511,2021-05-26 00:00:00+00:00,3.0,27.05,14.7,20.02217,51060.188,0.0,17.373497,166.94632,49877.465,19.958334,37.44,5.666249,29.58,67.233536,93.7317,35.485245,1015.4456,1017.7,1013.4,1004.74115,1006.8409,1002.56067,22.208334,100.0,0.0,15.533437,18.05575,13.962172
512,2021-05-27 00:00:00+00:00,3.0,24.4,13.3,17.61383,51124.164,0.0,17.148247,190.26726,49914.97,18.060417,37.079998,5.2324777,28.86,67.652626,89.152664,42.75254,1017.2043,1018.9,1015.0,1006.4118,1008.05054,1004.34875,24.291666,100.0,0.0,13.936616,16.449232,11.951664
513,2021-05-28 00:00:00+00:00,3.0,25.15,12.0,17.671438,51185.625,0.0,18.075441,207.33914,48903.1,17.833334,38.16,5.148777,28.35,70.66001,97.396164,43.243694,1014.825,1016.4,1012.8,1004.049,1005.48376,1002.1593,29.583334,100.0,0.0,14.052453,17.129358,11.67421
514,2021-05-29 00:00:00+00:00,3.0,23.65,14.3,17.062185,51245.043,0.0,16.610792,179.51344,35484.492,17.522915,36.36,4.4417853,24.66,71.373085,89.82271,45.692516,1012.8459,1014.1,1011.5,1002.08057,1003.2065,1000.75696,45.458332,100.0,1.0,13.96523,16.274134,12.059353
515,2021-05-30 00:00:00+00:00,3.0,25.5,12.95,17.63986,51302.387,0.0,17.81909,216.24503,37682.13,17.804167,37.44,4.572352,24.81,70.6956,89.712875,43.267483,1011.8792,1013.7,1009.9,1001.13354,1002.84265,999.3877,31.416666,100.0,0.0,14.096446,17.341583,11.624083
516,2021-05-31 00:00:00+00:00,3.0,26.45,14.4,18.677227,51357.594,0.0,16.323528,221.53719,38144.17,18.566668,35.28,4.6362457,24.29,71.428825,89.28764,42.544876,1013.8665,1015.5,1012.6,1003.128,1004.6328,1002.1033,39.5,100.0,1.0,14.864326,18.005756,13.136873
517,2021-06-01 00:00:00+00:00,3.0,27.7,13.55,19.275785,51410.605,0.0,18.075441,230.11046,43998.637,18.985418,38.16,5.3014145,27.78,71.991005,98.38505,40.130737,1014.3708,1015.5,1012.5,1003.6413,1004.73096,1001.875,36.875,100.0,0.0,15.2140045,18.685326,13.001501
518,2021-06-02 00:00:00+00:00,3.0,27.2,13.0,18.87372,51461.367,0.0,17.072504,213.86507,44955.88,18.543749,36.36,5.281622,28.32,74.201065,100.0,41.245186,1012.1626,1014.0,1010.1,1001.44,1003.12616,999.58203,28.583334,100.0,0.0,15.065009,18.395601,12.889202
519,2021-06-03 00:00:00+00:00,3.0,27.45,14.35,19.938883,51509.832,0.0,13.397612,189.39902,42965.375,19.6375,32.399998,5.5133476,28.07,69.01653,93.10621,39.854813,1012.0334,1015.0,1009.7,1001.35205,1004.17914,999.25775,37.25,100.0,0.0,15.435364,18.401625,13.547625
520,2021-06-04 00:00:00+00:00,0.0,27.75,13.4,20.178232,51555.934,0.0,15.034041,192.39268,50198.758,20.052082,33.48,5.807238,29.79,65.601204,94.90692,34.08682,1013.64594,1015.3,1012.6,1002.9626,1004.4961,1002.112,1.4583334,10.0,0.0,15.329827,17.836042,12.80336
521,2021-06-05 00:00:00+00:00,3.0,26.7,14.7,19.312944,51599.625,0.0,15.277749,200.5561,48127.11,19.3,34.2,5.3129773,27.71,67.3191,90.44788,35.771442,1013.7751,1015.4,1011.5,1003.064,1004.60266,1000.932,49.666668,100.0,0.0,14.955452,17.1464,13.434336
522,2021-06-06 00:00:00+00:00,3.0,24.65,13.8,18.16675,51640.84,0.0,17.238699,184.84772,41437.477,18.354168,36.719997,4.8431425,26.2,69.35186,96.17003,38.93821,1012.60425,1013.9,1011.4,1001.87177,1003.1608,1000.8208,45.708332,100.0,0.0,14.432269,15.922571,13.218491
523,2021-06-07 00:00:00+00:00,51.0,21.1,15.75,16.749502,51679.53,0.3,16.56,161.83142,16639.098,17.777084,32.760002,2.9349465,13.3,67.75645,80.75131,51.10219,1012.99994,1014.4,1011.9,1002.2434,1003.589,1001.08234,95.25,100.0,40.0,13.888255,14.957148,13.268841
524,2021-06-08 00:00:00+00:00,51.0,24.4,14.7,18.145912,51715.652,0.4,18.709612,209.97429,50322.98,18.956247,38.519997,5.4183736,28.64,59.068188,79.690544,40.192333,1015.8584,1017.5,1014.4,1005.1138,1006.68195,1003.51447,47.916668,100.0,0.0,13.758182,15.92812,11.692938
525,2021-06-09 00:00:00+00:00,3.0,26.0,12.85,18.403627,51749.133,0.0,20.774214,213.46346,45581.4,19.289583,41.399998,5.832361,29.24,57.117584,91.80731,18.474356,1017.45416,1018.6,1016.5,1006.7036,1007.7461,1005.5218,16.916666,98.0,0.0,13.40992,16.176003,11.921057
526,2021-06-10 00:00:00+00:00,0.0,27.65,12.85,17.549038,51779.93,0.0,29.024128,201.34052,50378.348,19.35417,54.719997,6.402907,30.91,53.38621,84.81424,14.311212,1017.30426,1019.7,1014.8,1006.5567,1008.7841,1004.178,0.0,0.0,0.0,12.820007,15.794256,11.020952
527,2021-06-11 00:00:00+00:00,0.0,29.0,13.05,19.442379,51807.99,0.0,20.991426,209.02016,50400.0,20.500002,42.12,6.4627905,30.57,52.48404,93.04627,22.591814,1013.2041,1015.4,1010.9,1002.541,1004.55975,1000.39294,0.0,0.0,0.0,13.733861,17.127344,11.070429
528,2021-06-12 00:00:00+00:00,1.0,30.95,14.55,21.267838,51833.258,0.0,21.470612,211.02695,50400.0,21.924997,42.48,6.704086,30.61,52.44636,90.128105,22.718025,1010.75,1012.6,1009.0,1000.1635,1001.8286,998.5876,1.9583334,41.0,0.0,14.892308,17.90976,12.771904
529,2021-06-13 00:00:00+00:00,3.0,31.15,14.7,21.86911,51855.688,0.0,19.386593,199.7003,50400.0,22.139582,39.6,6.6802163,30.56,56.606754,99.03946,24.007643,1011.54584,1013.0,1010.6,1000.9588,1002.35724,999.7796,23.583334,100.0,0.0,15.642171,19.290615,13.8003845
530,2021-06-14 00:00:00+00:00,1.0,33.7,15.25,23.755585,51875.223,0.0,20.808498,198.61028,50400.0,23.529167,41.760002,6.8530364,30.19,58.88405,94.98357,26.386559,1011.8,1013.4,1009.9,1001.25854,1002.706,999.5674,9.083333,45.0,0.0,17.177038,20.908678,14.559147
531,2021-06-15 00:00:00+00:00,3.0,35.95,16.15,25.77987,51891.83,0.0,17.429354,197.91971,47408.04,25.720835,36.719997,6.8979034,27.64,50.3405,97.47789,18.531532,1010.0459,1011.8,1007.1,999.59894,1001.2091,996.80786,54.916668,100.0,0.0,17.564789,20.697819,15.698236
532,2021-06-16 00:00:00+00:00,3.0,31.25,16.9,23.967207,51905.438,0.0,17.533146,161.74146,47882.637,23.597916,33.839996,6.2458987,26.96,59.855946,97.80266,30.642952,1010.24585,1011.8,1008.2,999.7249,1001.04443,997.88666,78.458336,99.0,25.0,17.673002,19.840536,16.058956
533,2021-06-17 00:00:00+00:00,2.0,33.85,17.25,24.921618,51916.066,0.0,15.484185,202.5472,50400.0,24.245834,34.56,6.5009327,28.58,58.219513,86.91132,29.216492,1008.69165,1010.2,1007.4,998.2088,999.55084,997.0385,10.125,65.0,0.0,17.949995,21.079187,15.38456
534,2021-06-18 00:00:00+00:00,3.0,32.1,16.9,22.816353,51923.78,0.0,20.799152,200.00386,47431.984,21.66667,42.48,5.169106,25.7,71.712166,97.18376,35.29686,1008.45,1009.9,1006.9,997.8802,999.2214,996.48334,25.541666,100.0,0.0,17.735407,21.16038,16.324635
535,2021-06-19 00:00:00+00:00,3.0,28.65,16.65,22.397713,51928.62,0.0,18.59845,212.37598,45290.176,21.291668,36.719997,5.4579587,27.31,72.012726,94.42496,43.709984,1008.49585,1009.9,1006.9,997.9121,999.24304,996.43115,25.625,100.0,0.0,17.431366,20.098248,15.984688
536,2021-06-20 00:00:00+00:00,3.0,28.85,15.2,21.25097,51930.594,0.0,17.566378,209.40924,45639.125,20.360415,37.8,5.577355,28.68,72.690254,97.77478,40.901127,1010.6333,1013.3,1008.6,999.9934,1002.50446,997.81757,20.125,100.0,0.0,16.598654,19.683403,14.815231
537,2021-06-21 00:00:00+00:00,3.0,29.15,14.65,21.315165,51929.72,0.0,19.346441,208.3341,46800.0,20.683332,40.32,5.751245,28.8,69.44636,99.35676,39.808537,1013.8208,1015.2,1012.6,1003.15894,1004.47266,1002.0424,23.916666,100.0,0.0,16.463156,19.721684,14.549583
538,2021-06-22 00:00:00+00:00,3.0,29.65,14.8,21.356384,51926.027,0.0,21.142147,202.2532,47568.133,21.256248,42.48,6.0393286,28.59,65.99995,98.08705,33.167778,1012.7168,1014.4,1011.3,1002.0866,1003.55756,1000.6876,32.875,100.0,0.0,16.427435,18.976496,14.556305
539,2021-06-23 00:00:00+00:00,3.0,30.4,15.85,21.721426,51919.53,0.0,22.545315,206.69382,50383.363,21.643751,51.839996,5.8743587,27.54,65.60277,96.53871,31.664394,1012.92084,1015.6,1011.5,1002.30273,1004.81885,1001.2034,28.625,100.0,0.0,16.778204,19.775534,15.431557
540,2021-06-24 00:00:00+00:00,3.0,26.85,15.45,20.521938,51910.258,0.0,19.67195,208.72304,49335.633,20.183332,40.32,5.5627713,28.92,69.8908,98.40851,40.079628,1015.1416,1016.8,1013.5,1004.44867,1005.98206,1003.0082,19.791666,100.0,0.0,16.129166,18.57,14.759926
541,2021-06-25 00:00:00+00:00,2.0,28.2,14.5,20.961828,51898.24,0.0,17.610588,197.04509,50400.0,20.677084,37.44,6.0045094,30.15,66.962135,95.57145,36.77492,1012.925,1015.2,1010.3,1002.2717,1004.3751,999.8186,10.166667,57.0,0.0,16.066309,19.070257,13.938452
542,2021-06-26 00:00:00+00:00,2.0,31.8,15.7,22.735107,51883.496,0.0,19.171478,199.46729,50400.0,22.11875,41.399998,6.050185,28.95,63.179993,88.801735,33.436092,1009.27924,1011.9,1006.5,998.71533,1001.13055,996.1031,5.9583335,65.0,0.0,16.881351,20.514994,13.913311
543,2021-06-27 00:00:00+00:00,3.0,32.7,16.05,23.947294,51866.055,0.0,16.363178,184.68118,48327.86,22.920832,36.0,6.1290293,28.54,65.79069,97.47596,34.89797,1005.9458,1007.5,1004.1,995.4451,996.83954,993.7328,12.25,100.0,0.0,17.93294,21.543997,15.355726
544,2021-06-28 00:00:00+00:00,3.0,30.0,16.85,23.714579,51845.94,0.0,16.548256,198.39238,47599.9,22.543753,36.0,5.568241,26.25,69.28305,91.4631,42.12538,1005.8501,1007.7,1004.8,995.3378,997.086,994.4652,47.166668,100.0,1.0,18.18523,20.940014,15.803104
545,2021-06-29 00:00:00+00:00,3.0,29.1,17.05,22.865759,51823.19,0.0,15.84,174.97862,39600.0,21.822916,34.92,4.702322,22.07,71.15424,93.542145,42.379776,1009.01245,1011.6,1007.7,998.44257,1000.92163,996.9789,72.875,100.0,7.0,17.83002,20.291325,16.254713
546,2021-06-30 00:00:00+00:00,51.0,30.1,17.55,23.260069,51797.832,0.1,17.10284,201.91942,39600.0,22.172915,36.0,5.41445,25.95,70.16555,90.63237,41.11392,1012.0667,1013.4,1010.6,1001.477,1002.697,1000.22784,42.5,100.0,0.0,18.011236,20.746462,16.209568
547,2021-07-01 00:00:00+00:00,51.0,31.5,16.95,23.912527,51769.89,0.2,19.373219,216.19746,46800.0,22.800001,38.88,5.9534593,27.59,68.2394,95.04177,36.173195,1012.00415,1014.1,1009.4,1001.4366,1003.3861,999.01605,28.25,100.0,0.0,18.186367,21.098438,16.355545
548,2021-07-02 00:00:00+00:00,3.0,31.95,16.15,23.602339,51739.41,0.0,18.775303,221.15741,50400.0,22.59375,39.6,6.242766,29.22,68.600365,100.0,32.88,1011.8542,1013.3,1009.9,1001.2803,1002.56335,999.63824,19.583334,100.0,0.0,17.91778,20.665043,15.940632
549,2021-07-03 00:00:00+00:00,3.0,30.2,16.85,23.037462,51706.41,0.0,18.581022,198.6751,49704.293,22.379166,36.719997,5.3059897,23.94,66.684265,96.2578,40.034607,1012.5542,1014.1,1010.8,1001.9665,1003.4601,1000.369,30.541666,95.0,0.0,17.661276,20.681583,16.05239
550,2021-07-04 00:00:00+00:00,3.0,28.8,15.95,22.587744,51670.926,0.0,15.782622,185.97568,43200.0,21.727083,33.839996,5.629427,27.42,68.79015,96.57267,39.715508,1013.77075,1015.3,1012.0,1003.1473,1004.5898,1001.4868,20.291666,100.0,0.0,17.366255,20.084696,15.531832
551,2021-07-05 00:00:00+00:00,3.0,29.45,15.5,21.825098,51632.996,0.0,14.76439,184.32497,46777.91,21.308334,33.48,5.9059114,29.07,67.529366,98.7255,33.31555,1014.04175,1015.9,1012.6,1003.3999,1005.16144,1002.1033,14.208333,100.0,0.0,16.682978,18.97012,15.009808
552,2021-07-06 00:00:00+00:00,3.0,30.35,15.7,22.623316,51592.656,0.0,16.29174,188.24792,49138.426,21.956253,35.28,5.967328,28.56,67.101204,98.10091,34.77306,1012.82513,1015.1,1010.1,1002.2187,1004.32605,999.6398,19.291666,86.0,0.0,17.215101,20.091122,15.245609
553,2021-07-07 00:00:00+00:00,3.0,30.45,16.5,23.263327,51549.742,0.0,18.723461,208.83652,49681.84,22.470835,38.16,6.0250087,28.62,65.39625,95.02496,35.762054,1009.8084,1011.8,1007.5,999.2524,1001.0793,997.2038,9.75,100.0,0.0,17.526196,20.323654,15.717194
554,2021-07-08 00:00:00+00:00,2.0,32.85,17.0,24.95231,51503.93,0.0,17.10284,202.816,50400.0,23.808336,36.0,5.933985,26.84,64.38327,93.53971,34.82737,1009.69165,1011.7,1008.9,999.18365,1001.1067,998.2081,12.5,50.0,0.0,18.576628,21.645927,16.124567
555,2021-07-09 00:00:00+00:00,1.0,32.1,18.6,25.653791,51455.29,0.0,18.289274,211.53273,50400.0,24.527082,37.44,6.321807,27.99,62.284073,91.56914,35.560165,1012.16254,1013.6,1010.9,1001.6546,1002.913,1000.2344,7.0833335,37.0,0.0,18.934824,21.799353,17.542192
556,2021-07-10 00:00:00+00:00,0.0,32.4,18.95,25.214533,51403.906,0.0,17.727943,180.12788,50400.0,24.543753,38.16,6.320486,27.89,56.424835,81.44083,33.05851,1012.74585,1014.2,1011.1,1002.2324,1003.561,1000.7416,4.0833335,18.0,0.0,18.07374,21.240444,16.2071
557,2021-07-11 00:00:00+00:00,1.0,33.5,18.6,24.89028,51349.883,0.0,20.456745,190.4277,50400.0,24.216667,41.760002,6.3265266,28.23,57.776047,81.44726,28.650007,1011.7166,1013.6,1009.9,1001.2022,1002.9348,999.6352,5.7916665,21.0,0.0,17.99563,20.674232,14.928051
558,2021-07-12 00:00:00+00:00,2.0,32.55,18.5,24.427765,51293.3,0.0,18.075441,206.0431,46844.383,23.154167,39.96,5.804838,27.47,66.22101,88.436134,33.10345,1011.4666,1013.4,1010.0,1000.9177,1002.79803,999.5267,12.625,73.0,0.0,18.329483,21.28738,16.64136
559,2021-07-13 00:00:00+00:00,2.0,29.55,18.45,24.652138,51234.258,0.0,17.148247,228.77321,50400.0,23.216667,35.64,5.2715473,24.94,69.87858,91.55983,46.451717,1012.31665,1013.9,1011.1,1001.76196,1003.2478,1000.6674,21.75,77.0,0.0,19.015326,21.325186,16.7871
560,2021-07-14 00:00:00+00:00,3.0,31.6,18.85,25.275385,51172.84,0.0,15.778516,209.98846,49921.64,23.970833,34.2,6.0181117,27.16,66.3339,93.348305,31.167862,1013.80817,1015.1,1012.7,1003.2639,1004.4263,1002.2821,12.416667,100.0,0.0,18.974047,20.42112,17.605814
561,2021-07-15 00:00:00+00:00,1.0,31.0,17.7,24.27423,51109.137,0.0,17.057314,214.75256,50400.0,23.347918,36.36,6.0986013,28.18,64.65536,95.67397,34.163914,1014.39154,1015.9,1012.1,1003.81915,1005.19226,1001.6609,4.3333335,24.0,0.0,18.189133,20.450443,17.1781
562,2021-07-16 00:00:00+00:00,2.0,29.6,17.25,23.73681,51043.24,0.0,17.283749,215.87834,47669.918,22.65625,37.079998,5.6641912,26.79,67.23574,94.772575,39.46806,1013.0916,1014.5,1010.5,1002.5085,1003.83417,1000.07556,14.5,79.0,0.0,17.982376,20.411608,16.51401
563,2021-07-17 00:00:00+00:00,2.0,32.0,17.7,24.726816,50975.242,0.0,19.406637,215.27487,49577.242,23.479164,39.96,5.9753604,27.82,65.86611,96.28172,36.305386,1013.1709,1014.5,1011.7,1002.61554,1003.8468,1001.36597,29.291666,79.0,0.0,18.486048,21.300003,16.967436
564,2021-07-18 00:00:00+00:00,3.0,33.25,18.35,25.51782,50905.227,0.0,21.9718,217.03375,50326.16,24.916666,43.56,5.9259753,24.09,58.279697,92.42759,25.144276,1014.3291,1016.0,1012.5,1003.8123,1005.3938,1002.1748,42.708332,99.0,3.0,18.551085,20.851122,17.436123
565,2021-07-19 00:00:00+00:00,1.0,32.9,19.05,25.469336,50833.285,0.0,20.767975,206.36354,50294.523,24.968752,41.760002,6.456217,27.38,56.18388,89.59564,25.241379,1015.63336,1017.1,1013.9,1005.105,1006.5319,1003.50446,14.125,47.0,0.0,18.243006,20.587307,17.256762
566,2021-07-20 00:00:00+00:00,0.0,33.15,18.25,25.295328,50759.496,0.0,19.134262,206.35039,50222.58,24.570833,39.6,6.4943547,28.55,58.0381,90.6802,29.096104,1013.95825,1016.5,1010.6,1003.43304,1005.8258,1000.16754,0.041666668,1.0,0.0,18.214277,20.673372,17.026451
567,2021-07-21 00:00:00+00:00,2.0,35.2,19.4,26.218122,50683.96,0.0,19.174856,193.56276,50147.676,25.41667,39.6,6.5223284,27.54,56.952023,85.20159,28.18102,1010.79584,1012.5,1008.3,1000.3325,1001.85706,997.9941,25.208334,70.0,0.0,18.81199,21.81823,17.060205
568,2021-07-22 00:00:00+00:00,3.0,32.65,19.1,26.040771,50606.754,0.0,16.489416,184.01779,50071.105,24.818748,34.92,5.9706464,26.48,61.881226,87.63734,33.670315,1013.06665,1016.2,1011.3,1002.56,1005.5687,1000.65186,71.791664,100.0,13.0,19.195599,21.250463,17.595493
569,2021-07-23 00:00:00+00:00,3.0,31.3,18.35,25.123297,50527.965,0.0,16.870138,204.59856,49992.957,23.464586,34.56,5.735623,27.51,69.70458,94.79398,39.762882,1016.01666,1017.0,1015.1,1005.43164,1006.3458,1004.6142,36.541668,100.0,0.0,19.135786,21.580997,17.696535
570,2021-07-24 00:00:00+00:00,3.0,29.1,17.55,23.553473,50447.67,0.0,15.9134655,221.66211,48394.992,22.15625,34.92,5.295992,26.49,71.8008,95.9744,43.69261,1015.43335,1016.8,1013.4,1004.8084,1006.1318,1002.8336,70.083336,100.0,0.0,18.262941,20.404915,17.063902
571,2021-07-25 00:00:00+00:00,3.0,27.75,17.7,23.041533,50365.96,0.0,15.94601,220.24344,48492.066,21.975,35.28,5.2362566,25.95,69.12654,92.68547,45.153534,1014.2585,1015.7,1012.5,1003.63947,1004.95624,1001.992,74.041664,97.0,19.0,17.76063,19.874979,16.590168
572,2021-07-26 00:00:00+00:00,63.0,25.4,18.3,22.54495,50282.914,6.6000004,15.03835,232.27261,25286.19,20.95625,31.319998,2.7070963,13.82,78.120804,86.56668,65.37155,1013.80835,1015.3,1012.6,1003.1586,1004.5807,1001.89465,73.541664,100.0,12.0,18.176603,20.656227,16.408958
573,2021-07-27 00:00:00+00:00,3.0,29.1,18.5,23.776781,50198.273,0.0,19.586119,230.59154,39189.168,22.385416,39.239998,4.9232626,23.73,74.152824,95.699844,48.01588,1014.58344,1015.8,1013.1,1003.97534,1005.0754,1002.62445,41.875,100.0,1.0,18.793612,21.23142,17.262163
574,2021-07-28 00:00:00+00:00,0.0,32.05,17.0,24.397238,50111.438,0.0,20.304129,212.9885,49579.555,23.758333,41.399998,6.2990246,27.81,61.47034,95.346954,28.621168,1014.90826,1016.2,1013.0,1004.34393,1005.51587,1002.53937,0.125,1.0,0.0,17.858494,19.789492,16.4412
575,2021-07-29 00:00:00+00:00,3.0,30.65,16.6,23.447914,50022.496,0.0,19.734436,195.65195,48982.78,23.122915,40.68,6.207124,28.22,60.301342,89.986046,28.526094,1012.38745,1014.5,1009.7,1001.82733,1003.78723,999.2961,27.333334,94.0,0.0,17.271933,19.897596,15.41914
576,2021-07-30 00:00:00+00:00,3.0,32.55,15.65,23.01815,49931.56,0.0,19.64228,196.66785,47482.53,22.370834,39.239998,5.9824347,27.44,67.33441,100.0,28.581482,1013.07086,1015.6,1011.6,1002.47614,1004.8629,1001.28394,69.833336,100.0,6.0,17.49882,20.468304,15.629393
577,2021-07-31 00:00:00+00:00,3.0,31.15,15.9,23.53377,49838.734,0.0,20.883102,212.7133,49308.984,22.954165,41.760002,6.0901704,27.64,63.497543,99.99999,27.85459,1015.4292,1016.7,1014.1,1004.8309,1006.065,1003.64526,42.833332,97.0,0.0,17.52866,20.558395,15.661533
578,2021-08-01 00:00:00+00:00,2.0,33.1,16.0,23.296988,49744.145,0.0,19.296135,182.65605,49215.137,23.443748,40.32,6.413724,28.29,54.208923,85.394,21.991768,1016.12085,1018.1,1014.6,1005.5324,1007.3265,1004.09827,8.958333,75.0,0.0,16.586855,20.092266,14.298292
579,2021-08-02 00:00:00+00:00,0.0,34.95,15.8,24.083176,49647.89,0.0,20.172853,181.1997,49119.645,24.445833,40.68,6.83396,28.53,50.12276,87.33984,16.635647,1015.2292,1017.7,1012.7,1004.68427,1006.94434,1002.3677,0.0,0.0,0.0,16.555458,19.958946,13.933067
580,2021-08-03 00:00:00+00:00,0.0,35.15,15.7,24.219536,49550.074,0.0,18.11841,181.27016,49022.6,24.120832,38.519997,6.630605,28.4,56.16638,95.30115,20.720848,1012.91254,1015.5,1010.3,1002.3804,1004.77136,999.8411,0.125,2.0,0.0,17.220274,20.9845,15.139687
581,2021-08-04 00:00:00+00:00,1.0,33.25,16.25,23.961472,49450.805,0.0,17.339897,198.72589,48924.11,23.38125,36.719997,6.1706967,27.58,62.048153,99.364624,29.316023,1011.2292,1012.8,1009.2,1000.6893,1002.17566,998.9034,2.1666667,43.0,0.0,17.640001,20.995586,15.900059
582,2021-08-05 00:00:00+00:00,1.0,32.8,16.4,24.396704,49350.188,0.0,18.440998,196.82149,48824.29,23.637497,38.16,6.0927672,27.37,61.642246,95.021255,34.0106,1011.75836,1013.2,1010.4,1001.2227,1002.4919,1000.1116,2.9166667,28.0,0.0,17.974934,21.4289,15.805111
583,2021-08-06 00:00:00+00:00,3.0,30.5,17.15,23.502455,49248.324,0.0,14.764389,173.25806,39253.215,22.40625,33.12,5.3422747,25.02,69.74932,99.68454,35.486076,1012.625,1013.8,1011.2,1002.0373,1003.29803,1000.7975,20.791666,100.0,0.0,18.031345,20.392681,16.135994
584,2021-08-07 00:00:00+00:00,3.0,30.2,16.55,22.81238,49145.31,0.0,14.658676,199.15822,46436.344,21.702082,33.12,5.4493456,26.69,71.0096,95.63637,33.346825,1012.825,1014.3,1011.0,1002.21,1003.5856,1000.46735,27.208334,100.0,0.0,17.535824,19.845888,15.974945
585,2021-08-08 00:00:00+00:00,3.0,29.65,16.15,22.709814,49041.24,0.0,16.323528,220.90808,47275.7,21.616663,33.839996,5.307772,25.79,72.306145,100.0,40.283833,1012.18335,1013.8,1009.7,1001.5721,1003.2927,999.27155,28.25,100.0,0.0,17.665741,20.317616,16.132933
586,2021-08-09 00:00:00+00:00,0.0,30.45,16.0,23.024122,48936.215,0.0,18.335276,230.0291,48413.51,22.010416,38.519997,5.5285654,26.85,69.58893,96.25214,37.541817,1012.42914,1014.0,1010.2,1001.8293,1003.2396,999.7457,1.875,14.0,0.0,17.66981,20.61726,15.54631
587,2021-08-10 00:00:00+00:00,1.0,32.5,16.7,24.31817,48830.336,0.0,17.388409,213.0917,48132.24,23.395834,36.0,5.9709954,26.76,63.87878,97.79931,31.414612,1012.70013,1014.5,1010.3,1002.14575,1003.84326,999.86194,3.6666667,21.0,0.0,17.94213,20.99049,16.428825
588,2021-08-11 00:00:00+00:00,3.0,33.7,18.5,25.253448,48723.684,0.0,21.028437,226.87784,43529.914,25.279167,41.760002,5.9202805,22.65,53.110367,84.899864,22.99606,1013.3,1015.1,1011.4,1002.8062,1004.4225,1001.01117,32.458332,86.0,1.0,17.98731,19.674105,16.573479
589,2021-08-12 00:00:00+00:00,2.0,34.15,18.6,25.768206,48616.348,0.0,16.563911,200.51094,47670.883,25.65,35.28,6.5340915,26.69,50.178074,85.662315,15.463633,1014.07086,1015.7,1012.2,1003.58154,1005.0701,1001.9851,7.5833335,51.0,0.0,17.686092,20.058413,15.781645
590,2021-08-13 00:00:00+00:00,0.0,32.7,19.3,25.113092,48508.426,0.0,17.581125,186.2462,47504.2,24.741669,36.719997,6.0969367,26.69,54.176975,84.11574,22.663416,1016.52515,1018.0,1015.5,1005.9797,1007.31573,1005.0757,0.25,1.0,0.0,17.798529,19.778862,16.605257
591,2021-08-14 00:00:00+00:00,3.0,33.0,18.65,24.930887,48400.004,0.0,18.079027,195.53185,44119.68,24.164581,36.0,5.4371066,23.28,59.599903,88.9992,27.05124,1016.8916,1018.7,1014.0,1006.3218,1008.0119,1003.49945,19.291666,100.0,0.0,18.195883,20.937588,16.7159
592,2021-08-15 00:00:00+00:00,3.0,34.0,18.5,25.261904,48291.168,0.0,19.734436,196.3223,46650.023,24.429167,39.6,5.8252883,25.29,60.075764,87.02817,32.444534,1012.8125,1016.3,1009.7,1002.29364,1005.6152,999.3594,16.041666,100.0,0.0,18.48795,21.987411,16.503983
593,2021-08-16 00:00:00+00:00,3.0,33.7,18.8,26.456568,48181.625,0.0,16.75064,206.24844,46122.414,24.620832,35.64,5.6264763,25.65,65.92202,90.156296,35.061077,1009.4749,1011.1,1007.4,998.99786,1000.46643,997.0366,25.541666,88.0,0.0,19.569239,22.461462,17.298458
594,2021-08-17 00:00:00+00:00,3.0,31.1,19.6,25.980606,48070.68,0.0,18.079027,197.81529,46169.168,24.054169,38.16,5.3691306,25.72,71.17294,93.370346,42.30542,1010.0583,1011.3,1008.4,999.5568,1000.83246,998.0743,9.583333,100.0,0.0,19.958576,21.933067,18.79038
595,2021-08-18 00:00:00+00:00,51.0,26.2,20.3,23.329588,47958.406,1.4000002,21.518847,163.86707,21069.281,22.814585,41.039997,3.548383,14.04,71.76674,85.843925,53.10724,1011.64166,1012.6,1010.9,1001.0811,1002.0875,1000.2918,94.416664,100.0,61.0,19.04547,19.860624,18.34536
596,2021-08-19 00:00:00+00:00,3.0,27.9,19.55,24.187302,47844.9,0.0,17.581125,215.84431,40357.535,22.747917,38.519997,4.2889767,20.27,69.76331,91.65196,45.47265,1012.02924,1013.5,1010.8,1001.4616,1002.8863,1000.3506,48.541668,100.0,1.0,18.622412,20.093607,17.00077
597,2021-08-20 00:00:00+00:00,2.0,28.2,18.4,22.97145,47730.26,0.0,20.466246,237.8191,38697.203,21.927084,41.760002,4.5358205,22.13,70.41717,89.0151,45.157627,1010.29584,1011.9,1008.3,999.717,1001.22723,997.76013,20.916666,78.0,0.0,17.946379,19.916018,16.969624
598,2021-08-21 00:00:00+00:00,51.0,24.7,18.15,21.303234,47614.586,0.3,17.429354,230.30244,22980.414,20.714584,34.92,2.9132075,13.37,73.277794,91.251175,54.97978,1009.25433,1010.4,1007.8,998.64374,999.83826,997.3076,48.416668,100.0,5.0,17.289078,18.494127,16.291794
599,2021-08-22 00:00:00+00:00,3.0,26.5,17.2,21.750496,47497.965,0.0,19.469976,231.63245,42377.805,20.989584,39.239998,4.302714,21.7,71.549446,90.02992,50.208515,1009.6709,1010.8,1008.3,999.0651,1000.2905,997.8775,33.041668,100.0,1.0,17.243303,19.321402,15.995541
600,2021-08-23 00:00:00+00:00,2.0,27.85,15.9,21.971285,47380.49,0.0,16.323528,221.57312,43915.64,21.058336,35.64,4.7249055,23.79,72.84799,99.68104,44.87681,1011.1499,1012.4,1010.0,1000.5305,1001.8066,999.2874,10.541667,68.0,0.0,17.37787,19.631378,15.844261
601,2021-08-24 00:00:00+00:00,3.0,28.35,15.8,22.530825,47262.254,0.0,17.581125,219.83717,44253.543,21.556252,36.719997,5.2009144,25.58,71.22372,100.0,41.295288,1012.91235,1013.9,1011.6,1002.29193,1003.21674,1001.07336,16.25,100.0,0.0,17.508883,19.487963,15.780457
602,2021-08-25 00:00:00+00:00,3.0,31.8,16.55,24.467623,47143.34,0.0,16.92383,216.87,43874.23,23.422915,35.64,5.525409,24.65,64.384834,100.0,30.909126,1013.03326,1014.4,1011.0,1002.47656,1003.8136,1000.5566,20.083334,100.0,0.0,18.020868,20.394293,16.498617
603,2021-08-26 00:00:00+00:00,0.0,36.6,18.25,25.564926,47023.844,0.0,20.87379,204.10599,44646.23,25.435417,41.039997,6.3123093,26.01,52.428406,82.7101,17.942522,1010.0168,1012.2,1007.4,999.56055,1001.55304,997.04016,0.0,0.0,0.0,17.635887,19.69021,15.670897
604,2021-08-27 00:00:00+00:00,0.0,36.45,15.75,24.745232,46903.84,0.0,16.575644,193.53584,44474.625,24.379166,35.64,6.156243,26.13,57.906906,97.15792,17.907598,1006.49164,1008.1,1004.0,996.03467,997.49713,993.6548,0.29166666,2.0,0.0,17.492832,20.083057,15.4027405
605,2021-08-28 00:00:00+00:00,3.0,33.75,15.9,24.062378,46783.42,0.0,18.11841,214.13976,43367.5,22.931252,36.719997,5.3262734,23.91,68.55564,100.0,28.50173,1007.3791,1009.2,1005.6,996.8635,998.5451,995.4186,15.916667,100.0,0.0,18.122955,21.21419,15.881163
606,2021-08-29 00:00:00+00:00,3.0,31.0,15.8,23.419807,46662.664,0.0,17.0763,220.46716,41389.004,22.725,35.64,5.451274,24.25,65.946976,100.0,30.441029,1007.77496,1009.3,1006.6,997.2486,998.5563,996.0422,29.041666,100.0,0.0,17.64555,20.34581,15.780457
607,2021-08-30 00:00:00+00:00,3.0,29.3,16.8,22.427734,46541.66,0.0,15.192682,184.35812,39892.312,21.53125,34.2,4.695129,22.87,71.71776,97.49318,38.579002,1007.84576,1009.1,1006.0,997.2776,998.4371,995.5994,25.25,100.0,0.0,17.61617,20.10017,15.962925
608,2021-08-31 00:00:00+00:00,3.0,27.55,16.75,22.214872,46420.477,0.0,16.299694,209.87874,33908.79,21.043749,34.92,3.957962,19.61,73.747375,94.429115,45.68496,1008.1584,1009.9,1006.3,997.57025,999.25214,995.83734,51.416668,100.0,3.0,17.524542,19.747507,16.084682
609,2021-09-01 00:00:00+00:00,51.0,26.65,19.5,22.658699,46299.2,0.4,14.982228,190.06062,28310.566,21.86875,32.760002,3.730732,17.35,69.086494,82.08154,47.72814,1010.24585,1012.2,1009.0,999.66595,1001.5153,998.35065,68.541664,100.0,1.0,17.774958,19.24975,16.765076
610,2021-09-02 00:00:00+00:00,3.0,27.9,17.4,22.440844,46177.902,0.0,18.374111,222.98418,43130.523,21.447914,37.079998,4.5587234,22.85,69.78364,89.470184,45.513336,1012.4917,1013.8,1011.0,1001.8725,1003.2099,1000.5738,24.708334,96.0,0.0,17.377163,19.726467,16.115839
611,2021-09-03 00:00:00+00:00,3.0,29.85,15.3,22.225328,46056.668,0.0,17.974781,208.56572,39600.0,21.235416,36.36,4.8635573,23.62,71.68118,99.99999,35.03288,1012.31665,1013.9,1010.0,1001.69,1003.24426,999.54425,16.583334,100.0,0.0,17.190271,19.98122,15.022709
612,2021-09-04 00:00:00+00:00,3.0,35.6,15.75,24.248194,45935.57,0.0,21.924562,207.1961,41336.023,24.449997,42.12,6.3796105,24.81,56.678528,100.0,15.661412,1011.1624,1012.8,1009.2,1000.6585,1002.24945,998.92926,13.75,100.0,0.0,17.07599,20.242916,15.667904
613,2021-09-05 00:00:00+00:00,3.0,38.8,18.35,26.307182,45814.312,0.0,21.30093,202.28102,43523.457,27.300001,41.039997,6.7683887,24.12,39.836613,72.88204,11.387651,1010.3416,1012.4,1008.1,999.94556,1001.7924,997.9148,28.416666,89.0,0.0,16.812494,18.941221,14.710009
614,2021-09-06 00:00:00+00:00,3.0,33.45,18.2,24.896425,45692.176,0.0,18.161278,161.36177,37841.62,23.514585,36.36,4.967117,22.41,70.02601,97.51871,32.60795,1013.1875,1014.9,1011.2,1002.63324,1004.2319,1000.8355,31.0,100.0,0.0,19.114143,21.602217,16.960629
615,2021-09-07 00:00:00+00:00,3.0,32.15,19.65,25.66465,45569.22,0.0,17.057314,203.67972,43200.0,23.745834,35.28,4.802732,22.11,71.00318,92.513405,39.491882,1013.4084,1015.2,1010.9,1002.86066,1004.67126,1000.4454,20.541666,97.0,0.0,19.594671,22.092299,18.004707
616,2021-09-08 00:00:00+00:00,3.0,33.15,17.8,24.428185,45445.535,0.0,18.089775,203.05133,41351.645,22.85417,37.8,4.753733,22.0,72.06044,98.12682,33.5911,1011.20844,1014.0,1007.9,1000.65106,1003.38446,997.53723,23.875,100.0,0.0,18.76047,21.684708,17.097181
617,2021-09-09 00:00:00+00:00,2.0,34.05,17.5,25.26848,45321.188,0.0,14.84318,211.90616,43324.188,24.079165,32.399998,5.2408447,22.69,65.26959,92.67462,34.163612,1010.8042,1012.3,1008.5,1000.29395,1001.88275,998.2575,34.833332,68.0,0.0,18.921358,22.546938,16.623333
618,2021-09-10 00:00:00+00:00,2.0,33.35,20.3,25.876318,45196.277,0.0,18.947083,223.47787,43200.0,24.94792,38.519997,5.3057404,22.06,59.05601,77.07068,33.75424,1012.45416,1014.2,1011.0,1001.9583,1003.55,1000.37823,13.208333,61.0,0.0,18.904165,21.822271,17.393959
619,2021-09-11 00:00:00+00:00,0.0,33.75,19.25,26.393234,45070.88,0.0,18.39878,223.39902,43200.0,25.745836,37.44,5.747059,23.07,54.596375,81.99445,27.726273,1013.05426,1014.6,1010.9,1002.57904,1004.22266,1000.49567,0.0,0.0,0.0,18.741957,21.335602,17.053085
620,2021-09-12 00:00:00+00:00,0.0,33.5,16.8,23.995611,44945.07,0.0,17.57744,197.56035,43332.047,23.6875,35.28,5.5554614,23.65,59.831226,94.130005,24.979399,1012.12085,1013.6,1010.4,1001.5826,1003.12085,1000.1719,0.0,0.0,0.0,17.502342,20.468554,15.968029
621,2021-09-13 00:00:00+00:00,3.0,31.85,14.45,21.841148,44818.934,0.0,17.057314,204.344,43063.086,21.418749,35.28,5.198331,23.81,68.56455,100.0,27.46575,1011.16656,1012.5,1009.2,1000.5574,1001.6759,998.8354,26.208334,100.0,0.0,16.559881,19.153696,14.420891
622,2021-09-14 00:00:00+00:00,3.0,30.25,14.0,20.725506,44692.54,0.0,16.563911,210.37906,42977.965,20.045832,34.92,4.5823226,22.76,73.629845,100.0,31.207409,1012.51263,1014.0,1011.1,1001.8408,1003.29443,1000.69507,35.291668,100.0,0.0,16.266481,18.998896,13.967703
623,2021-09-15 00:00:00+00:00,3.0,27.55,14.25,19.899443,44565.977,0.0,16.831684,225.94255,42892.74,19.2875,34.56,4.328375,22.15,75.08556,100.0,42.184917,1012.5666,1014.1,1010.6,1001.8675,1003.4147,1000.11017,26.5,100.0,0.0,15.869602,18.992508,14.219475
624,2021-09-16 00:00:00+00:00,3.0,26.05,13.8,18.854197,44439.316,0.0,15.408671,213.0768,36341.06,18.439585,33.48,4.0825763,21.62,76.473816,99.99999,42.81237,1011.43744,1012.6,1009.9,1000.7199,1001.77106,999.28986,26.833334,100.0,0.0,15.326247,17.823359,13.766285
625,2021-09-17 00:00:00+00:00,3.0,26.2,13.45,18.596357,44312.637,0.0,17.174677,232.0832,36330.434,18.320833,33.48,3.8217185,19.97,76.56657,100.0,39.37459,1014.821,1016.9,1012.8,1004.0632,1006.04376,1001.8847,39.75,100.0,0.0,15.203931,17.515064,13.413805
626,2021-09-18 00:00:00+00:00,3.0,26.25,14.25,18.955267,44186.01,0.0,17.57744,236.13057,38438.605,18.679167,36.36,3.9755566,20.9,75.55414,98.71317,44.730297,1016.56244,1018.4,1014.6,1005.7995,1007.63885,1003.94574,18.041666,100.0,0.0,15.459634,18.290312,13.769411
627,2021-09-19 00:00:00+00:00,3.0,27.6,13.0,18.996817,44059.516,0.0,17.287498,195.12402,37502.617,18.63125,36.0,4.1053743,21.52,75.89774,100.0,38.104702,1014.1082,1016.4,1011.8,1003.36865,1005.50995,1001.29767,29.791666,100.0,0.0,15.347413,18.148878,12.818295
628,2021-09-20 00:00:00+00:00,0.0,31.65,14.35,22.454668,43933.23,0.0,15.1884165,175.89496,42468.27,21.75,30.239998,4.645451,22.09,66.735435,98.71416,30.876219,1012.6125,1015.4,1011.1,1002.00006,1004.69604,1000.7352,1.2916666,13.0,0.0,16.86251,19.818554,13.957855
629,2021-09-21 00:00:00+00:00,3.0,36.7,17.6,26.224787,43807.227,0.0,19.469976,209.02567,42384.38,25.562502,38.519997,5.598892,21.64,59.78384,100.0,21.033033,1016.6624,1017.7,1015.4,1006.14185,1007.398,1004.8629,21.333334,100.0,0.0,18.772293,20.797695,17.544277
630,2021-09-22 00:00:00+00:00,1.0,35.9,20.2,26.739937,43681.582,0.0,24.881702,227.58957,42301.047,27.310415,45.36,6.272537,21.14,43.215206,72.195404,21.8317,1016.15015,1018.7,1012.8,1005.697,1008.0027,1002.4276,7.375,47.0,0.0,18.115227,20.744534,15.771923
631,2021-09-23 00:00:00+00:00,0.0,30.9,17.15,22.496744,43556.37,0.0,18.947083,189.48347,42218.375,22.572916,38.16,4.8927693,21.51,58.01895,85.83525,32.117386,1012.2541,1013.8,1010.1,1001.6768,1003.1938,999.7449,0.25,5.0,0.0,16.639448,19.526293,14.824465
632,2021-09-24 00:00:00+00:00,3.0,28.4,15.15,20.845434,43431.676,0.0,15.281989,208.04004,36236.207,20.260416,35.28,3.971721,18.71,72.316414,100.0,37.7319,1013.53345,1014.6,1011.9,1002.85944,1003.8203,1001.5196,27.291666,100.0,0.0,16.410875,18.872244,15.125851
633,2021-09-25 00:00:00+00:00,3.0,27.6,14.95,20.439472,43307.168,0.0,17.429354,225.18971,41983.117,19.864584,36.36,3.994392,20.1,74.168724,100.0,43.00194,1014.87933,1016.0,1013.2,1004.17706,1005.3552,1002.6391,16.25,100.0,0.0,16.374342,19.036335,14.493881
634,2021-09-26 00:00:00+00:00,3.0,23.85,16.0,18.999403,43182.1,0.0,17.84816,225.65343,28042.232,18.385416,37.44,3.0394561,16.6,79.04179,93.79257,53.886406,1016.41656,1017.3,1015.2,1005.64545,1006.4322,1004.5826,41.541668,100.0,0.0,15.744603,17.637627,14.789843
635,2021-09-27 00:00:00+00:00,3.0,23.95,15.4,18.966051,43056.535,0.0,13.246826,193.09192,25200.0,18.477083,29.16,2.9058444,15.29,76.74576,92.5594,52.701088,1016.1084,1017.4,1014.3,1005.34375,1006.59064,1003.7311,74.916664,100.0,0.0,15.553307,17.498838,14.527498
636,2021-09-28 00:00:00+00:00,51.0,23.8,15.9,19.341614,42930.55,0.3,13.479583,219.75804,36928.41,18.864584,28.8,2.670941,13.68,75.89387,91.99175,53.512333,1013.1292,1015.7,1011.0,1002.4107,1004.88654,1000.3097,72.458336,100.0,12.0,15.835065,17.5406,14.691484
637,2021-09-29 00:00:00+00:00,3.0,25.85,15.4,20.020227,42804.223,0.0,17.654686,258.63016,41319.824,19.508331,36.36,3.6434643,19.3,71.25961,96.21645,40.40944,1012.25433,1013.8,1010.4,1001.5676,1003.1,999.8947,33.375,97.0,0.0,15.767155,18.092377,14.459646
638,2021-09-30 00:00:00+00:00,0.0,33.75,13.75,20.041172,42677.656,0.0,23.188583,227.67189,41362.84,22.266663,42.12,5.2916136,21.55,35.73563,80.257256,6.714334,1012.56665,1014.1,1010.8,1001.972,1003.4112,1000.53265,0.0,0.0,0.0,12.172654,14.495226,7.4596987
639,2021-10-01 00:00:00+00:00,2.0,34.2,16.4,21.117306,42550.914,0.0,17.0763,180.93149,41127.582,24.358335,31.319998,5.7929215,21.35,18.071383,47.674683,6.6126513,1013.3333,1014.6,1012.0,1002.80615,1004.0488,1001.7871,3.0,72.0,0.0,11.109695,16.286623,5.740287
640,2021-10-02 00:00:00+00:00,2.0,35.2,18.75,23.36263,42424.09,0.0,18.289274,273.28073,40892.008,26.631254,35.28,5.9759603,20.86,17.107313,46.510277,6.884779,1013.69165,1015.2,1011.7,1003.24066,1004.6836,1001.3999,11.583333,66.0,0.0,12.242909,14.795202,9.971044
641,2021-10-03 00:00:00+00:00,3.0,36.1,19.2,23.310778,42297.27,0.0,18.668005,177.85913,40656.11,26.43125,37.44,6.1298213,20.39,19.794512,38.75036,8.632389,1012.62915,1014.0,1010.6,1002.18195,1003.60846,1000.3962,24.833334,96.0,0.0,12.859826,15.910828,9.24874
642,2021-10-04 00:00:00+00:00,3.0,31.3,19.7,22.754173,42170.53,0.0,19.576189,212.11794,25789.535,25.106249,41.399998,4.478079,13.78,28.450045,69.103806,13.730834,1012.5627,1014.8,1010.0,1002.07196,1004.1436,999.5478,87.375,100.0,23.0,13.950913,16.446,10.232232
643,2021-10-05 00:00:00+00:00,3.0,26.8,18.1,21.929697,42043.965,0.0,20.883102,217.05658,39903.457,22.12708,40.68,4.4480495,19.16,61.45782,96.59714,40.381413,1014.07513,1016.3,1012.5,1003.4641,1005.5992,1001.81934,32.541668,100.0,0.0,16.918297,18.481441,15.142523
644,2021-10-06 00:00:00+00:00,3.0,23.95,16.45,20.076014,41917.65,0.0,17.10284,208.43011,33644.9,19.014582,30.599998,2.6594636,14.16,83.70313,100.0,57.32245,1015.2834,1017.2,1013.3,1004.5474,1006.4698,1002.6124,82.708336,100.0,22.0,16.920042,18.174696,15.914509
645,2021-10-07 00:00:00+00:00,51.0,22.05,16.4,19.310926,41791.68,0.2,12.682018,185.99242,935.626,18.610415,25.199999,1.6039537,6.76,79.85815,95.3259,56.857414,1016.2249,1017.6,1015.6,1005.4648,1006.86707,1004.76514,99.25,100.0,95.0,16.121103,16.559816,15.749638
646,2021-10-08 00:00:00+00:00,53.0,21.5,15.4,18.02836,41666.14,3.9,17.072504,220.12355,35786.156,18.241667,33.48,2.740992,14.47,75.87183,91.48821,54.170067,1017.12067,1018.1,1015.9,1006.3376,1007.3947,1005.09546,67.291664,100.0,9.0,15.2716,16.292294,13.998465
647,2021-10-09 00:00:00+00:00,3.0,23.8,13.15,16.90245,41541.117,0.0,26.983196,199.62225,39787.945,17.264585,49.32,3.4083228,18.7,74.63171,98.702675,37.538097,1017.32086,1018.9,1014.9,1006.49805,1007.97363,1004.3284,17.166666,100.0,0.0,14.012328,16.384163,12.553265
648,2021-10-10 00:00:00+00:00,0.0,28.8,11.85,17.80978,41416.695,0.0,20.421871,201.80151,39600.0,18.737501,40.32,3.9053705,19.26,59.107075,89.53294,22.123964,1015.09186,1017.5,1011.8,1004.34454,1006.662,1001.01666,0.0,0.0,0.0,13.181667,16.925705,8.983626
649,2021-10-11 00:00:00+00:00,51.0,23.75,13.0,15.107411,41292.973,0.2,33.834255,333.81946,28800.0,17.827084,65.159996,4.327582,13.3,55.87117,96.46798,10.748848,1007.3083,1011.2,1002.4,996.6126,1000.3804,991.9483,31.625,100.0,0.0,12.018794,15.88666,6.936655
650,2021-10-12 00:00:00+00:00,0.0,22.35,11.4,11.362045,41170.035,0.0,30.378967,291.1013,39592.29,16.20625,52.199997,5.4133434,18.18,26.804583,45.234863,11.735634,1011.4917,1014.4,1008.0,1000.6923,1003.38904,997.19806,0.0,0.0,0.0,7.2517505,9.7334,5.000043
651,2021-10-13 00:00:00+00:00,0.0,24.7,9.55,12.914365,41047.977,0.0,19.386593,275.7376,39544.8,16.2875,36.719997,4.0804067,17.46,31.428818,45.995373,11.604171,1013.54584,1015.2,1011.9,1002.7253,1004.3515,1001.2813,0.0,0.0,0.0,7.6834445,10.563114,4.184454
652,2021-10-14 00:00:00+00:00,0.0,26.45,10.4,14.554919,40926.89,0.0,12.879752,26.905949,39496.934,17.770832,25.919998,4.1378617,17.24,29.595436,46.756626,13.196725,1015.1292,1016.9,1013.8,1004.34625,1006.1509,1002.8377,0.0,0.0,0.0,8.5905695,13.284544,4.5638313
653,2021-10-15 00:00:00+00:00,0.0,31.4,10.8,17.55377,40806.434,0.0,16.299694,289.1634,39448.664,21.029165,31.68,4.763787,17.1,22.445349,43.44497,8.076497,1016.69165,1018.9,1014.5,1006.0083,1008.25476,1004.0793,0.0,0.0,0.0,9.386105,13.109196,5.166477
654,2021-10-16 00:00:00+00:00,3.0,32.45,12.2,18.05077,40685.78,0.0,18.089775,252.61752,39399.945,21.737497,33.12,4.5671167,17.28,15.925144,29.327515,5.9339824,1014.7292,1016.4,1012.1,1004.09247,1005.66187,1001.6571,9.5,95.0,0.0,8.776165,12.4818,4.58949
655,2021-10-17 00:00:00+00:00,2.0,26.55,11.95,15.8997345,40565.0,0.0,22.065973,194.29689,39350.78,18.025,41.039997,3.8263965,16.57,48.198883,92.21391,22.558187,1014.54596,1015.8,1013.2,1003.78,1004.8956,1002.6285,6.75,79.0,0.0,11.500633,15.413124,5.2336283
656,2021-10-18 00:00:00+00:00,61.0,19.6,13.6,15.629718,40444.18,4.4999995,13.70839,198.77814,31387.701,16.118752,26.64,2.1756275,11.64,75.90797,96.80659,48.817535,1014.28345,1015.8,1012.5,1003.45166,1004.88635,1001.81366,71.166664,100.0,12.0,13.250206,14.146393,11.463091
657,2021-10-19 00:00:00+00:00,2.0,22.4,8.65,13.563145,40323.426,0.0,13.755579,205.4975,38970.773,14.774999,28.8,2.8928156,16.14,70.487434,93.75527,35.27428,1016.22076,1018.0,1014.5,1005.31635,1007.00183,1003.8666,7.625,55.0,0.0,11.20155,13.735285,7.957837
658,2021-10-20 00:00:00+00:00,3.0,23.4,10.1,14.6734085,40202.832,0.0,16.263872,232.23022,37277.383,15.839583,30.239998,3.0647492,15.97,68.226585,91.36911,36.483044,1018.3042,1019.7,1016.9,1007.417,1008.8493,1006.28253,31.208334,100.0,0.0,11.88446,15.093239,8.63868
659,2021-10-21 00:00:00+00:00,2.0,26.35,11.8,16.268526,40082.504,0.0,15.124284,191.06343,39037.742,17.202084,29.88,3.234209,15.78,65.86212,98.39004,29.51498,1018.36664,1020.2,1016.6,1007.5291,1009.37524,1005.90137,22.166666,78.0,0.0,12.771961,15.514664,9.324488
660,2021-10-22 00:00:00+00:00,3.0,22.45,11.45,15.9544,39962.535,0.0,12.984975,189.39537,32400.0,16.004168,28.44,2.5528786,14.45,82.10695,100.0,46.80488,1015.6833,1017.8,1013.5,1004.8313,1006.8817,1002.73737,77.875,100.0,0.0,13.748535,15.5161915,11.259861
661,2021-10-23 00:00:00+00:00,53.0,21.65,16.15,18.104795,39843.04,1.8000002,13.004922,156.44054,26259.238,17.831247,24.119999,2.0187628,10.23,77.641,89.96767,58.836002,1012.25006,1013.7,1010.7,1001.5032,1002.88354,1000.103,99.958336,100.0,99.0,15.111445,16.465805,14.405764
662,2021-10-24 00:00:00+00:00,3.0,22.5,14.3,17.018816,39724.113,0.0,16.489416,202.42587,31709.867,17.164585,32.039997,2.1454856,11.02,76.673996,93.1449,50.63043,1012.8459,1014.5,1011.6,1002.0679,1003.75977,1001.02905,95.166664,100.0,25.0,14.31392,15.939688,13.238611
663,2021-10-25 00:00:00+00:00,63.0,16.7,9.8,13.582432,39605.875,13.5,23.990698,180.39647,6911.752,14.185416,41.039997,0.6335751,2.35,92.400276,100.0,80.87164,1012.62933,1014.6,1010.5,1001.74274,1003.525,999.7139,60.208332,100.0,2.0,13.293507,15.51487,9.466127
664,2021-10-26 00:00:00+00:00,3.0,21.6,8.7,12.451771,39488.42,0.0,20.00512,16.26035,37174.305,13.743749,34.56,2.5475554,14.81,77.0186,99.66294,40.489548,1018.12085,1020.5,1014.7,1007.1569,1009.44586,1003.58685,14.041667,90.0,0.0,11.013428,14.783699,7.472204
665,2021-10-27 00:00:00+00:00,0.0,26.5,10.75,16.474545,39371.867,0.0,9.19939,21.232944,38837.45,17.59583,15.119999,2.9041848,15.2,57.228943,80.126144,27.501392,1019.54175,1022.0,1017.2,1008.7055,1011.1099,1006.4641,0.0,0.0,0.0,12.088059,16.937973,8.049978
666,2021-10-28 00:00:00+00:00,0.0,29.8,13.4,19.608633,39256.32,0.0,12.738099,309.47244,38747.445,20.233332,21.96,3.347809,15.05,56.63467,75.71942,30.877346,1015.9209,1017.7,1013.8,1005.22,1007.05646,1003.15796,0.0,0.0,0.0,14.422603,18.69453,10.737147
667,2021-10-29 00:00:00+00:00,0.0,29.2,15.75,20.795527,39141.902,0.0,10.883676,125.35203,38632.395,21.439585,18.72,3.3663688,15.01,52.315617,87.33524,34.040268,1012.51245,1013.8,1010.8,1001.89233,1003.27344,1000.39484,0.16666667,4.0,0.0,14.962127,18.981434,12.116974
668,2021-10-30 00:00:00+00:00,3.0,22.85,12.65,16.475388,39028.727,0.0,11.212135,158.44284,26136.775,16.177084,21.24,2.1714058,12.8,86.88532,99.67287,59.31357,1013.78754,1015.3,1012.4,1002.9624,1004.51105,1001.79596,62.041668,100.0,0.0,14.540481,17.47532,12.572506
669,2021-10-31 00:00:00+00:00,3.0,21.55,12.65,15.8319025,38916.906,0.0,13.004922,186.63237,18195.203,15.552083,23.759998,1.8534166,10.59,86.97067,100.0,59.584126,1015.61664,1017.6,1014.2,1004.749,1006.6519,1003.54645,95.25,100.0,49.0,13.955379,16.346731,12.572506
670,2021-11-01 00:00:00+00:00,3.0,19.95,11.05,15.247481,38806.57,0.0,11.4862,221.4384,23126.5,15.177083,24.48,1.7797585,10.12,85.74468,100.0,60.783596,1018.95825,1020.7,1017.2,1008.04083,1009.75256,1006.1586,81.583336,100.0,0.0,13.442811,15.304012,10.996792
671,2021-11-02 00:00:00+00:00,3.0,22.6,11.65,15.629851,38697.836,0.0,12.594856,158.31764,28470.96,15.620834,25.56,2.1677604,12.51,82.75704,100.0,52.523506,1020.3625,1022.4,1018.6,1009.4462,1011.3832,1007.90564,48.208332,100.0,0.0,13.498042,16.297747,10.66234
672,2021-11-03 00:00:00+00:00,3.0,25.35,11.1,16.432463,38590.83,0.0,13.896187,170.5378,33330.97,16.550001,26.64,2.5429978,13.89,79.542755,100.0,41.946415,1017.6126,1019.9,1015.2,1006.7591,1008.9234,1004.54407,5.4166665,100.0,0.0,13.901944,17.550379,10.669382
673,2021-11-04 00:00:00+00:00,3.0,25.6,12.7,17.332403,38485.203,0.0,11.753876,183.15788,32799.586,17.331251,24.119999,2.628048,13.68,77.07979,100.0,41.93312,1015.27905,1017.1,1012.5,1004.47955,1006.18164,1001.9343,35.875,100.0,0.0,14.30257,17.217426,12.658489
674,2021-11-05 00:00:00+00:00,3.0,28.4,12.7,17.517035,38380.086,0.0,13.755579,193.29314,37607.746,17.897915,26.28,2.8568678,14.53,69.01899,100.0,30.799171,1014.4209,1016.3,1012.5,1003.65063,1005.3602,1002.0461,15.166667,100.0,0.0,13.789678,17.629196,10.368123
675,2021-11-06 00:00:00+00:00,3.0,22.75,11.75,15.505094,38275.547,0.0,14.982228,220.94223,32646.477,15.587499,29.16,2.4517124,13.89,83.68602,100.0,45.596268,1016.72925,1017.9,1015.4,1005.8504,1006.8991,1004.74115,57.583332,100.0,0.0,13.497867,15.413319,11.701756
676,2021-11-07 00:00:00+00:00,3.0,22.5,11.3,14.76361,38171.703,0.0,11.480557,223.63145,33053.684,15.022916,23.039999,2.361138,13.69,82.7308,100.0,41.720585,1016.36676,1017.7,1014.3,1005.4703,1006.70886,1003.6561,58.791668,100.0,0.0,12.833679,14.814653,11.143731
677,2021-11-08 00:00:00+00:00,3.0,23.15,11.95,15.591912,38068.664,0.0,11.609651,174.57326,35370.55,15.910416,24.119999,2.3606887,13.18,79.02056,100.0,39.83913,1017.7876,1020.8,1015.9,1006.9094,1009.83075,1005.28796,63.041668,100.0,0.0,13.265546,14.856482,11.797531
678,2021-11-09 00:00:00+00:00,51.0,20.95,11.35,14.767028,37966.55,0.1,19.083395,236.11,34060.35,15.127083,33.839996,2.1688206,12.66,81.5976,99.02106,51.403797,1022.0,1024.1,1020.7,1011.0478,1013.11224,1009.69763,84.25,100.0,21.0,12.904119,14.709034,10.919979
679,2021-11-10 00:00:00+00:00,3.0,24.1,11.95,15.1382675,37865.477,0.0,16.563911,85.089806,31680.283,15.920833,27.359999,2.269731,12.79,77.23939,100.0,40.242413,1019.63763,1021.9,1017.2,1008.7398,1010.87305,1006.5096,43.208332,100.0,0.0,13.099155,16.030107,10.457364
680,2021-11-11 00:00:00+00:00,0.0,31.95,12.8,18.728083,37765.562,0.0,15.137133,322.76508,36638.945,21.035418,28.8,3.634892,13.96,35.46554,52.98758,15.272473,1017.425,1019.4,1015.5,1006.73486,1008.6336,1005.1696,0.0,0.0,0.0,11.754765,15.902868,7.7217293
681,2021-11-12 00:00:00+00:00,0.0,34.05,14.65,20.042154,37666.93,0.0,18.289274,278.50443,36329.78,22.652084,32.399998,4.008349,13.95,29.96449,45.839405,11.300187,1017.2249,1019.1,1015.5,1006.595,1008.46,1005.1357,1.7083334,18.0,0.0,12.0146,15.653423,8.507301
682,2021-11-13 00:00:00+00:00,0.0,32.8,14.7,19.93883,37569.703,0.0,10.464797,336.44775,36322.98,22.660414,19.8,3.5644047,14.02,25.87471,39.098824,10.507431,1016.9334,1018.3,1015.3,1006.3076,1007.8229,1005.01373,0.0,0.0,0.0,11.403324,14.67926,7.8671465
683,2021-11-14 00:00:00+00:00,0.0,33.1,19.4,21.201723,37474.0,0.0,15.256526,323.12985,36317.703,24.172918,24.48,4.0694833,14.02,22.117264,37.96534,10.998265,1017.6624,1019.4,1015.6,1007.0854,1008.77985,1005.2024,0.0,0.0,0.0,12.047534,14.989607,10.227209
684,2021-11-15 00:00:00+00:00,3.0,28.8,14.7,17.983892,37379.965,0.0,13.746156,160.0645,35966.07,20.072916,27.0,3.3598502,13.92,40.97499,85.30471,14.441701,1017.9749,1019.3,1016.5,1007.2475,1008.7129,1006.00366,28.708334,100.0,0.0,11.938285,15.367403,8.525317
685,2021-11-16 00:00:00+00:00,3.0,22.55,9.65,14.79886,37287.71,0.0,10.137692,142.61075,28126.457,15.370833,22.319998,2.1106265,12.12,77.63734,95.722374,48.513,1016.2083,1017.8,1013.7,1005.32684,1006.86676,1003.0788,83.875,100.0,0.0,12.667042,15.67556,9.150332
686,2021-11-17 00:00:00+00:00,3.0,22.7,10.5,14.831891,37197.38,0.0,15.856354,249.48662,35010.84,15.306249,31.68,2.2852788,12.84,79.46766,100.0,44.08411,1016.4958,1018.2,1014.9,1005.6087,1007.20154,1004.3019,63.541668,100.0,0.0,12.746361,15.143557,9.975614
687,2021-11-18 00:00:00+00:00,3.0,21.85,9.15,13.91615,37109.1,0.0,12.475961,215.23036,28796.965,14.333332,24.119999,1.8505988,10.39,83.615616,100.0,45.430424,1018.59576,1020.3,1017.1,1007.6496,1009.3662,1006.4195,98.208336,100.0,76.0,12.311893,14.869947,8.461682
688,2021-11-19 00:00:00+00:00,3.0,20.9,11.5,14.468735,37023.004,0.0,11.988594,214.50859,25286.166,14.643752,23.4,1.9031261,11.21,84.970795,100.0,49.37173,1018.6877,1020.5,1016.7,1007.7527,1009.4941,1005.92804,99.291664,100.0,91.0,12.80359,14.710859,11.407429
689,2021-11-20 00:00:00+00:00,3.0,20.7,10.5,13.724879,36939.24,0.0,10.308831,339.2276,25200.0,14.202085,21.96,1.887719,11.46,79.6633,100.0,45.795967,1017.86255,1019.6,1016.2,1006.91943,1008.64185,1005.5147,87.958336,100.0,1.0,11.776726,14.162924,9.300036
690,2021-11-21 00:00:00+00:00,0.0,30.2,11.25,16.85361,36857.938,0.0,14.658676,41.873405,35403.86,20.372917,23.039999,3.9566197,13.47,26.65355,79.21093,6.744542,1017.9709,1019.2,1016.6,1007.25146,1008.6437,1006.245,0.0,0.0,0.0,9.323536,12.6732235,6.5746365
691,2021-11-22 00:00:00+00:00,3.0,29.1,11.2,15.813442,36779.234,0.0,12.7279215,31.36322,29969.34,19.85,19.08,3.7131298,12.49,16.978836,27.172531,7.7057495,1017.12085,1018.9,1014.0,1006.39166,1008.26544,1003.4714,35.708332,100.0,0.0,7.905825,11.464031,3.8484058
692,2021-11-23 00:00:00+00:00,3.0,24.25,13.95,15.328366,36703.28,0.0,13.089354,125.857285,34848.53,18.058332,26.28,3.438501,12.87,38.85841,91.274315,21.500586,1014.22076,1015.6,1012.3,1003.4605,1004.7743,1001.69507,42.541668,100.0,0.0,10.381249,13.654375,6.5574875
693,2021-11-24 00:00:00+00:00,3.0,23.55,10.3,13.702305,36629.805,0.0,30.190672,329.71646,34828.55,15.891665,47.16,3.126648,12.65,57.66827,93.66751,9.525854,1017.6999,1021.4,1015.0,1006.82196,1010.5369,1004.0267,17.041666,100.0,0.0,10.659108,14.663929,4.835988
694,2021-11-25 00:00:00+00:00,0.0,25.4,10.7,12.597031,36558.074,0.0,29.951483,316.38123,34819.207,18.349998,50.039997,5.3642526,13.46,9.337272,16.259838,4.0378633,1023.28754,1025.4,1021.8,1012.44025,1014.5776,1011.0241,1.4166666,18.0,0.0,5.6143246,8.226542,2.346202
695,2021-11-26 00:00:00+00:00,3.0,26.05,6.6,11.027322,36488.145,0.0,15.990646,16.460064,34831.414,15.187501,28.44,3.109218,13.11,15.617748,24.92185,4.5090475,1019.69574,1023.2,1016.4,1008.7659,1012.0176,1005.6454,13.125,83.0,0.0,4.7635374,10.196134,0.32848167
696,2021-11-27 00:00:00+00:00,0.0,26.0,11.3,14.401755,36420.105,0.0,9.511088,49.316113,34845.57,18.297918,19.44,3.3635087,12.79,17.263643,39.46983,7.7199106,1018.1209,1020.5,1016.8,1007.32684,1009.5112,1005.97833,1.9583334,14.0,0.0,7.1715455,12.278076,2.8088598
697,2021-11-28 00:00:00+00:00,0.0,27.95,11.4,15.149289,36354.05,0.0,9.47012,93.576256,34768.383,18.018751,18.72,2.839992,12.57,34.85908,77.74563,6.81831,1020.4499,1021.9,1018.5,1009.6203,1011.151,1007.9791,0.0,0.0,0.0,9.146099,12.707012,5.8037357
698,2021-11-29 00:00:00+00:00,0.0,27.4,14.55,16.917822,36290.074,0.0,9.726665,154.11977,34758.168,19.910416,14.759999,2.7787042,12.52,24.523703,48.470222,13.303602,1017.7498,1020.0,1015.5,1007.0198,1009.16833,1004.9478,0.0,0.0,0.0,9.520551,12.286907,6.5470495
699,2021-11-30 00:00:00+00:00,0.0,26.0,11.45,15.121789,36228.266,0.0,11.183201,124.75603,34749.844,17.70833,21.24,2.786893,12.4,35.23304,49.41875,21.530123,1016.46246,1018.2,1014.7,1005.6648,1007.2811,1004.173,0.0,0.0,0.0,9.663066,14.524178,5.3054485
700,2021-12-01 00:00:00+00:00,3.0,27.2,10.95,15.895164,36168.707,0.0,11.792404,175.23634,34743.375,18.089582,23.039999,2.6711502,12.45,39.91866,79.55766,17.883297,1017.5916,1019.5,1016.4,1006.7955,1008.61975,1005.7621,9.375,80.0,0.0,10.475057,15.274433,4.942498
701,2021-12-02 00:00:00+00:00,3.0,23.05,7.45,12.665675,36111.508,0.0,13.551501,195.9778,34738.746,13.516665,25.199999,1.9503088,11.99,80.93724,100.0,36.81915,1019.2126,1020.9,1017.4,1008.2281,1009.9069,1006.7147,49.958332,100.0,0.0,11.180865,14.316692,7.371258
702,2021-12-03 00:00:00+00:00,3.0,19.8,9.25,11.838638,36056.754,0.0,14.021525,204.16658,27517.44,12.549999,27.0,1.6020175,10.2,86.38754,100.0,46.801685,1019.39996,1020.9,1017.0,1008.3777,1009.81274,1006.2753,62.875,100.0,0.0,10.924407,13.337393,9.184029
703,2021-12-04 00:00:00+00:00,3.0,17.6,9.75,11.753906,36004.53,0.0,11.183201,207.97935,27523.592,12.4020815,23.039999,1.5334725,10.16,88.913185,100.0,62.069927,1020.51263,1022.3,1019.1,1009.47296,1011.24963,1008.20154,64.708336,100.0,0.0,11.092395,13.101215,9.550692
704,2021-12-05 00:00:00+00:00,3.0,19.35,10.3,12.262119,35954.95,0.0,8.699793,82.91489,23935.703,13.083335,15.84,1.471292,9.73,80.3341,96.085205,51.67036,1018.92926,1021.2,1016.4,1007.93243,1010.07245,1005.63434,52.916668,100.0,0.0,10.827546,13.992607,9.00999
705,2021-12-06 00:00:00+00:00,3.0,21.15,8.5,12.641083,35908.098,0.0,10.446206,147.398,34066.883,14.068751,21.24,2.064911,11.71,67.905716,97.413216,45.682987,1017.05,1018.9,1015.6,1006.1101,1007.9067,1004.7557,57.833332,100.0,0.0,10.45888,14.725878,4.503648
706,2021-12-07 00:00:00+00:00,55.0,18.45,12.35,13.535523,35864.062,2.5,10.703569,67.902054,19626.537,14.450001,20.16,1.4124603,7.98,77.30631,97.08844,56.867832,1015.125,1016.2,1013.6,1004.2216,1005.2137,1002.86206,69.75,100.0,11.0,11.834868,13.258038,10.598054
707,2021-12-08 00:00:00+00:00,51.0,19.55,9.55,13.427348,35822.938,0.1,13.53236,266.8967,34345.34,14.208333,25.919998,1.75707,10.68,79.331924,95.856766,52.776173,1016.44165,1018.4,1014.8,1005.51465,1007.51855,1003.9961,30.375,100.0,0.0,11.813792,13.80349,8.512826
708,2021-12-09 00:00:00+00:00,61.0,14.75,10.15,11.561848,35784.824,6.2000003,23.023119,265.45398,8504.317,12.864582,37.44,0.7775972,2.55,83.58652,99.67402,58.983963,1013.93756,1015.9,1011.8,1002.9875,1004.9608,1000.9442,80.791664,100.0,2.0,11.087376,13.241116,6.3451385
709,2021-12-10 00:00:00+00:00,3.0,16.3,6.8,9.1031885,35749.812,0.0,18.374111,35.557312,34737.285,11.304166,31.68,1.6060642,9.28,70.168755,95.639946,49.796154,1018.8543,1022.0,1015.6,1007.78986,1010.77515,1004.516,46.833332,100.0,0.0,8.086566,10.706427,5.3595095
710,2021-12-11 00:00:00+00:00,3.0,19.0,3.85,8.122756,35717.996,0.0,15.484185,19.265331,34776.484,10.825,23.4,1.9920226,11.95,55.166622,78.56171,22.0246,1021.05414,1023.5,1018.4,1009.9446,1012.49805,1007.6075,24.25,99.0,0.0,5.823461,9.62334,1.6133585
711,2021-12-12 00:00:00+00:00,3.0,18.25,4.8,8.561208,35689.457,0.0,12.879752,85.54458,34789.1,11.379167,22.319998,2.2090082,11.91,52.6223,90.66567,32.446026,1017.2043,1019.0,1015.0,1006.1595,1007.8338,1004.1845,14.625,100.0,0.0,6.3929925,9.921728,1.1623898
712,2021-12-13 00:00:00+00:00,53.0,14.6,6.35,8.095912,35664.297,1.8000001,18.792551,109.3818,9243.468,10.618751,31.319998,1.1823512,4.87,76.78339,94.723915,55.533566,1018.61664,1020.3,1017.7,1007.52856,1009.2903,1006.45703,93.166664,100.0,6.0,8.178819,10.9614105,3.927143
713,2021-12-14 00:00:00+00:00,63.0,14.35,4.95,8.154127,35642.44,33.5,35.90086,188.66936,7662.952,10.900001,57.96,0.4965895,1.88,90.5866,96.49492,79.775566,1014.28326,1019.2,1010.7,1003.25323,1007.8822,999.82434,71.75,100.0,2.0,9.869121,13.777119,4.2947464
714,2021-12-15 00:00:00+00:00,3.0,12.8,1.55,4.0747867,35623.617,0.0,9.3876505,31.383179,33431.406,6.5750003,18.0,1.430075,11.12,77.39872,98.576996,46.963467,1022.73755,1025.4,1020.0,1011.4436,1014.1696,1008.6549,64.833336,100.0,0.0,4.271943,7.570053,0.98614264
715,2021-12-16 00:00:00+00:00,53.0,13.1,3.95,6.8208385,35607.812,0.9,10.853866,80.122215,23098.918,8.839583,17.64,1.2146066,8.25,74.15875,91.70492,58.70562,1020.46246,1023.7,1017.7,1009.28394,1012.3239,1006.6762,72.208336,100.0,0.0,6.2800393,10.278264,1.752603
716,2021-12-17 00:00:00+00:00,2.0,17.9,5.7,9.392207,35595.023,0.0,10.163227,67.9127,34881.93,11.060417,16.919998,1.7420812,11.84,72.6307,87.1058,45.638817,1019.80005,1021.6,1018.6,1008.7153,1010.28564,1007.4087,2.5416667,50.0,0.0,8.102325,12.770599,2.5611534
717,2021-12-18 00:00:00+00:00,0.0,18.75,2.85,6.7239842,35585.254,0.0,7.5685663,19.825079,34906.94,9.387501,11.879999,1.870771,12.1,57.90228,76.12087,27.59043,1020.90826,1022.8,1019.1,1009.7439,1011.7651,1008.07086,1.375,12.0,0.0,4.9824123,11.152846,-0.07905722
718,2021-12-19 00:00:00+00:00,3.0,17.35,6.55,9.631399,35578.496,0.0,10.144082,66.13985,34933.906,11.916667,18.359999,2.0556614,11.78,56.651737,82.64346,34.5175,1019.70844,1021.2,1018.5,1008.65845,1010.21893,1007.39996,11.166667,96.0,0.0,7.4440174,12.366833,2.3022642
719,2021-12-20 00:00:00+00:00,3.0,17.8,7.35,9.852317,35574.746,0.0,7.6367526,210.96358,30639.098,11.900001,12.599999,1.742474,10.7,56.447872,74.75301,39.928253,1020.2085,1022.4,1018.0,1009.15216,1011.3234,1007.0306,70.458336,100.0,0.0,7.329558,11.379696,3.594635
720,2021-12-21 00:00:00+00:00,3.0,19.6,9.15,11.274909,35574.0,0.0,9.387651,165.96373,19016.953,13.397918,13.32,1.6866264,8.54,53.799747,79.28458,26.894905,1019.679,1020.7,1018.2,1008.68604,1009.7042,1007.36346,95.208336,100.0,30.0,8.214389,11.92786,5.542636
721,2021-12-22 00:00:00+00:00,3.0,18.9,9.25,11.84954,35576.246,0.0,11.212135,223.17587,23362.793,13.435416,18.72,1.5704538,8.76,62.83923,87.41495,38.08679,1018.17084,1020.1,1015.4,1007.19574,1009.15704,1004.5207,99.666664,100.0,97.0,9.326698,12.10531,6.45086
722,2021-12-23 00:00:00+00:00,63.0,13.5,11.3,10.276644,35581.484,42.699997,21.26744,95.468216,0.0,11.983335,39.96,0.39203095,1.21,88.94626,93.913475,78.32155,1015.19586,1017.6,1011.2,1004.19867,1006.58295,1000.22565,100.0,100.0,100.0,10.765866,11.819355,9.054322
723,2021-12-24 00:00:00+00:00,63.0,15.05,11.45,11.34531,35589.69,30.2,20.16,177.16592,18588.246,12.5625,36.36,1.0589174,7.14,88.20474,96.113785,69.571526,1011.50415,1015.7,1008.1,1000.56885,1004.6787,997.1802,82.75,100.0,14.0,11.238556,12.343763,10.449863
724,2021-12-25 00:00:00+00:00,53.0,13.5,8.65,9.4618635,35600.875,3.5,15.986593,159.38333,11369.852,11.033333,29.16,0.8470951,4.88,87.47442,95.37866,65.00924,1016.0125,1017.6,1014.6,1004.9698,1006.566,1003.59247,91.125,100.0,33.0,9.665043,10.727842,8.084801
725,2021-12-26 00:00:00+00:00,63.0,14.4,5.6,8.136642,35615.0,5.2,19.008545,254.3577,35079.418,10.0375,33.839996,1.5621561,11.4,79.255486,94.13417,50.512356,1017.3584,1019.6,1014.1,1006.2615,1008.4298,1003.0674,23.208334,100.0,0.0,7.8246403,10.015902,4.453907
726,2021-12-27 00:00:00+00:00,53.0,12.7,5.7,6.7302856,35632.074,2.1,14.33234,147.57898,17888.422,9.010416,28.8,1.0436498,6.51,80.33978,95.36429,62.84819,1016.1209,1019.6,1012.2,1004.99756,1008.3138,1001.073,59.5,100.0,14.0,7.0044594,9.495329,3.8405876
727,2021-12-28 00:00:00+00:00,3.0,12.65,4.3,6.0310555,35652.07,0.0,7.653705,31.429556,32795.99,8.016666,16.919998,1.2932595,9.68,80.71908,97.289116,55.180096,1011.1292,1012.2,1009.2,1000.02124,1001.07153,998.2762,30.666666,100.0,0.0,6.0082417,7.99658,3.6459122
728,2021-12-29 00:00:00+00:00,63.0,10.55,4.85,5.6756954,35674.98,17.6,19.559633,96.1035,1841.4363,8.433334,30.960001,0.49926952,1.86,87.64722,95.74382,76.201324,1012.0083,1013.4,1011.2,1000.9078,1002.34796,1000.1544,82.25,100.0,21.0,7.1519694,9.801212,4.077173
729,2021-12-30 00:00:00+00:00,65.0,11.95,9.65,8.649505,35700.78,82.99999,21.96,89.69624,0.0,10.854167,37.079998,0.39660326,1.62,92.86048,96.10629,86.39851,1010.79175,1012.5,1009.5,999.7988,1001.5021,998.5115,97.166664,100.0,69.0,10.055116,11.186879,8.798006
730,2021-12-31 00:00:00+00:00,2.0,15.6,8.85,10.411584,35729.457,0.0,10.144082,295.20102,35195.645,11.575001,19.8,1.5130687,10.99,80.162575,92.87536,64.64623,1007.1833,1010.1,1005.2,996.2566,999.0858,994.42053,22.041666,70.0,0.0,9.449151,12.235243,5.4062166
731,2022-01-01 00:00:00+00:00,2.0,15.1,3.65,6.8072495,35760.992,0.0,11.183201,5.105571,35227.562,8.906251,18.359999,1.615668,11.65,73.60021,94.25697,51.7727,1018.75415,1025.3,1011.1,1007.5971,1013.9429,999.9949,23.666666,69.0,0.0,6.1628413,9.780796,1.8227506
732,2022-01-02 00:00:00+00:00,0.0,15.75,3.6,5.9601464,35795.363,0.0,9.449572,10.738837,35262.32,8.620833,16.56,1.783529,12.15,63.24803,79.58874,38.854794,1024.2167,1026.8,1021.3,1012.9878,1015.61743,1010.17346,0.083333336,2.0,0.0,4.933804,10.423123,1.3057141
733,2022-01-03 00:00:00+00:00,3.0,16.0,5.85,7.2914624,35832.74,0.0,12.594856,322.52365,35300.465,10.004168,21.599998,1.9577645,12.31,55.624577,87.95303,34.909557,1022.64166,1024.1,1021.6,1011.4854,1012.764,1010.4093,18.083334,99.0,0.0,5.603327,9.919727,1.7209129
734,2022-01-04 00:00:00+00:00,3.0,14.4,4.65,6.0216827,35873.465,0.0,11.013882,81.76446,35342.023,8.466667,20.519999,1.5525391,11.72,74.95725,88.15376,60.77432,1023.3,1025.6,1021.1,1012.07587,1014.3833,1010.0702,52.5,100.0,0.0,5.92317,10.098559,2.9158401
735,2022-01-05 00:00:00+00:00,1.0,17.85,6.7,9.009752,35917.445,0.0,9.028754,74.98659,35386.863,11.085416,17.28,1.8286924,11.93,67.31629,82.403,53.044273,1018.54565,1021.9,1015.6,1007.4753,1010.6465,1004.75757,3.375,34.0,0.0,7.6331553,13.291124,3.868514
736,2022-01-06 00:00:00+00:00,2.0,20.15,8.5,12.79113,35964.574,0.0,9.504273,169.21582,35434.867,14.349998,12.959999,2.0710294,12.06,60.612583,91.31675,38.84948,1014.5083,1016.5,1011.8,1003.6069,1005.63885,1000.95917,8.833333,77.0,0.0,9.952582,15.573673,5.309019
737,2022-01-07 00:00:00+00:00,3.0,16.9,7.75,10.12522,36014.742,0.0,10.823973,119.43435,34383.63,11.375,20.880001,1.555413,11.43,86.734215,98.67038,72.38322,1013.5168,1015.0,1012.3,1002.5132,1004.0572,1001.3678,43.0,100.0,0.0,9.908021,13.768597,6.0755787
738,2022-01-08 00:00:00+00:00,3.0,15.95,9.25,11.304849,36067.848,0.0,7.4128532,25.57443,33023.2,12.139584,14.04,1.3216246,8.96,84.220566,98.33782,65.08449,1017.4126,1021.4,1014.7,1006.39655,1010.235,1003.6063,79.708336,100.0,0.0,10.371915,11.95199,7.8910503
739,2022-01-09 00:00:00+00:00,3.0,20.4,4.45,9.498658,36123.78,0.0,8.14587,4.2998,35596.773,11.53125,12.599999,2.048242,12.51,63.800762,84.86467,29.811434,1023.6418,1027.1,1021.4,1012.532,1015.835,1010.0901,39.333332,100.0,0.0,7.491303,15.18959,2.461666
740,2022-01-10 00:00:00+00:00,3.0,21.45,5.75,9.906176,36182.438,0.0,10.587918,15.977811,26033.803,12.293752,15.84,2.0836177,10.17,57.110836,78.49645,40.872124,1025.7584,1027.4,1023.4,1014.6548,1016.4036,1012.58856,97.541664,100.0,61.0,7.586016,13.67362,3.5316887
741,2022-01-11 00:00:00+00:00,1.0,21.6,5.25,9.9375305,36243.703,0.0,10.739832,14.568183,35718.523,12.372918,14.04,2.3962243,12.94,53.054783,72.46571,30.753527,1023.72095,1025.8,1020.8,1012.642,1014.7179,1010.07526,3.7083333,31.0,0.0,7.243918,15.240055,2.2814798
742,2022-01-12 00:00:00+00:00,3.0,22.65,8.25,12.243928,36307.484,0.0,9.0,19.290165,32207.6,14.447917,14.04,2.1242895,10.22,48.42549,63.915257,31.591652,1022.82916,1024.8,1020.7,1011.84015,1013.8633,1010.03937,66.833336,100.0,0.0,8.630179,15.23304,3.8577003
743,2022-01-13 00:00:00+00:00,3.0,20.2,12.15,13.908947,36373.664,0.0,11.457958,60.202503,10028.158,15.868752,17.28,1.7563833,6.3,51.147903,81.708466,28.540655,1021.90405,1023.9,1019.7,1010.98145,1012.8957,1008.8493,98.833336,100.0,72.0,10.135873,12.661795,7.674839
744,2022-01-14 00:00:00+00:00,3.0,22.7,10.35,13.523236,36442.14,0.0,9.178235,12.858081,35829.867,15.452084,19.08,2.3927827,12.28,54.14072,82.94793,26.645315,1019.2542,1021.4,1017.4,1008.34296,1010.32294,1006.77576,88.541664,100.0,1.0,9.998938,15.246836,6.452283
745,2022-01-15 00:00:00+00:00,61.0,18.1,9.45,11.427578,36512.812,3.6999998,13.363711,344.2404,0.0,13.381249,25.56,1.123407,2.64,62.408066,90.27613,39.962208,1020.68756,1023.0,1019.1,1009.6838,1011.95544,1008.09753,97.541664,100.0,65.0,9.307227,13.568094,5.817667
746,2022-01-16 00:00:00+00:00,3.0,22.2,10.8,14.447941,36585.574,0.0,10.948973,64.62846,31719.37,15.995835,19.8,2.190618,10.29,61.058838,89.64769,27.8321,1017.97095,1020.4,1016.3,1007.0938,1009.35077,1005.59375,88.291664,100.0,41.0,11.261924,13.604773,8.331282
747,2022-01-17 00:00:00+00:00,63.0,17.35,12.2,14.077759,36660.32,10.100001,12.229406,109.21986,9468.905,14.500003,23.039999,0.92574537,4.59,84.03214,96.75961,69.15059,1017.8833,1019.7,1016.7,1006.9526,1008.78217,1005.8048,93.583336,100.0,29.0,12.6751175,14.204657,11.148567
748,2022-01-18 00:00:00+00:00,53.0,18.1,10.7,13.599911,36736.953,1.5000001,15.778516,255.55594,35566.72,13.889584,27.359999,1.5667633,9.95,86.843864,96.437965,66.22494,1018.2,1020.2,1017.0,1007.2424,1009.1453,1006.2097,48.708332,100.0,3.0,12.352443,14.174339,10.20178
749,2022-01-19 00:00:00+00:00,3.0,18.15,9.1,12.715119,36815.37,0.0,9.83268,336.63083,28800.0,13.1125,18.0,1.5510502,9.68,86.41781,99.66952,66.203766,1020.91254,1022.6,1019.8,1009.89594,1011.59814,1008.73975,44.5,100.0,0.0,11.543672,14.130089,8.697624
750,2022-01-20 00:00:00+00:00,0.0,22.55,7.1,11.749291,36895.473,0.0,12.10157,357.10144,35938.938,13.608335,20.16,2.3505802,13.38,59.811222,83.366135,34.00255,1022.6999,1025.1,1021.1,1011.68066,1014.1657,1010.2065,0.0,0.0,0.0,8.953849,13.740042,4.318487
751,2022-01-21 00:00:00+00:00,2.0,20.9,7.7,11.657753,36977.164,0.0,12.144331,76.53161,35963.35,14.129165,21.599998,2.5284982,13.4,49.615078,66.21223,25.802036,1016.8084,1021.3,1013.8,1005.8732,1010.14594,1003.11816,6.4166665,63.0,0.0,8.491654,14.139145,4.1943884
752,2022-01-22 00:00:00+00:00,1.0,21.3,8.4,9.636491,37060.348,0.0,23.617756,311.1248,35989.57,14.064582,37.8,3.9729707,13.81,35.30549,56.71795,19.970627,1016.9375,1019.5,1015.6,1005.99854,1008.3165,1004.6027,3.75,31.0,0.0,6.6828513,10.906805,4.141182
753,2022-01-23 00:00:00+00:00,0.0,23.3,6.65,10.739608,37145.344,0.0,17.10284,318.93985,36000.0,13.862502,29.88,3.169592,13.75,45.280323,66.979576,20.872486,1020.38336,1022.4,1019.3,1009.3977,1011.4976,1008.42,0.0,0.0,0.0,7.456552,11.718372,3.5628567
754,2022-01-24 00:00:00+00:00,0.0,22.05,7.5,10.978391,37232.938,0.0,12.0694,83.99109,36000.0,13.416664,22.319998,2.6709104,13.91,52.6488,92.03949,27.469463,1017.7874,1020.6,1015.2,1006.8135,1009.4063,1004.39716,0.0,0.0,0.0,8.033101,12.681313,3.569378
755,2022-01-25 00:00:00+00:00,3.0,19.9,9.4,11.93536,37323.004,0.0,9.028754,125.75406,35035.594,13.422916,19.44,2.2047465,13.87,65.298,85.008354,30.834269,1015.55005,1017.9,1013.8,1004.60236,1006.7872,1003.11285,26.708334,100.0,0.0,9.428788,12.037315,7.3066273
756,2022-01-26 00:00:00+00:00,3.0,21.2,4.9,9.334823,37415.402,0.0,10.24578,24.990273,36000.0,12.125,13.679999,2.377417,14.27,44.797962,79.57385,12.096581,1019.12085,1021.1,1017.5,1008.08246,1010.1066,1006.821,31.916666,100.0,0.0,5.808806,10.459366,1.0848026
757,2022-01-27 00:00:00+00:00,0.0,21.55,5.0,8.875245,37509.992,0.0,10.233123,12.2985935,36000.0,12.095833,14.4,2.6410065,14.7,38.51274,58.86159,11.681099,1021.4416,1023.3,1020.4,1010.37665,1012.079,1009.099,0.041666668,1.0,0.0,5.050663,9.343753,1.0715489
758,2022-01-28 00:00:00+00:00,3.0,23.05,5.95,9.618795,37606.633,0.0,12.682018,17.956284,33099.906,13.577084,23.759998,3.3311837,13.06,28.50189,46.754364,10.944261,1023.1165,1025.3,1021.1,1012.0904,1014.38055,1010.33014,69.125,100.0,0.0,5.2429585,10.3368,1.287303
759,2022-01-29 00:00:00+00:00,3.0,21.2,6.1,9.120754,37705.188,0.0,9.178235,20.719725,9987.406,12.593751,28.44,2.1123729,7.69,32.82641,53.96967,10.377763,1019.9001,1022.4,1017.8,1008.8713,1011.18665,1007.0084,79.666664,100.0,0.0,5.0155406,9.273638,1.0390706
760,2022-01-30 00:00:00+00:00,1.0,22.2,5.55,9.268769,37805.52,0.0,15.629971,77.4712,36000.0,12.368751,28.8,3.057692,15.05,46.346313,71.95726,20.726704,1019.81665,1021.4,1018.2,1008.7801,1010.2373,1007.0203,3.25,37.0,0.0,6.4176106,12.063087,1.6093063
761,2022-01-31 00:00:00+00:00,3.0,18.1,6.4,9.921082,37907.5,0.0,11.090103,105.05929,28739.783,12.270835,18.359999,2.183244,11.13,57.509686,94.48379,38.33092,1018.75415,1021.9,1015.9,1007.72754,1010.8156,1004.8283,89.125,100.0,12.0,7.720897,11.413492,3.1194339
762,2022-02-01 00:00:00+00:00,3.0,18.65,7.55,11.09914,38010.99,0.0,12.0694,76.80939,35677.344,12.677083,23.759998,2.17461,13.39,72.49752,92.22681,41.336838,1012.3626,1015.5,1009.3,1001.42084,1004.4074,998.6129,45.291668,100.0,0.0,9.541486,11.733522,6.3233795
763,2022-02-02 00:00:00+00:00,0.0,18.95,4.35,8.067069,38115.867,0.0,14.003029,8.530828,36000.0,11.516666,24.48,2.950021,15.55,36.816113,86.42131,10.448386,1015.22504,1020.1,1012.4,1004.2065,1008.9435,1001.3277,0.0,0.0,0.0,4.5783486,7.8295135,-0.36164474
764,2022-02-03 00:00:00+00:00,2.0,19.0,4.45,8.076557,38222.004,0.0,10.44,323.3658,36000.0,11.664584,21.599998,2.9119093,15.34,30.99148,48.89601,14.81435,1022.4832,1025.7,1020.0,1011.3923,1014.4565,1008.8836,7.5833335,56.0,0.0,4.314314,8.478779,0.09026909
765,2022-02-04 00:00:00+00:00,0.0,21.1,4.65,8.540963,38329.277,0.0,13.830749,321.96817,36218.984,12.341666,28.44,3.3269498,15.62,31.198547,51.70527,10.950448,1026.7916,1029.4,1024.8,1015.678,1018.3934,1013.96576,0.0,0.0,0.0,4.49436,8.157943,0.61925507
766,2022-02-05 00:00:00+00:00,1.0,22.15,3.45,8.184672,38437.555,0.0,15.192682,304.6337,36187.26,11.766666,28.8,3.139231,16.07,32.19493,54.11442,10.423257,1022.5542,1026.1,1019.8,1011.46313,1014.8323,1008.9631,1.625,39.0,0.0,4.1059566,8.364059,-0.5177016
767,2022-02-06 00:00:00+00:00,0.0,25.25,6.15,10.629878,38546.727,0.0,15.042659,156.0373,36449.87,14.131249,28.44,3.5235453,16.0,31.93397,48.127758,10.408522,1020.9875,1023.2,1019.6,1010.0041,1012.0935,1008.9385,0.0,0.0,0.0,5.914373,10.407733,1.4470148
768,2022-02-07 00:00:00+00:00,0.0,25.45,6.8,11.380755,38656.67,0.0,13.684735,323.6155,36417.96,14.864585,28.8,3.5421164,16.01,30.277777,50.02978,10.446142,1023.96655,1026.1,1022.0,1012.97955,1015.3415,1011.32043,0.0,0.0,0.0,6.270315,10.2468,2.3270798
769,2022-02-08 00:00:00+00:00,3.0,26.25,6.75,12.261581,38767.273,0.0,14.77755,315.79932,36386.223,15.752083,28.08,3.8418057,15.98,30.712494,49.460873,10.969571,1021.04584,1023.5,1018.6,1010.12335,1012.39404,1007.991,40.5,100.0,0.0,7.084396,10.900573,2.26478
770,2022-02-09 00:00:00+00:00,0.0,30.7,9.6,14.96714,38878.42,0.0,17.429354,320.29013,36647.203,18.385418,28.44,4.265073,16.62,28.14902,45.585884,7.4066052,1017.61676,1019.5,1015.2,1006.8266,1008.77454,1004.8065,0.0,0.0,0.0,8.343352,12.95812,4.167201
771,2022-02-10 00:00:00+00:00,0.0,31.05,12.55,16.838312,38989.996,0.0,21.38897,331.87634,36907.26,20.291666,36.36,4.851421,16.5,27.013468,44.931515,11.013086,1016.95,1019.0,1015.4,1006.2395,1008.42114,1004.9459,0.0,0.0,0.0,10.044927,14.061052,5.5464525
772,2022-02-11 00:00:00+00:00,0.0,29.55,11.95,16.372423,39101.895,0.0,12.387348,28.926441,36875.367,18.985415,24.119999,3.6816616,16.49,32.846725,46.88589,14.205745,1015.71246,1017.5,1014.1,1004.96747,1006.7701,1003.54034,0.0,0.0,0.0,9.903931,13.970491,6.2743654
773,2022-02-12 00:00:00+00:00,0.0,31.6,10.05,17.0784,39214.48,0.0,11.525623,42.52696,37134.348,20.027084,21.599998,3.9588687,16.98,28.436813,49.541096,7.294839,1018.3792,1020.9,1016.0,1007.64166,1009.97314,1005.0521,1.5833334,17.0,0.0,9.595746,14.031477,5.047817
774,2022-02-13 00:00:00+00:00,2.0,30.6,13.2,17.507244,39328.656,0.0,19.803272,343.3737,37392.34,20.758337,33.12,4.349421,17.15,24.019707,43.032185,8.197772,1020.82916,1023.0,1019.0,1010.0953,1012.3955,1008.4633,6.375,51.0,0.0,9.720653,12.38616,6.593914
775,2022-02-14 00:00:00+00:00,3.0,26.35,12.5,15.086335,39444.324,0.0,14.05845,176.94719,36780.633,17.51875,27.72,3.75211,17.06,42.899174,98.04903,15.262151,1016.9958,1020.3,1013.7,1006.1851,1009.32477,1002.82385,28.583334,100.0,0.0,10.130287,13.846739,6.7493114
776,2022-02-15 00:00:00+00:00,53.0,16.55,8.75,10.24341,39561.37,2.0,24.18707,115.285706,25200.0,12.743751,42.48,2.0340981,10.29,73.34623,98.695595,37.27103,1010.63745,1014.2,1006.5,999.71796,1003.2334,995.7679,86.208336,100.0,23.0,9.853473,12.326649,5.0020294
777,2022-02-16 00:00:00+00:00,2.0,18.55,4.7,8.616929,39679.67,0.0,15.192682,123.40785,37295.145,11.2375,27.359999,2.887375,17.27,62.57652,84.13885,37.343967,1014.8625,1020.0,1011.3,1003.8377,1008.90326,1000.1553,7.0416665,78.0,0.0,7.2142434,11.811129,3.047782
778,2022-02-17 00:00:00+00:00,0.0,21.0,6.75,10.633412,39799.12,0.0,16.434305,297.97928,38080.473,13.554168,30.599998,3.4605014,17.94,47.256947,84.57217,16.35577,1023.19165,1025.4,1020.5,1012.165,1014.5314,1009.3762,0.9583333,10.0,0.0,7.180147,9.2462015,2.9718046
779,2022-02-18 00:00:00+00:00,2.0,23.8,5.45,10.459319,39919.594,0.0,14.408997,351.1458,38019.453,13.668751,29.519999,3.6037357,18.01,37.328083,60.006916,10.177025,1022.6958,1024.7,1020.2,1011.6766,1013.4777,1009.48694,5.625,50.0,0.0,6.0982966,9.367443,1.870779
780,2022-02-19 00:00:00+00:00,3.0,25.45,10.4,13.831241,40040.98,0.0,15.629971,293.9625,36178.37,16.595833,30.239998,3.700028,17.87,37.179577,77.428986,11.492124,1018.0791,1021.2,1015.0,1007.222,1010.0959,1004.30554,34.875,100.0,0.0,8.681928,12.136801,5.258007
781,2022-02-20 00:00:00+00:00,3.0,19.75,9.05,11.75103,40163.176,0.0,14.565548,164.97743,28800.0,13.108333,29.88,2.5373197,15.75,78.15012,100.0,46.78784,1015.08325,1016.5,1013.4,1004.12885,1005.45483,1002.51764,73.75,100.0,0.0,10.595273,13.111376,7.4335556
782,2022-02-21 00:00:00+00:00,53.0,15.9,9.55,10.150577,40286.062,0.7,18.947083,174.55977,25977.447,12.306251,34.92,2.1674297,11.82,71.030495,96.05171,40.25624,1014.32086,1015.9,1013.3,1003.3448,1004.8361,1002.36145,71.25,100.0,8.0,9.124866,10.305989,7.9024954
783,2022-02-22 00:00:00+00:00,53.0,15.85,8.95,7.950559,40409.543,0.90000004,32.696644,231.55072,37462.332,11.722917,55.44,2.8537917,15.2,61.920055,79.27722,41.254738,1014.2668,1015.8,1012.8,1003.269,1004.83887,1001.8293,45.125,100.0,0.0,7.700941,9.248376,5.4997263
784,2022-02-23 00:00:00+00:00,51.0,14.1,3.6,4.894974,40533.5,0.2,23.051247,323.62683,38725.06,8.764583,42.48,3.1566288,17.14,51.469604,90.23896,15.086283,1015.4709,1021.2,1012.8,1004.34424,1009.86194,1001.5431,31.0,95.0,0.0,3.8049524,5.36467,1.1748457
785,2022-02-24 00:00:00+00:00,0.0,16.7,0.9,4.6353087,40657.84,0.0,19.0392,306.7902,39308.39,8.245833,34.56,3.2319827,19.29,39.012585,64.50215,10.18812,1023.61255,1026.5,1021.6,1012.3733,1015.2637,1010.21686,0.0,0.0,0.0,2.0501835,5.694007,-2.1415982
786,2022-02-25 00:00:00+00:00,0.0,18.95,3.85,7.245712,40782.453,0.0,14.57889,326.95184,39606.133,10.7,27.0,3.3934484,19.12,35.172344,60.498158,12.704714,1022.3916,1023.7,1020.4,1011.263,1012.6825,1009.5289,0.0,0.0,0.0,3.8029559,7.9115934,0.28769064
787,2022-02-26 00:00:00+00:00,3.0,21.55,3.65,8.623406,40907.25,0.0,16.215992,323.9725,37028.355,12.216666,27.359999,3.66952,19.0,26.674704,42.039158,9.08292,1024.5751,1026.5,1023.0,1013.48,1015.5282,1011.62976,21.583334,100.0,0.0,3.8823025,7.7830105,-0.9368136
788,2022-02-27 00:00:00+00:00,3.0,25.4,5.55,10.552204,41032.113,0.0,19.353138,314.23618,39915.24,14.166668,32.760002,3.8604045,19.08,24.96747,41.39943,4.6447306,1023.96246,1026.1,1020.9,1012.9475,1014.99567,1010.15424,27.458334,100.0,0.0,4.886225,9.524076,0.29061985
789,2022-02-28 00:00:00+00:00,0.0,30.7,7.8,14.382289,41156.957,0.0,15.580141,230.01335,40491.85,17.997917,28.08,4.5382066,19.84,18.821157,30.154621,5.6810803,1019.25006,1022.5,1016.1,1008.42706,1011.36993,1005.689,0.375,9.0,0.0,6.8576183,11.687159,1.1019478
790,2022-03-01 00:00:00+00:00,0.0,30.8,9.55,14.631438,41281.68,0.0,20.456745,214.35448,40784.867,18.295834,37.44,4.936892,20.26,21.625391,34.343555,5.4266334,1017.40845,1018.6,1015.5,1006.61786,1007.72327,1005.0483,0.0,0.0,0.0,7.514053,11.648758,2.8591423
791,2022-03-02 00:00:00+00:00,3.0,29.25,13.65,16.515024,41406.184,0.0,13.608762,148.93176,40021.285,20.004166,28.08,5.0169363,19.87,21.470331,58.5065,8.791687,1015.70416,1018.6,1013.5,1004.99713,1007.66003,1002.9606,43.208332,100.0,0.0,8.924829,13.199263,5.6919136
792,2022-03-03 00:00:00+00:00,51.0,22.55,10.6,13.348428,41530.37,0.70000005,18.919704,136.67549,39671.215,15.358333,35.64,3.5339918,18.54,62.930634,79.49609,34.00255,1013.01245,1014.6,1011.1,1002.16455,1003.67285,1000.4755,74.25,100.0,0.0,10.987583,13.916456,7.868497
793,2022-03-04 00:00:00+00:00,63.0,17.85,9.95,11.768593,41654.594,10.9,24.967499,210.00667,37095.75,13.652084,43.92,2.567804,14.88,74.77961,90.25071,48.209156,1013.9875,1017.4,1011.5,1003.0664,1006.35077,1000.4821,65.25,100.0,0.0,10.786034,11.94278,8.432699
794,2022-03-05 00:00:00+00:00,51.0,15.7,8.5,8.809613,41779.7,1.1,25.764534,258.99646,39421.75,11.797915,47.519997,2.9050124,16.39,63.090183,90.94342,35.254436,1017.0542,1019.1,1015.6,1006.029,1007.92505,1004.5025,40.875,100.0,0.0,7.8117003,9.358665,4.2685127
795,2022-03-06 00:00:00+00:00,0.0,17.4,4.3,7.900675,41905.62,0.0,18.391735,14.45252,41421.445,10.597917,29.16,3.2581646,19.9,59.826153,86.22763,34.94043,1022.0208,1023.8,1019.5,1010.8936,1012.8023,1008.32446,2.0416667,11.0,0.0,6.335804,9.555102,2.952444
796,2022-03-07 00:00:00+00:00,1.0,22.35,5.55,10.232757,42032.277,0.0,18.844202,100.61991,41548.266,12.706249,33.12,3.7123225,20.86,53.331005,80.84282,11.563947,1022.60004,1024.7,1019.8,1011.5457,1013.5224,1009.07495,2.4166667,38.0,0.0,7.075659,10.432976,3.6212177
797,2022-03-08 00:00:00+00:00,0.0,21.7,4.55,9.549069,42159.566,0.0,19.469975,256.46405,41675.715,12.522916,33.839996,3.8944275,21.09,43.3165,70.87347,12.843564,1019.6834,1022.3,1016.2,1008.653,1011.2176,1005.381,0.25,5.0,0.0,5.779982,9.153628,1.6540785
798,2022-03-09 00:00:00+00:00,0.0,21.15,8.05,11.234122,42287.406,0.0,15.484185,125.67932,41803.703,13.864585,29.88,3.9826386,20.65,52.8239,91.44035,35.407394,1014.7959,1016.6,1012.2,1003.87164,1005.7002,1001.50244,0.20833333,5.0,0.0,8.606655,12.826014,3.4103003
799,2022-03-10 00:00:00+00:00,51.0,21.35,9.3,12.178772,42415.707,0.1,24.535526,211.01233,41419.832,14.025001,44.639996,3.3070385,19.4,69.29697,96.7332,32.845936,1014.8418,1020.0,1012.4,1003.92413,1008.88763,1001.3589,26.291666,100.0,0.0,10.394309,12.35416,5.779188
800,2022-03-11 00:00:00+00:00,0.0,23.75,6.3,10.543195,42544.38,0.0,15.496736,321.95288,42060.934,14.2375,29.16,4.423535,21.76,23.421198,54.213406,8.237511,1023.93756,1026.4,1020.7,1012.9273,1015.53955,1009.5192,0.0,0.0,0.0,4.8982983,8.790065,0.8026452
801,2022-03-12 00:00:00+00:00,0.0,26.7,7.4,12.81066,42673.344,0.0,24.40046,270.69022,42190.004,16.510416,45.0,4.9287267,21.87,23.024466,37.164703,6.1965294,1021.30835,1024.8,1017.5,1010.4111,1013.67426,1006.7666,0.0,0.0,0.0,6.4663086,10.528976,1.8524446
802,2022-03-13 00:00:00+00:00,3.0,22.75,9.2,12.783313,42802.5,0.0,18.289274,153.16812,42319.266,15.116668,35.64,4.1478567,21.26,51.386623,77.3925,29.547815,1018.99585,1020.6,1017.3,1008.0743,1009.5949,1006.64105,46.958332,99.0,0.0,9.450477,13.931238,4.819397
803,2022-03-14 00:00:00+00:00,1.0,26.45,9.75,14.720546,42931.773,0.0,17.906157,153.06049,42448.63,16.210417,36.36,4.148469,21.58,61.354443,82.30104,26.370995,1020.92914,1023.0,1019.1,1010.0263,1012.056,1008.46497,2.75,27.0,0.0,11.282764,15.478842,6.876833
804,2022-03-15 00:00:00+00:00,3.0,25.45,10.15,15.2036705,43061.066,0.0,21.370783,191.93217,35570.598,16.889584,39.96,4.185996,20.54,57.579105,91.99118,25.803976,1019.5291,1021.6,1016.8,1008.66754,1010.77,1005.9913,44.041668,100.0,0.0,11.4426,14.828495,8.776259
805,2022-03-16 00:00:00+00:00,3.0,29.35,10.9,16.093859,43190.31,0.0,37.784565,322.72174,41448.56,18.829166,63.36,5.818958,21.23,53.640274,100.0,12.583324,1015.6916,1017.8,1012.1,1004.9399,1006.8441,1001.75867,24.958334,100.0,0.0,11.849561,14.02408,9.841633
806,2022-03-17 00:00:00+00:00,3.0,28.65,10.55,16.27659,43319.4,0.0,21.924562,245.06712,39546.066,19.11875,40.68,5.278462,21.32,36.970634,74.54059,10.287311,1016.57495,1018.6,1015.0,1005.825,1007.9828,1004.5029,52.5,100.0,2.0,10.006034,13.007437,6.5334234
807,2022-03-18 00:00:00+00:00,3.0,28.05,11.4,16.036783,43448.26,0.0,14.182355,179.1186,42965.348,18.639582,28.44,5.1496625,22.65,35.058174,59.185886,18.743395,1016.2874,1018.1,1014.6,1005.5242,1007.43964,1004.0528,8.625,100.0,0.0,10.062241,14.496555,6.205083
808,2022-03-19 00:00:00+00:00,51.0,21.4,12.35,13.980357,43576.805,0.1,21.767351,208.69016,29748.54,15.381248,39.96,3.3109236,18.72,67.9566,87.65024,45.527996,1015.60846,1017.4,1013.6,1004.73444,1006.52167,1002.73615,83.833336,100.0,11.0,11.637132,14.269064,9.620518
809,2022-03-20 00:00:00+00:00,51.0,24.95,11.45,13.999795,43704.953,0.1,34.417206,306.42725,43180.867,17.791666,60.120003,6.0818305,22.35,46.363644,91.41779,16.682253,1013.7583,1016.5,1012.0,1002.99176,1005.62213,1001.01697,24.708334,100.0,0.0,10.571748,12.5867,7.640774
810,2022-03-21 00:00:00+00:00,3.0,25.5,9.25,14.200363,43832.605,0.0,19.881649,156.5014,43200.0,16.366667,37.079998,4.4599075,22.25,49.110626,84.12952,23.906315,1017.37506,1019.3,1015.6,1006.51636,1008.35803,1005.0106,64.083336,100.0,0.0,9.940103,14.150946,6.879175
811,2022-03-22 00:00:00+00:00,3.0,30.45,12.85,18.672813,43959.684,0.0,17.114204,228.19026,43200.0,21.252083,37.44,5.5974326,22.78,31.613039,56.619675,14.570689,1017.08325,1018.4,1015.5,1006.4055,1007.8748,1005.11194,10.333333,92.0,0.0,11.254174,14.581755,7.6534576
812,2022-03-23 00:00:00+00:00,0.0,31.45,15.6,19.645338,44086.098,0.0,20.991426,215.38795,43200.0,22.641668,38.88,6.217917,22.95,26.35292,39.5999,13.276208,1018.47925,1020.5,1017.0,1007.8381,1009.92676,1006.5603,0.0,0.0,0.0,11.622124,15.057793,8.667143
813,2022-03-24 00:00:00+00:00,3.0,30.7,14.1,18.48831,44212.176,0.0,19.95972,192.34756,43200.0,20.816668,38.16,5.659253,23.14,37.63541,82.48931,15.826236,1016.6416,1018.5,1014.2,1005.95386,1007.6826,1003.76666,17.541666,97.0,0.0,11.978671,15.708292,8.082749
814,2022-03-25 00:00:00+00:00,3.0,29.4,13.3,18.372753,44338.695,0.0,18.043148,211.25087,43200.0,19.124998,35.28,4.818932,22.56,61.81867,86.53189,25.213747,1015.1584,1016.8,1012.8,1004.42456,1006.0973,1002.25476,83.708336,100.0,0.0,13.781132,16.81626,11.796003
815,2022-03-26 00:00:00+00:00,3.0,25.7,10.5,15.279877,44465.61,0.0,19.914215,209.41553,38653.07,15.931248,37.8,4.2341323,22.98,72.89739,99.667305,34.563572,1013.02924,1015.2,1010.7,1002.2012,1004.26263,999.9156,57.291668,100.0,0.0,12.408447,16.00476,10.408151
816,2022-03-27 00:00:00+00:00,3.0,21.45,9.6,13.662136,44592.836,0.0,18.0036,164.15807,36122.67,15.160416,35.64,3.9495573,21.51,71.47284,100.0,40.86294,1012.14594,1013.1,1010.5,1001.2998,1002.206,999.8112,60.125,100.0,0.0,11.681378,13.74667,9.53651
817,2022-03-28 00:00:00+00:00,63.0,17.35,12.0,11.60632,44720.3,30.5,28.8,144.66714,17586.363,13.837501,47.16,1.8272952,9.0,80.56454,94.229866,58.834793,1010.1125,1013.0,1008.0,999.2403,1002.09766,997.12476,85.416664,100.0,28.0,11.653481,13.39978,10.628148
818,2022-03-29 00:00:00+00:00,51.0,18.95,9.75,12.630444,44847.918,0.4,26.493652,234.16934,41363.094,13.833332,47.88,3.1455104,20.94,80.575066,98.671425,46.655884,1013.13324,1017.6,1008.7,1002.2278,1006.55994,997.74713,26.916666,100.0,0.0,11.536214,14.010336,9.024174
819,2022-03-30 00:00:00+00:00,2.0,19.25,10.1,13.666492,44975.61,0.0,18.58451,225.4275,43200.0,14.206248,34.92,3.3478625,22.58,82.23527,96.13168,65.70054,1016.9209,1019.0,1014.4,1005.9883,1007.98914,1003.5088,28.458334,79.0,1.0,12.132253,15.225449,8.816092
820,2022-03-31 00:00:00+00:00,51.0,18.1,12.55,14.22759,45103.293,0.90000004,13.584932,175.1537,16603.387,14.8875,25.919998,1.9162503,10.56,82.13189,96.13465,64.49653,1012.2209,1014.5,1010.2,1001.3653,1003.53394,999.3839,99.625,100.0,94.0,12.818337,14.010256,12.054604
821,2022-04-01 00:00:00+00:00,3.0,20.35,12.1,15.271409,45230.887,0.0,16.610792,232.85796,41622.35,15.4020815,31.319998,3.3326578,20.93,80.82506,95.82975,62.984303,1012.3584,1014.8,1010.7,1001.5201,1003.8269,999.7882,35.791668,100.0,0.0,13.123309,15.845957,11.33712
822,2022-04-02 00:00:00+00:00,51.0,19.25,10.95,13.866,45358.316,0.2,17.57744,233.04744,20169.729,14.270833,31.68,2.3862348,14.63,85.08323,96.73446,65.81774,1015.96265,1017.7,1014.9,1005.0433,1006.8093,1003.90845,76.166664,100.0,0.0,12.529198,15.063511,10.519028
823,2022-04-03 00:00:00+00:00,51.0,18.8,11.9,14.348886,45485.484,0.1,15.2947035,231.72589,20148.084,14.889584,29.16,2.1828284,12.24,82.31023,95.81374,65.07675,1014.3291,1016.6,1012.0,1003.45074,1005.6055,1001.18317,76.583336,100.0,0.0,12.820183,14.559156,11.269581
824,2022-04-04 00:00:00+00:00,3.0,21.45,10.05,13.767021,45612.32,0.0,15.175612,134.40944,35447.89,14.3875,29.519999,3.6194525,22.14,79.093864,98.352066,51.615242,1013.10406,1014.6,1011.7,1002.2188,1003.62146,1000.95483,60.166668,100.0,1.0,11.8689375,15.3516865,9.467699
825,2022-04-05 00:00:00+00:00,2.0,30.65,10.35,16.99437,45738.727,0.0,20.275383,146.99799,43200.0,17.968752,37.079998,5.0618167,24.71,68.98048,96.714134,24.11522,1012.15845,1014.2,1009.7,1001.4118,1003.1855,999.36945,7.5833335,63.0,0.0,13.53836,17.698566,9.400823
826,2022-04-06 00:00:00+00:00,0.0,32.85,13.3,20.69141,45864.63,0.0,15.778516,253.9153,43200.0,21.397917,30.599998,5.584457,25.09,53.232727,84.08034,19.8119,1014.33325,1017.2,1012.7,1003.6884,1006.45874,1001.81226,0.0,0.0,0.0,14.383487,17.7832,10.776712
827,2022-04-07 00:00:00+00:00,0.0,36.3,15.0,22.619516,45989.93,0.0,20.929596,277.7403,43319.492,24.949999,34.92,6.643821,25.81,28.365564,58.025608,7.2335596,1016.24164,1018.6,1013.4,1005.7024,1007.98956,1003.0704,0.0,0.0,0.0,12.843495,15.845551,9.319178
828,2022-04-08 00:00:00+00:00,1.0,37.35,15.1,22.43271,46114.547,0.0,22.427162,270.17465,43560.27,25.589584,39.6,6.9876533,26.04,19.292631,33.89539,5.0679545,1012.45,1014.7,1009.3,1001.9715,1004.2312,999.03784,5.4583335,46.0,0.0,11.537343,14.615139,7.560439
829,2022-04-09 00:00:00+00:00,3.0,29.8,15.85,20.42869,46238.395,0.0,17.174677,146.82149,43200.0,22.454163,33.839996,6.433388,25.58,38.94721,87.62852,24.546677,1009.00415,1010.1,1006.6,998.45624,999.5478,996.30804,25.833334,100.0,0.0,13.775065,17.866968,10.008476
830,2022-04-10 00:00:00+00:00,3.0,24.2,14.5,17.533098,46361.367,0.0,19.376562,179.87834,39546.477,18.158333,37.8,3.898869,20.18,69.08881,87.89587,42.671455,1010.57904,1012.3,1009.2,999.8616,1001.6268,998.6667,77.0,100.0,4.0,14.274455,16.412868,12.949566
831,2022-04-11 00:00:00+00:00,51.0,20.0,14.05,15.291344,46483.387,1.3000001,23.166216,193.54109,32453.164,16.610416,42.839996,3.3363125,18.37,68.530304,83.362946,46.990257,1010.96246,1012.9,1009.6,1000.1845,1002.11255,998.80316,73.25,100.0,0.0,12.884307,14.310362,11.614508
832,2022-04-12 00:00:00+00:00,2.0,21.45,10.85,9.698048,46604.35,0.0,32.750107,323.98584,43709.06,15.697915,57.96,7.3715487,27.33,24.325327,81.72792,7.157927,1014.7624,1017.7,1010.4,1003.9091,1006.7714,999.50305,6.3333335,72.0,0.0,6.2159333,11.035558,3.7895613
833,2022-04-13 00:00:00+00:00,0.0,22.6,7.0,11.312631,46724.562,0.0,21.868332,261.31598,44219.07,15.154166,40.68,5.843184,26.88,28.289118,78.95864,9.680894,1018.37085,1020.2,1017.3,1007.457,1009.39026,1006.4936,0.0,0.0,0.0,6.497284,10.791454,1.6893206
834,2022-04-14 00:00:00+00:00,0.0,23.15,9.5,13.5841675,46844.777,0.0,22.73707,206.42421,44184.586,15.772918,42.839996,5.0522227,26.4,53.134945,86.74215,21.62355,1015.5417,1018.1,1012.7,1004.68134,1007.05865,1001.96783,0.041666668,1.0,0.0,9.885251,12.61915,6.8595905
835,2022-04-15 00:00:00+00:00,3.0,23.2,10.8,14.409127,46964.938,0.0,22.077717,193.67134,42556.484,15.852082,42.12,4.562173,25.37,68.290535,97.69694,35.260334,1014.74603,1016.2,1013.3,1003.8974,1005.38477,1002.6196,15.25,100.0,0.0,11.887183,14.366751,10.17498
836,2022-04-16 00:00:00+00:00,51.0,21.15,11.4,14.609014,47084.965,0.2,27.792374,215.31131,43200.0,15.708333,48.96,3.6615074,21.29,75.746994,99.34026,43.256756,1018.1375,1020.7,1015.9,1007.24854,1009.6996,1004.934,49.375,100.0,0.0,12.75377,14.546005,11.279171
837,2022-04-17 00:00:00+00:00,3.0,23.55,11.1,15.886729,47204.773,0.0,18.39878,209.28288,40479.164,16.500002,36.719997,4.577166,25.46,69.98037,97.05787,41.33001,1019.075,1021.6,1016.0,1008.2044,1010.66565,1005.2912,32.416668,100.0,0.0,12.72251,15.460712,10.736911
838,2022-04-18 00:00:00+00:00,3.0,25.75,11.25,16.439749,47324.277,0.0,20.87379,201.64197,39350.312,17.164583,39.6,4.747323,24.78,67.41169,99.01067,34.55985,1016.0583,1017.6,1014.2,1005.2437,1006.6099,1003.4154,73.083336,100.0,0.0,12.928803,16.484432,10.797636
839,2022-04-19 00:00:00+00:00,3.0,25.55,12.95,16.7895,47443.39,0.0,20.316889,185.72404,43200.0,17.849997,38.88,5.0287547,26.5,62.237064,82.29887,30.840763,1013.42084,1014.8,1011.2,1002.66034,1003.9961,1000.704,42.208332,100.0,0.0,13.0175085,16.261646,10.143294
840,2022-04-20 00:00:00+00:00,3.0,23.6,13.35,15.633557,47562.027,0.0,16.923828,156.97447,36000.0,17.433336,34.2,4.631687,22.89,61.05339,82.725235,37.227753,1015.0125,1017.0,1014.0,1004.22095,1006.0603,1003.1394,57.833332,100.0,0.0,12.61469,14.79154,10.014786
841,2022-04-21 00:00:00+00:00,51.0,21.35,9.9,13.5108,47680.094,0.1,25.318008,230.5037,44518.1,15.164584,46.44,4.3769145,26.25,71.45059,96.70133,36.79562,1016.2542,1017.6,1015.1,1005.36444,1006.68195,1004.21814,27.958334,100.0,0.0,11.715768,13.83099,9.320293
842,2022-04-22 00:00:00+00:00,61.0,20.6,11.8,13.517922,47797.5,5.3999996,30.05515,251.92188,44851.707,15.820835,52.92,4.3739223,23.81,64.938934,92.375694,35.56919,1015.53326,1018.7,1014.3,1004.6765,1007.6943,1003.3209,54.5,100.0,6.0,11.571373,12.732679,10.520141
843,2022-04-23 00:00:00+00:00,3.0,24.45,9.55,14.951846,47914.156,0.0,27.0,235.41298,46160.938,16.635416,48.6,5.240842,27.13,60.14931,95.075,28.586021,1016.91675,1019.5,1013.5,1006.07245,1008.4837,1002.8287,20.375,100.0,0.0,11.462638,14.332745,8.707094
844,2022-04-24 00:00:00+00:00,0.0,30.95,9.7,17.681501,48029.973,0.0,25.277023,250.96869,46208.5,20.6375,47.88,6.793011,27.94,32.907784,70.09946,7.8822083,1014.8582,1016.1,1013.7,1004.1796,1005.5811,1003.1991,0.375,5.0,0.0,10.156213,12.452616,6.5520916
845,2022-04-25 00:00:00+00:00,3.0,32.8,12.4,19.167433,48144.84,0.0,24.962307,263.80832,46255.17,22.68125,46.44,7.2455144,28.12,19.876165,40.02602,4.9155827,1013.92084,1015.6,1011.9,1003.32587,1005.15063,1001.4888,25.25,100.0,0.0,9.864318,12.502966,5.4386206
846,2022-04-26 00:00:00+00:00,3.0,28.55,12.9,18.034094,48258.668,0.0,17.826363,168.79659,39717.85,20.110416,33.48,5.565499,23.8,41.55533,66.96178,18.497402,1012.28754,1013.5,1010.6,1001.62115,1002.75836,1000.03796,78.5,100.0,6.0,12.210915,15.5673275,8.665852
847,2022-04-27 00:00:00+00:00,3.0,23.85,12.7,16.45508,48371.355,0.0,15.596767,154.157,41364.22,17.49375,32.760002,4.767992,25.6,68.29753,98.38567,39.90285,1013.85406,1015.2,1012.9,1003.0766,1004.3805,1001.9893,35.75,100.0,0.0,13.458233,15.435795,12.207272
848,2022-04-28 00:00:00+00:00,3.0,21.05,13.25,14.919632,48482.8,0.0,19.881649,187.83205,39353.68,16.320833,37.44,3.8209884,21.3,65.496216,85.99528,44.99931,1014.80835,1015.7,1013.6,1003.9781,1004.92163,1002.8583,57.208332,100.0,0.0,12.225165,14.24868,10.300778
849,2022-04-29 00:00:00+00:00,3.0,23.75,10.3,15.655562,48592.9,0.0,18.089775,233.97256,43158.37,16.527082,36.719997,4.759726,26.48,66.010994,87.32242,40.34723,1014.7124,1016.8,1012.5,1003.88916,1005.84155,1001.79004,12.541667,100.0,0.0,12.294097,15.456892,8.633243
850,2022-04-30 00:00:00+00:00,1.0,26.25,10.9,17.188555,48701.547,0.0,21.261345,224.52846,47340.258,17.999998,40.68,5.428689,28.36,63.02435,96.43523,28.886822,1012.2083,1014.4,1009.6,1001.4653,1003.454,998.9173,3.3333333,24.0,0.0,13.021949,15.355099,10.468912
851,2022-05-01 00:00:00+00:00,3.0,23.7,13.05,17.156843,48808.637,0.0,16.45007,182.07712,42426.742,17.485416,34.56,4.703827,26.25,71.38674,95.83454,43.86616,1010.2876,1013.3,1009.1,999.5474,1002.4598,998.42615,40.958332,100.0,0.0,13.851785,16.173805,12.38423
852,2022-05-02 00:00:00+00:00,3.0,24.1,14.1,17.307875,48914.06,0.0,19.67195,207.2856,43959.934,17.727083,37.8,4.6496997,25.95,67.78262,84.9124,43.02108,1013.39996,1015.5,1011.6,1002.63605,1004.67725,1000.90686,35.875,100.0,0.0,13.702497,16.2099,12.207132
853,2022-05-03 00:00:00+00:00,3.0,24.4,14.0,17.44047,49018.07,0.0,20.111729,186.05408,46057.746,17.929167,39.239998,4.594576,25.17,68.18503,86.88631,41.280666,1012.7959,1013.9,1011.3,1002.0457,1003.2676,1000.68604,38.75,100.0,0.0,13.9183035,16.33878,12.44939
854,2022-05-04 00:00:00+00:00,3.0,27.25,12.55,18.25044,49121.39,0.0,19.08,217.3613,38348.99,18.320833,37.44,5.073834,26.27,70.865715,97.08955,34.58107,1013.3542,1014.8,1011.8,1002.61053,1003.8593,1001.17896,37.791668,100.0,0.0,14.354518,17.642706,11.852604
855,2022-05-05 00:00:00+00:00,3.0,26.85,13.35,18.446594,49223.95,0.0,18.472595,196.0781,38862.94,18.70833,36.0,5.223884,26.69,69.65545,100.0,32.168602,1015.34576,1016.8,1014.2,1004.59595,1005.966,1003.53705,51.083332,100.0,0.0,14.556518,17.551453,12.70352
856,2022-05-06 00:00:00+00:00,3.0,28.65,12.05,18.830063,49325.656,0.0,19.083395,198.23608,47860.906,19.316668,37.8,5.588261,27.72,62.692913,95.80087,28.472645,1014.1958,1015.5,1012.6,1003.4792,1004.62225,1001.9919,23.666666,100.0,0.0,14.14866,17.308033,11.502979
857,2022-05-07 00:00:00+00:00,3.0,25.9,14.5,18.418121,49426.434,0.0,19.513195,180.25127,40823.57,18.770832,38.16,5.052794,26.74,69.006744,94.65536,42.81237,1012.3418,1014.4,1010.3,1001.62665,1003.54614,999.69604,55.958332,100.0,0.0,14.764779,17.596725,12.643879
858,2022-05-08 00:00:00+00:00,51.0,22.1,13.8,15.704125,49526.184,0.3,19.406637,171.4182,37330.87,17.172918,38.16,3.7463887,18.67,66.71784,83.101494,43.132397,1010.98737,1012.1,1010.1,1000.22955,1001.32465,999.49,64.583336,100.0,1.0,13.142212,15.172903,10.5693
859,2022-05-09 00:00:00+00:00,51.0,22.2,10.5,14.359023,49624.805,0.4,21.485697,205.5963,48458.316,16.095833,41.760002,4.8130984,26.09,58.669403,92.90247,29.713156,1013.3999,1014.7,1011.3,1002.5755,1003.82947,1000.3933,33.375,100.0,0.0,10.982513,12.625896,9.708517
860,2022-05-10 00:00:00+00:00,3.0,22.4,9.95,13.067929,49722.21,0.0,26.161375,226.61671,49146.375,15.604164,48.239998,5.4397936,28.4,51.592228,79.94931,22.369902,1016.85004,1018.3,1014.9,1005.9699,1007.40094,1003.9164,38.0,100.0,0.0,9.598093,11.693848,7.623049
861,2022-05-11 00:00:00+00:00,1.0,22.8,8.4,12.602836,49818.312,0.0,26.739542,300.1697,49226.176,16.216665,49.32,6.582668,29.81,41.22077,83.56723,9.762488,1018.82495,1020.9,1017.4,1007.94525,1010.0048,1006.27496,1.3333334,32.0,0.0,8.216295,11.080688,6.2642365
862,2022-05-12 00:00:00+00:00,1.0,27.8,9.0,15.550175,49912.996,0.0,23.4,271.37482,49271.902,19.1,43.56,6.9803753,29.64,24.264868,41.193516,8.614368,1019.2624,1021.6,1016.7,1008.483,1010.61273,1006.03094,3.7083333,31.0,0.0,8.513388,11.950628,3.4773235
863,2022-05-13 00:00:00+00:00,0.0,33.15,13.2,19.752804,50006.176,0.0,20.608229,219.12607,49317.355,22.422915,38.519997,7.0507607,29.58,25.436424,42.874897,10.417314,1014.821,1016.8,1012.3,1004.2076,1006.2423,1001.8727,0.083333336,2.0,0.0,11.028721,14.722748,6.3538055
864,2022-05-14 00:00:00+00:00,3.0,34.65,16.6,22.718292,50097.74,0.0,21.485697,198.73346,48190.85,25.020834,40.68,7.372552,29.15,26.25118,41.640762,10.37388,1012.6333,1014.4,1010.4,1002.13556,1003.86005,1000.1452,59.791668,100.0,0.0,13.124875,16.84696,9.417395
865,2022-05-15 00:00:00+00:00,3.0,31.75,14.7,20.12275,50187.59,0.0,25.460936,185.54109,49407.258,21.4625,48.96,6.096177,27.09,47.497227,75.34481,18.422338,1012.1626,1013.2,1011.0,1001.5451,1002.487,1000.6169,25.791666,85.0,0.0,13.940524,17.388834,11.021435
866,2022-05-16 00:00:00+00:00,3.0,25.45,13.8,17.852068,50275.625,0.0,19.681828,184.76353,42147.875,18.31875,38.519997,5.0436172,27.06,68.946526,93.99603,37.75196,1013.0457,1014.9,1011.5,1002.3069,1004.0034,1000.91254,28.916666,100.0,0.0,14.302468,16.652294,12.690098
867,2022-05-17 00:00:00+00:00,3.0,24.0,13.45,17.697489,50361.734,0.0,17.148247,191.7039,38532.816,17.864586,36.719997,4.6500435,25.53,71.8688,95.22023,45.66501,1014.36664,1015.7,1013.4,1003.5975,1004.86224,1002.59796,29.583334,100.0,0.0,14.298595,16.611748,12.750891
868,2022-05-18 00:00:00+00:00,3.0,25.75,14.0,18.448952,50445.81,0.0,17.884428,217.56868,36904.28,18.410418,36.0,4.8783655,25.88,70.202126,88.91182,43.479214,1014.91254,1016.9,1013.0,1004.1569,1006.0122,1002.3823,32.291668,100.0,0.0,14.561465,17.584282,12.740292
869,2022-05-19 00:00:00+00:00,51.0,24.85,13.8,17.60725,50527.746,0.3,16.870138,179.36484,32721.418,17.637499,35.28,4.263986,23.19,74.58669,95.866234,45.720196,1012.1418,1014.9,1009.8,1001.3877,1004.0222,999.07324,75.416664,100.0,1.0,14.427331,17.197748,12.966873
870,2022-05-20 00:00:00+00:00,51.0,20.55,14.7,16.049145,50607.438,1.2000002,14.934577,148.09445,10931.414,17.164581,28.44,2.734141,12.59,71.79516,82.00991,58.571278,1009.36676,1011.3,1008.5,998.62604,1000.50726,997.6852,97.291664,100.0,58.0,13.799411,15.316929,12.567188
871,2022-05-21 00:00:00+00:00,51.0,23.25,14.75,17.76327,50684.76,0.8000001,19.513195,222.99501,38900.184,17.970835,37.8,4.0081916,21.7,70.061195,86.42859,48.063232,1013.55005,1016.8,1011.4,1002.794,1005.89056,1000.57294,63.791668,100.0,1.0,14.268974,16.253311,12.735331
872,2022-05-22 00:00:00+00:00,2.0,23.25,11.85,16.587317,50759.613,0.0,20.018072,222.9886,49402.965,16.964582,39.6,4.917795,28.18,71.962425,95.16143,42.430016,1015.71246,1016.8,1014.0,1004.8955,1005.98206,1003.3413,13.125,64.0,0.0,13.424641,16.069304,11.286301
873,2022-05-23 00:00:00+00:00,3.0,24.45,12.2,16.4351,50832.18,0.0,18.218275,219.86739,34685.25,16.620832,36.36,4.328102,24.0,74.8196,94.23647,45.37815,1013.0,1015.6,1010.4,1002.1987,1004.6469,999.7325,67.208336,100.0,0.0,13.444355,16.820425,11.3062105
874,2022-05-24 00:00:00+00:00,3.0,26.35,13.35,18.448254,50903.0,0.0,17.935081,229.41345,39808.8,18.275,36.0,5.060681,27.01,72.93452,94.290955,40.073193,1010.2751,1011.5,1008.4,999.5632,1000.6437,997.8961,48.375,100.0,0.0,14.69317,17.494558,12.386177
875,2022-05-25 00:00:00+00:00,3.0,26.4,13.35,19.308819,50972.023,0.0,17.057314,221.51367,42277.56,18.800001,34.92,5.2126594,28.05,75.96316,99.35124,44.812504,1011.44165,1013.3,1010.6,1000.73676,1002.4749,999.927,41.625,100.0,0.0,15.560018,18.496971,13.241402
876,2022-05-26 00:00:00+00:00,3.0,25.1,14.85,18.432775,51039.19,0.0,20.018072,228.18697,39139.92,18.46667,39.6,4.773795,26.1,73.43629,91.94997,48.558586,1014.0291,1016.7,1012.8,1003.28564,1005.7955,1001.9409,56.5,100.0,0.0,15.071248,17.884037,13.046062
877,2022-05-27 00:00:00+00:00,3.0,24.05,12.8,17.065641,51104.426,0.0,20.073025,240.77434,38728.695,17.527082,39.6,4.3531094,23.52,72.08871,97.092926,44.754463,1015.82086,1017.5,1014.2,1005.0239,1006.69147,1003.44476,84.291664,100.0,0.0,14.014522,16.373993,12.442532
878,2022-05-28 00:00:00+00:00,3.0,21.5,12.95,16.448103,51167.66,0.0,17.31746,193.03867,33847.766,17.043753,34.92,3.616885,19.44,73.30142,96.14649,52.236786,1013.39575,1015.3,1011.0,1002.6072,1004.3786,1000.2715,96.833336,100.0,86.0,13.763969,15.300816,12.489521
879,2022-05-29 00:00:00+00:00,3.0,24.75,14.0,18.008665,51228.824,0.0,19.406637,210.61339,45904.152,18.654167,38.88,5.1704154,27.28,65.78597,86.624596,38.290478,1009.34576,1011.3,1007.7,998.65845,1000.45337,997.2456,31.916666,100.0,0.0,14.25024,16.478613,12.487177
880,2022-05-30 00:00:00+00:00,3.0,26.4,13.75,17.853537,51287.844,0.0,28.019936,201.64905,46419.855,18.814583,52.199997,5.4372187,28.13,64.49101,93.075035,26.81768,1009.1834,1010.9,1007.3,998.5035,1000.16876,996.91046,27.541666,100.0,0.0,14.12896,16.233036,12.950447
881,2022-05-31 00:00:00+00:00,3.0,26.95,12.9,19.012772,51344.645,0.0,20.140705,205.03748,45290.16,19.45625,39.6,5.671086,28.47,63.438217,91.01565,34.793682,1009.47504,1010.8,1008.6,998.81445,1000.07544,997.8496,12.75,100.0,0.0,14.532884,17.5248,11.249073
882,2022-06-01 00:00:00+00:00,3.0,30.65,13.8,20.852015,51399.168,0.0,22.17144,204.55042,41713.945,20.860416,42.48,6.0119586,28.51,62.967194,94.96458,30.419102,1010.38745,1012.3,1008.9,999.76685,1001.46515,998.42786,13.083333,100.0,0.0,15.637408,19.915775,11.921654
883,2022-06-02 00:00:00+00:00,3.0,29.5,15.0,20.540773,51451.336,0.0,20.592503,189.00682,38003.855,20.012503,39.6,5.284136,26.71,73.70496,99.04206,37.643612,1010.0667,1011.5,1008.3,999.41974,1000.7806,997.78143,69.916664,100.0,9.0,16.378363,19.5838,14.473845
884,2022-06-03 00:00:00+00:00,3.0,26.2,14.9,18.995756,51501.082,0.0,20.150354,197.03143,36232.93,18.795834,41.039997,4.5919967,24.36,72.8554,94.351105,43.746323,1010.71674,1012.1,1009.9,1000.02,1001.2858,999.18604,78.791664,100.0,15.0,15.274253,18.003033,13.782885
885,2022-06-04 00:00:00+00:00,3.0,26.75,15.85,19.310652,51548.324,0.0,19.201874,175.53116,36994.6,19.418753,38.16,4.7638593,24.6,70.44315,87.107796,40.716984,1012.6458,1013.7,1011.9,1001.9516,1002.87067,1001.0861,66.666664,100.0,4.0,15.5845995,18.171988,13.967405
886,2022-06-05 00:00:00+00:00,3.0,26.9,15.85,20.865759,51593.0,0.0,17.786331,190.17545,44810.824,20.566668,36.719997,5.39452,27.33,67.22829,85.93603,41.704494,1011.8499,1013.6,1010.1,1001.20514,1002.76605,999.5378,59.083332,100.0,0.0,16.171225,18.43753,14.218803
887,2022-06-06 00:00:00+00:00,3.0,28.35,16.85,21.924448,51635.035,0.0,18.79255,177.32722,39460.625,21.264585,37.8,5.247834,26.16,70.66479,89.14874,44.335686,1010.50006,1012.4,1008.5,999.89453,1001.6326,998.04224,40.541668,100.0,0.0,17.278269,19.896135,15.369318
888,2022-06-07 00:00:00+00:00,3.0,28.7,16.9,22.798819,51674.36,0.0,19.008545,211.2675,42531.33,21.687502,38.519997,5.5593038,27.65,70.76484,96.5662,43.796024,1009.93353,1011.2,1008.8,999.3488,1000.5529,998.34796,33.083332,100.0,0.0,17.63561,20.128792,16.26421
889,2022-06-08 00:00:00+00:00,3.0,29.6,16.3,22.62374,51710.91,0.0,19.376562,208.02623,39519.312,21.456251,37.8,5.546859,27.41,72.73323,99.05123,40.32154,1009.37067,1011.2,1006.6,998.7835,1000.50757,996.1585,40.833332,100.0,1.0,17.61678,20.185795,15.740364
890,2022-06-09 00:00:00+00:00,3.0,31.2,16.3,22.613289,51744.61,0.0,19.134262,210.03775,42924.52,21.65625,38.16,5.609354,27.05,71.74035,95.0175,35.16177,1009.86255,1011.5,1008.3,999.27655,1000.7825,997.82184,67.375,100.0,2.0,17.591309,20.422829,15.610491
891,2022-06-10 00:00:00+00:00,3.0,31.8,16.6,23.55481,51775.387,0.0,19.35314,222.23811,50372.305,22.316664,38.88,5.946428,28.61,71.728874,100.0,33.436092,1011.64996,1013.6,1010.4,1001.0689,1002.85486,999.63916,21.291666,100.0,0.0,18.171202,20.743652,16.412561
892,2022-06-11 00:00:00+00:00,1.0,28.7,15.55,22.56533,51803.18,0.0,20.150354,226.60284,50396.465,21.737501,39.6,5.9278226,29.34,69.115776,96.84177,40.79039,1012.28754,1013.8,1010.8,1001.67944,1003.03796,1000.3307,7.4583335,41.0,0.0,17.354666,19.77611,15.166323
893,2022-06-12 00:00:00+00:00,3.0,28.35,15.25,21.867975,51828.04,0.0,18.335276,211.77272,50400.0,21.0625,35.64,5.856195,29.49,70.69413,100.0,39.96116,1010.6294,1011.8,1009.3,1000.0146,1001.02423,998.7303,17.375,100.0,0.0,16.959505,19.345068,15.226561
894,2022-06-13 00:00:00+00:00,3.0,28.25,16.9,21.416641,51850.145,0.0,20.364674,170.02437,39659.08,21.072916,40.32,5.265643,26.04,70.08059,85.900734,41.806427,1010.70416,1012.1,1009.5,1000.09015,1001.4126,998.94574,37.583332,100.0,0.0,17.083555,19.835262,15.106119
895,2022-06-14 00:00:00+00:00,51.0,28.6,17.9,22.537346,51869.504,0.1,20.46941,204.35727,45678.098,21.699999,41.039997,5.3643436,26.49,68.81465,87.84124,42.99875,1010.5583,1012.4,1009.0,999.96826,1001.733,998.5284,36.208332,100.0,0.0,17.462626,19.863787,15.8187275
896,2022-06-15 00:00:00+00:00,3.0,31.1,16.45,22.974134,51886.12,0.0,20.018072,212.83548,38525.633,21.725,38.519997,5.458943,26.39,73.176704,95.360916,35.134064,1009.60834,1011.2,1008.2,999.02783,1000.50037,997.8183,33.541668,100.0,0.0,17.898666,20.709242,15.749638
897,2022-06-16 00:00:00+00:00,3.0,30.35,16.45,22.546448,51899.99,0.0,19.083395,201.05318,39600.0,21.502083,38.16,5.522375,27.32,73.25964,98.42067,39.24755,1009.0042,1010.4,1006.8,998.4222,999.7123,996.3755,47.208332,100.0,0.0,17.750658,20.585299,16.235575
898,2022-06-17 00:00:00+00:00,3.0,26.7,17.0,20.252544,51911.11,0.0,19.881649,190.61958,36300.92,20.408335,38.519997,5.176762,25.69,65.46374,86.88778,41.512623,1010.0833,1011.0,1009.5,999.45245,1000.2567,998.8988,43.0,100.0,0.0,15.915124,18.208557,14.332745
899,2022-06-18 00:00:00+00:00,3.0,26.25,14.3,19.329466,51919.473,0.0,20.767975,194.48688,50400.0,19.854166,40.68,5.752596,28.83,62.7058,93.41024,34.35872,1012.13324,1013.6,1011.2,1001.45996,1002.83466,1000.4197,11.875,100.0,0.0,14.852721,17.055307,13.069983
900,2022-06-19 00:00:00+00:00,0.0,28.1,14.65,19.865772,51925.098,0.0,29.6383,215.20093,50400.0,20.812502,53.28,6.337868,30.26,57.49921,86.09629,27.534157,1013.825,1015.9,1011.8,1003.16766,1005.1176,1001.41895,0.083333336,1.0,0.0,14.914735,17.907185,12.939243
901,2022-06-20 00:00:00+00:00,0.0,35.2,15.2,23.225609,51927.98,0.0,23.363974,223.25679,50400.0,25.004171,43.199997,7.9260755,30.86,34.790424,66.179146,13.429013,1011.2708,1013.3,1008.3,1000.7849,1002.7239,998.1228,0.0,0.0,0.0,14.378482,17.983967,8.439085
902,2022-06-21 00:00:00+00:00,1.0,32.75,16.65,23.314308,51928.12,0.0,17.313717,179.03513,50400.0,23.4125,35.64,6.734234,30.01,55.14919,92.10644,19.052334,1012.0291,1013.9,1010.8,1001.48267,1003.1989,1000.0736,6.9166665,43.0,0.0,16.575514,18.597267,14.134333
903,2022-06-22 00:00:00+00:00,65.0,31.1,16.05,24.655146,51925.527,37.1,20.63023,281.84204,49712.523,23.095833,43.56,5.1794863,24.27,72.60795,92.59538,41.78505,1012.6792,1014.5,1010.3,1002.1153,1003.86316,1000.03925,47.75,96.0,1.0,19.282522,23.806961,15.177038
904,2022-06-23 00:00:00+00:00,0.0,29.05,16.55,23.833158,51920.21,0.0,17.974781,220.64209,50400.0,22.275,32.760002,5.7625346,29.16,71.81432,95.948524,47.353947,1011.0625,1012.7,1009.2,1000.4869,1001.99176,998.76483,0.8333333,15.0,0.0,18.360891,21.56965,15.731304
905,2022-06-24 00:00:00+00:00,0.0,29.5,14.8,22.532114,51912.16,0.0,16.92383,201.17151,50400.0,21.402082,32.039997,6.033519,30.48,70.35107,94.960754,37.148422,1011.1084,1012.3,1009.4,1000.5002,1001.6862,998.96783,0.0,0.0,0.0,17.17602,20.501497,14.204044
906,2022-06-25 00:00:00+00:00,3.0,29.6,14.0,21.708908,51901.406,0.0,17.654688,204.34108,47840.277,20.714582,34.2,6.00932,30.18,73.70475,100.0,36.444057,1012.3252,1014.0,1010.8,1001.6787,1003.2063,1000.3464,20.0,100.0,0.0,16.890076,19.733582,13.967703
907,2022-06-26 00:00:00+00:00,3.0,32.0,14.5,22.676071,51887.95,0.0,18.11841,205.31822,46800.0,21.831247,34.56,6.3581824,29.9,69.300064,100.0,26.20021,1014.075,1016.3,1012.2,1003.4497,1005.52966,1001.91846,22.041666,100.0,0.0,17.127573,20.421349,14.471247
908,2022-06-27 00:00:00+00:00,3.0,34.1,15.55,24.648424,51871.797,0.0,16.92383,214.5847,50400.0,23.797918,33.839996,6.63695,28.81,63.055027,100.0,25.35198,1015.0793,1016.7,1012.9,1004.51227,1005.8869,1002.57574,14.041667,100.0,0.0,17.907804,21.745728,15.505577
909,2022-06-28 00:00:00+00:00,0.0,33.95,17.8,25.304977,51852.96,0.0,17.072504,205.95691,50400.0,24.79167,34.56,6.814585,29.21,56.072006,91.23831,23.437082,1014.82935,1015.9,1013.0,1004.30145,1005.3498,1002.6476,0.083333336,1.0,0.0,17.84395,20.567677,16.458187
910,2022-06-29 00:00:00+00:00,1.0,33.4,16.95,24.797684,51831.465,0.0,16.075521,189.85995,50400.0,24.227081,33.48,6.548951,29.0,57.44283,86.883064,22.160307,1015.21655,1016.6,1013.2,1004.6658,1006.009,1002.8097,2.25,49.0,0.0,17.730429,19.791023,15.401899
911,2022-06-30 00:00:00+00:00,2.0,31.7,17.55,24.258049,51807.31,0.0,18.844202,201.82378,50400.0,23.281256,37.8,6.165203,28.85,64.17101,91.79603,33.626305,1015.00836,1016.7,1013.1,1004.427,1005.9912,1002.55774,7.2083335,72.0,0.0,18.08771,20.816809,16.549643
912,2022-07-01 00:00:00+00:00,3.0,31.3,16.35,23.085756,51780.508,0.0,17.208603,195.08919,48382.445,22.483335,36.0,6.133361,28.54,64.93646,98.10598,32.957096,1014.32074,1016.2,1012.1,1003.7178,1005.5147,1001.66943,11.833333,89.0,0.0,17.384745,20.168245,16.033443
913,2022-07-02 00:00:00+00:00,1.0,28.35,16.4,21.855268,51750.95,0.0,17.826363,205.30492,50400.0,21.397919,37.079998,5.879326,29.05,65.77484,93.21118,36.714714,1012.97076,1014.3,1011.1,1002.34406,1003.5124,1000.5381,3.25,29.0,0.0,16.636736,19.151611,15.488766
914,2022-07-03 00:00:00+00:00,3.0,27.0,15.8,20.639074,51718.402,0.0,18.844202,183.14745,40407.324,20.477083,37.8,5.3786526,26.95,68.80612,96.227905,43.405834,1012.8625,1013.9,1011.6,1002.20416,1003.1627,1001.03094,28.0,100.0,0.0,16.309275,18.829624,14.481045
915,2022-07-04 00:00:00+00:00,1.0,27.15,15.3,20.63938,51682.92,0.0,18.440998,186.61113,50400.0,20.549997,36.719997,5.5439825,27.93,67.094765,91.955956,42.599525,1013.32513,1014.2,1012.2,1002.664,1003.5194,1001.68475,4.125,43.0,0.0,16.122568,18.848986,14.008141
916,2022-07-05 00:00:00+00:00,3.0,27.7,16.5,21.410383,51644.59,0.0,21.470612,203.27577,46800.0,21.081251,40.68,5.591184,27.94,68.57465,90.27246,41.978214,1013.4001,1014.7,1011.8,1002.75757,1004.0252,1001.27826,18.666666,100.0,0.0,16.807398,19.198252,14.7683525
917,2022-07-06 00:00:00+00:00,3.0,28.1,17.65,22.140831,51603.477,0.0,22.476227,202.40886,40191.387,21.445833,42.48,5.4070034,26.9,71.064705,91.51322,44.125084,1013.5793,1015.3,1011.8,1002.94824,1004.60785,1001.30304,40.541668,100.0,0.0,17.505531,19.650288,16.39132
918,2022-07-07 00:00:00+00:00,3.0,30.45,15.6,22.599304,51559.664,0.0,20.523157,206.66365,49420.598,21.895834,37.8,6.0958757,29.07,69.021164,98.09509,33.71966,1013.925,1015.5,1012.6,1003.30493,1004.7272,1002.1762,26.666666,100.0,0.0,17.384499,19.699183,15.360085
919,2022-07-08 00:00:00+00:00,3.0,29.65,16.05,22.430124,51513.23,0.0,20.150354,218.39008,44030.164,21.466667,39.6,5.717657,28.13,70.63169,98.415855,38.958008,1016.1457,1017.6,1015.2,1005.48773,1006.83075,1004.6694,41.791668,100.0,0.0,17.340956,20.055235,15.682247
920,2022-07-09 00:00:00+00:00,3.0,29.5,15.8,22.876291,51464.258,0.0,21.385939,217.93205,46800.0,22.064583,41.039997,6.172367,29.22,68.61294,100.0,34.53393,1017.52905,1019.3,1015.7,1006.8776,1008.56213,1005.1765,21.125,100.0,0.0,17.499285,20.14933,15.734257
921,2022-07-10 00:00:00+00:00,3.0,32.15,16.2,23.468185,51412.812,0.0,18.864824,197.05707,46377.656,22.650002,38.16,6.257771,28.81,66.74966,99.048294,33.969563,1015.60834,1017.8,1012.8,1004.997,1007.01154,1002.28546,14.666667,100.0,0.0,17.71412,20.90635,15.669567
922,2022-07-11 00:00:00+00:00,3.0,28.7,15.6,21.749664,51358.98,0.0,17.884428,212.21898,45492.883,20.916666,36.36,5.664773,28.58,71.93812,98.09509,41.378254,1013.08746,1014.3,1010.9,1002.44183,1003.57666,1000.4052,15.625,100.0,0.0,17.010864,19.751184,15.360085
923,2022-07-12 00:00:00+00:00,3.0,26.65,15.4,20.726793,51302.836,0.0,17.148247,222.82526,40465.54,20.216665,34.92,5.1867213,26.24,71.70174,97.465324,41.908836,1012.8625,1014.1,1010.8,1002.1945,1003.3107,1000.2905,33.666668,100.0,0.0,16.390461,18.417952,15.087263
924,2022-07-13 00:00:00+00:00,3.0,27.7,14.45,20.86491,51244.457,0.0,19.8,220.27544,47685.273,20.433334,38.88,5.495016,27.13,70.695946,100.0,39.019547,1013.2417,1014.8,1010.8,1002.5767,1004.07495,1000.31683,36.875,100.0,0.0,16.369514,18.52129,14.312223
925,2022-07-14 00:00:00+00:00,3.0,27.8,16.05,21.962023,51183.92,0.0,18.626305,216.46088,44784.195,21.15,37.8,5.180278,25.69,70.17904,94.40399,44.53355,1013.37915,1014.3,1011.7,1002.73926,1003.58026,1001.2041,27.375,100.0,0.0,17.082962,19.593437,15.28039
926,2022-07-15 00:00:00+00:00,3.0,30.75,17.3,23.757034,51121.312,0.0,18.844202,218.11575,50400.0,22.472918,37.8,5.687607,27.43,69.952,92.07436,41.51551,1013.3416,1014.8,1011.4,1002.74884,1004.1509,1000.9279,12.166667,100.0,0.0,18.242666,21.365118,16.160868
927,2022-07-16 00:00:00+00:00,0.0,33.7,17.7,25.028036,51056.7,0.0,19.85556,218.89388,50395.152,23.618752,39.239998,6.0669,27.85,66.49496,94.468544,34.94946,1011.89154,1013.8,1009.6,1001.3538,1003.0763,999.2158,1.75,11.0,0.0,18.67241,22.340923,16.614769
928,2022-07-17 00:00:00+00:00,3.0,33.65,18.4,25.28739,50990.16,0.0,19.469976,204.5057,50367.227,24.008333,39.239998,5.7695813,26.45,63.81004,86.74196,32.244827,1010.6541,1012.4,1009.2,1000.14374,1001.78143,998.97046,15.291667,100.0,0.0,18.76161,21.670174,16.600933
929,2022-07-18 00:00:00+00:00,2.0,32.65,19.15,25.279907,50921.773,0.0,20.364674,205.53944,50337.742,24.235413,40.68,6.061349,27.12,63.42079,89.32064,35.137947,1013.86676,1015.7,1012.2,1003.33124,1004.9891,1001.5657,14.0,62.0,0.0,18.870089,21.67745,17.400656
930,2022-07-19 00:00:00+00:00,3.0,32.75,18.1,24.781487,50851.613,0.0,18.0,225.32275,50306.695,24.222918,35.64,6.5391774,28.27,59.301758,91.541275,20.337675,1014.5291,1015.6,1012.8,1003.9853,1004.8863,1002.4069,10.541667,100.0,0.0,17.82604,19.62984,17.0474
931,2022-07-20 00:00:00+00:00,3.0,33.2,18.45,24.480621,50779.754,0.0,21.650938,205.87332,50242.38,23.981249,41.760002,6.3557906,27.84,58.276302,87.57955,19.965715,1015.7666,1017.8,1014.5,1005.20166,1007.2879,1003.98004,59.791668,100.0,0.0,17.6495,20.432817,15.793568
932,2022-07-21 00:00:00+00:00,3.0,32.65,18.05,24.140495,50706.266,0.0,17.826363,192.69534,50169.406,23.75208,36.0,6.098314,27.26,56.464615,80.8422,27.460272,1013.7207,1015.7,1011.4,1003.169,1004.9784,1001.13,55.875,100.0,0.0,17.370588,20.764563,15.215172
933,2022-07-22 00:00:00+00:00,3.0,31.25,16.5,23.390371,50630.918,0.0,16.08761,180.95744,50094.63,22.637497,34.56,5.788392,27.58,63.65272,83.36211,35.86541,1011.2583,1013.0,1008.6,1000.69305,1002.359,998.2277,26.0,100.0,0.0,17.505669,20.61212,14.358475
934,2022-07-23 00:00:00+00:00,3.0,29.8,17.05,22.969755,50553.156,0.0,19.174856,212.32217,41299.574,21.758333,38.16,5.1456175,25.02,72.33976,94.74316,41.695145,1011.1208,1012.7,1009.1,1000.5262,1002.0173,998.7721,43.583332,100.0,0.0,17.90611,20.892965,16.420101
935,2022-07-24 00:00:00+00:00,3.0,29.0,17.85,23.23745,50473.07,0.0,18.723461,224.90329,36050.195,21.722916,37.44,4.848617,24.15,73.45068,91.23187,46.69431,1012.06665,1013.6,1010.3,1001.4615,1002.87305,999.8114,42.541668,100.0,0.0,18.10405,20.86048,16.58827
936,2022-07-25 00:00:00+00:00,3.0,29.75,17.1,23.55731,50390.77,0.0,19.64228,227.78525,39765.105,22.075003,39.239998,5.139144,25.37,73.18622,92.949265,45.14444,1012.3875,1013.5,1010.3,1001.7912,1002.821,999.8967,22.958334,100.0,0.0,18.378216,21.2129,16.25911
937,2022-07-26 00:00:00+00:00,3.0,28.6,17.1,22.914808,50306.367,0.0,17.339897,222.51036,41951.54,21.783333,35.64,5.1397223,25.45,71.95391,93.843414,46.385395,1013.35834,1014.7,1012.0,1002.7415,1003.9687,1001.51483,23.208334,100.0,0.0,17.928007,20.477535,16.364132
938,2022-07-27 00:00:00+00:00,3.0,28.65,16.4,22.275345,50219.98,0.0,17.377226,204.28311,43113.367,21.429167,35.28,5.0541983,24.24,71.341415,99.05085,39.203545,1013.9375,1015.5,1011.7,1003.3015,1004.7695,1001.2889,28.833334,100.0,0.0,17.395796,19.313866,16.054913
939,2022-07-28 00:00:00+00:00,3.0,30.55,16.85,23.350134,50131.703,0.0,16.039202,190.4619,47238.082,22.783333,32.760002,5.479602,24.86,62.284412,91.75352,32.149258,1011.9583,1014.0,1009.6,1001.39087,1003.2506,999.28925,31.041666,100.0,0.0,17.326216,19.329136,15.6653805
940,2022-07-29 00:00:00+00:00,3.0,30.55,17.5,24.508852,50041.652,0.0,17.377226,194.70686,49510.336,23.474998,33.48,5.8039556,26.94,64.014336,92.97018,37.541817,1012.05835,1013.3,1010.1,1001.51483,1002.6829,999.75336,23.625,98.0,0.0,18.297907,20.54668,16.512114
941,2022-07-30 00:00:00+00:00,3.0,31.7,18.75,25.09385,49949.93,0.0,19.862083,210.47153,47646.08,24.072916,38.519997,5.4034414,23.43,62.886948,89.00713,34.720417,1013.23315,1015.2,1011.5,1002.69867,1004.56116,1001.2004,60.666668,100.0,0.0,18.689526,21.208485,16.983051
942,2022-07-31 00:00:00+00:00,53.0,31.65,20.05,25.12307,49856.64,1.4000001,19.35314,214.15973,43441.05,24.9625,36.36,5.5225863,21.73,52.932186,79.022995,26.432459,1015.04596,1016.4,1013.5,1004.524,1005.82,1003.2153,56.041668,100.0,14.0,17.97556,20.754557,15.944733
943,2022-08-01 00:00:00+00:00,3.0,30.65,19.7,25.349077,49761.887,0.0,19.513195,232.63045,46360.8,24.11042,36.36,5.703967,26.19,65.48621,88.52318,41.928272,1015.2041,1016.5,1013.5,1004.65094,1005.949,1003.10864,44.041668,100.0,0.0,19.20129,21.355137,17.447945
944,2022-08-02 00:00:00+00:00,3.0,29.6,18.25,24.114855,49665.76,0.0,21.470612,223.15236,49137.598,22.952085,41.039997,5.5495,26.14,69.60969,96.90574,37.305645,1015.33765,1016.6,1013.4,1004.74164,1005.9983,1002.90375,13.583333,100.0,0.0,18.605217,20.404053,16.893063
945,2022-08-03 00:00:00+00:00,3.0,32.15,17.55,24.382751,49568.38,0.0,17.566378,203.03804,45851.695,23.291664,36.0,5.1973853,23.59,64.96427,88.3439,32.6735,1012.8125,1014.9,1010.4,1002.25446,1004.17395,1000.0997,62.875,100.0,0.0,18.236818,20.614157,16.159904
946,2022-08-04 00:00:00+00:00,3.0,30.65,19.35,25.40684,49469.824,0.0,19.228851,211.8424,37161.695,23.833334,38.519997,5.1862407,23.66,67.264984,89.91211,39.456917,1012.4417,1013.7,1010.8,1001.9073,1003.0247,1000.49896,77.166664,100.0,21.0,19.143772,21.005018,17.837496
947,2022-08-05 00:00:00+00:00,3.0,31.75,19.65,25.512667,49370.19,0.0,21.566973,203.06856,41816.484,24.672918,40.32,5.852581,24.76,60.448334,81.78382,33.028908,1013.02496,1015.0,1010.9,1002.5137,1004.311,1000.47675,43.375,100.0,0.0,18.874365,21.039759,17.290998
948,2022-08-06 00:00:00+00:00,0.0,33.4,17.25,25.506882,49269.586,0.0,23.185787,191.80455,48744.605,24.572916,42.48,6.3299336,27.08,62.779022,96.88228,28.065716,1012.0793,1014.2,1009.1,1001.5726,1003.5931,998.7925,0.125,2.0,0.0,18.887093,21.83845,16.871761
949,2022-08-07 00:00:00+00:00,3.0,36.25,17.6,26.522894,49168.094,0.0,19.513195,202.51198,46444.863,25.84375,37.44,6.6634245,26.92,56.0704,92.983185,16.12055,1011.72485,1013.0,1009.7,1001.2654,1002.4711,999.6151,25.291666,98.0,0.0,18.64501,21.747358,16.758097
950,2022-08-08 00:00:00+00:00,3.0,34.05,19.05,26.946844,49065.797,0.0,15.072783,187.57791,46919.125,25.627083,31.68,6.062229,26.28,59.114414,92.17586,30.946213,1012.6208,1014.1,1010.6,1002.14655,1003.64526,1000.29065,40.416668,99.0,0.0,19.424665,21.904465,17.705664
951,2022-08-09 00:00:00+00:00,3.0,34.15,20.85,26.9284,48962.797,0.0,17.566378,210.81924,46378.438,26.412498,35.28,6.2159204,25.21,49.69328,71.69878,24.795763,1012.74585,1014.4,1011.1,1002.29767,1003.80365,1000.8094,45.75,100.0,0.0,18.618046,20.68174,17.289597
952,2022-08-10 00:00:00+00:00,2.0,34.75,20.75,27.366913,48859.176,0.0,19.969458,211.11427,47842.6,26.73958,38.88,6.527969,26.22,50.3529,76.40751,22.714655,1014.6375,1015.7,1013.4,1004.1807,1005.2185,1003.1046,8.041667,55.0,0.0,18.906662,22.162603,17.471792
953,2022-08-11 00:00:00+00:00,3.0,34.4,19.6,25.564606,48754.65,0.0,21.30093,203.91437,47825.332,25.456247,40.32,6.6075172,26.8,52.27016,76.9705,21.19134,1014.20856,1015.9,1011.8,1003.711,1005.3621,1001.436,23.583334,100.0,0.0,17.91542,19.714954,16.589157
954,2022-08-12 00:00:00+00:00,2.0,34.1,17.9,25.468626,48648.527,0.0,20.746122,205.93286,47520.438,25.141668,40.32,6.490694,26.58,55.699955,93.880005,19.755165,1012.5667,1013.9,1010.3,1002.0747,1003.35645,999.99725,8.916667,51.0,0.0,17.986755,19.99626,17.026451
955,2022-08-13 00:00:00+00:00,1.0,34.7,18.55,26.901657,48540.902,0.0,18.35647,208.23734,47412.28,26.260416,36.0,6.5533056,26.52,53.28647,88.991264,20.285109,1012.75,1013.7,1010.9,1002.29517,1003.1409,1000.63165,4.6666665,46.0,0.0,18.732586,21.947773,17.21994
956,2022-08-14 00:00:00+00:00,0.0,34.25,18.85,26.21572,48431.86,0.0,20.371038,210.53825,46880.258,25.252085,39.6,6.1570873,26.42,57.12662,86.2346,30.1844,1012.0,1013.6,1009.9,1001.51874,1002.9546,999.56244,0.20833333,4.0,0.0,18.718943,21.798037,17.180695
957,2022-08-15 00:00:00+00:00,0.0,33.2,17.85,25.774279,48321.51,0.0,17.610588,204.41249,46637.918,24.699999,35.64,6.050538,26.4,60.224575,94.175804,33.60483,1009.9001,1011.6,1007.7,999.4212,1000.9719,997.44403,0.16666667,2.0,0.0,18.713179,21.641129,17.142553
958,2022-08-16 00:00:00+00:00,1.0,33.5,17.8,25.596384,48209.953,0.0,19.914215,220.27196,46110.816,24.808332,38.88,6.0389576,25.7,57.547657,86.131165,28.743855,1009.04156,1010.5,1007.1,998.57495,999.8907,996.84326,7.5416665,28.0,0.0,18.34543,21.454054,15.9660225
959,2022-08-17 00:00:00+00:00,3.0,32.65,18.9,25.513235,48097.293,0.0,18.171976,212.86223,45586.11,24.716667,35.64,5.856393,24.69,59.089294,89.86815,29.343172,1011.3542,1013.1,1009.9,1000.86127,1002.45264,999.5589,15.583333,99.0,0.0,18.556776,21.179533,16.446667
960,2022-08-18 00:00:00+00:00,0.0,30.9,17.75,23.562538,47983.62,0.0,19.373219,206.2536,45635.15,23.099998,38.88,5.708662,25.93,59.360798,83.94153,29.25749,1012.02924,1013.7,1009.8,1001.4725,1003.01733,999.35175,0.6666667,4.0,0.0,17.252748,20.412817,15.6438675
961,2022-08-19 00:00:00+00:00,0.0,31.6,16.95,23.79339,47869.027,0.0,18.837324,191.76198,45114.574,23.231253,36.719997,5.629915,25.35,61.260487,88.29311,34.580547,1009.0208,1011.8,1005.9,998.4995,1001.11383,995.5452,1.1666666,7.0,0.0,17.64678,20.736816,14.667818
962,2022-08-20 00:00:00+00:00,3.0,29.9,18.8,24.692503,47753.617,0.0,16.595179,157.40741,40573.945,23.262503,31.68,5.071089,23.82,71.734474,93.33109,42.531563,1010.66254,1013.6,1009.1,1000.1269,1002.9509,998.4495,45.958332,100.0,0.0,19.289644,21.11273,17.868975
963,2022-08-21 00:00:00+00:00,3.0,28.95,19.35,24.376883,47637.47,0.0,15.349684,187.4199,30178.402,22.722916,31.68,4.141213,19.76,73.76847,89.05467,47.42882,1015.3958,1017.4,1013.9,1004.7922,1006.81494,1003.2424,42.833332,100.0,0.0,19.14216,20.947601,18.00047
964,2022-08-22 00:00:00+00:00,3.0,30.1,18.1,24.231682,47520.68,0.0,16.563911,205.36122,37958.055,22.493752,34.56,4.7711368,23.0,72.97169,93.30387,44.104763,1014.2417,1016.7,1011.2,1003.64087,1006.00415,1000.6653,37.5,100.0,0.0,18.70117,21.313316,17.221909
965,2022-08-23 00:00:00+00:00,3.0,32.1,16.75,24.618246,47403.332,0.0,18.335276,210.67308,41246.676,22.902086,36.36,5.227045,24.57,72.11965,99.051926,36.92014,1009.1291,1011.8,1006.6,998.5949,1001.1031,996.39526,15.791667,100.0,0.0,18.820105,21.77025,16.541353
966,2022-08-24 00:00:00+00:00,1.0,32.2,18.7,26.314161,47285.52,0.0,17.313717,171.60716,43959.73,24.4375,34.56,5.5290523,24.7,69.00686,96.61247,41.35848,1010.36664,1012.9,1009.1,999.8743,1002.2815,998.7993,5.9583335,48.0,0.0,19.869207,22.608715,18.28493
967,2022-08-25 00:00:00+00:00,2.0,32.6,19.6,26.193207,47167.324,0.0,16.485485,215.87148,44153.258,24.697914,32.760002,5.573125,24.64,63.843807,85.82888,36.35451,1013.59576,1014.9,1012.1,1003.07904,1004.25836,1001.8096,8.291667,73.0,0.0,19.331842,21.792343,17.721973
968,2022-08-26 00:00:00+00:00,3.0,30.0,18.2,24.661264,47048.83,0.0,18.584509,217.46315,43325.246,23.00625,37.44,5.225953,24.81,72.172264,98.753494,42.872845,1013.1126,1015.0,1010.8,1002.54156,1004.2911,1000.27637,7.2916665,100.0,0.0,19.007923,21.54764,17.413239
969,2022-08-27 00:00:00+00:00,3.0,28.5,18.0,23.80069,46930.12,0.0,16.595179,209.61784,43200.0,22.387503,34.56,5.0077477,24.46,72.32037,96.8999,45.012802,1010.85846,1012.6,1008.3,1000.2893,1001.9001,997.78827,16.541666,100.0,0.0,18.529404,20.86211,17.272823
970,2022-08-28 00:00:00+00:00,3.0,28.25,18.85,23.574144,46811.27,0.0,16.800856,215.49855,39925.594,22.283333,34.92,4.701766,23.05,71.08286,89.87917,48.0016,1010.12915,1011.6,1007.9,999.5645,1001.0043,997.43286,33.541668,100.0,0.0,18.34648,20.452137,17.149363
971,2022-08-29 00:00:00+00:00,2.0,28.75,17.45,23.133005,46692.363,0.0,19.67195,217.3608,43200.0,21.995834,37.8,4.727969,22.8,70.828186,92.682785,45.30667,1011.7043,1013.2,1010.3,1001.1125,1002.71814,999.8742,12.0,63.0,0.0,17.98366,20.42185,16.573458
972,2022-08-30 00:00:00+00:00,0.0,33.95,17.15,24.607458,46573.484,0.0,18.668005,197.90227,43964.297,24.36875,37.079998,5.9523177,24.67,56.758118,88.057106,21.057663,1012.5,1014.3,1010.5,1001.9814,1003.60724,1000.16815,0.5833333,8.0,0.0,17.649927,20.744263,14.690104
973,2022-08-31 00:00:00+00:00,0.0,39.45,19.0,28.485197,46454.33,0.0,18.678415,216.60721,43983.08,28.741667,36.0,6.908125,24.58,40.530315,74.66989,20.801718,1009.3416,1012.0,1005.6,999.0052,1001.3787,995.5285,0.25,2.0,0.0,18.510519,22.638836,15.192551
974,2022-09-01 00:00:00+00:00,3.0,37.7,22.45,29.774042,46334.19,0.0,15.856356,149.98396,42570.047,29.472918,33.839996,6.649893,23.05,40.91135,65.79217,25.052494,1006.75,1008.1,1004.8,996.4681,997.91986,994.7497,25.458334,97.0,0.0,19.837238,22.759678,16.58583
975,2022-09-02 00:00:00+00:00,2.0,37.9,22.2,30.072104,46213.125,0.0,17.709658,176.3827,43461.27,28.931252,35.64,6.3951607,23.69,49.715576,75.67494,25.512196,1007.9124,1010.1,1005.8,997.59937,999.63104,995.66626,13.791667,71.0,0.0,20.64374,23.105082,18.577274
976,2022-09-03 00:00:00+00:00,0.0,38.45,21.95,31.182837,46091.223,0.0,20.073025,221.40791,43480.68,29.7125,38.16,6.472807,22.81,50.472683,83.36151,28.500393,1009.22504,1011.0,1007.7,998.92487,1000.6099,997.6832,5.125,17.0,0.0,21.468248,24.34191,19.305609
977,2022-09-04 00:00:00+00:00,3.0,43.05,25.85,34.186802,45968.57,0.0,24.821732,218.76823,43220.96,32.885418,49.32,6.275991,20.48,41.2842,69.21264,19.008537,1009.48755,1011.4,1006.6,999.2903,1000.9955,996.71893,28.0,100.0,0.0,22.218115,24.466574,19.728355
978,2022-09-05 00:00:00+00:00,1.0,37.7,23.6,32.198868,45845.254,0.0,19.296135,193.46898,43240.664,29.616667,37.079998,6.068978,22.74,57.951847,85.122154,32.45592,1007.28754,1008.8,1004.5,997.0044,998.34985,994.4589,7.5833335,31.0,0.0,22.745888,25.45294,20.717546
979,2022-09-06 00:00:00+00:00,0.0,37.3,21.15,30.183199,45721.344,0.0,16.055355,202.6094,43260.383,27.775,34.92,5.8348894,23.16,63.34647,95.19633,28.016016,1009.4084,1012.4,1007.9,999.0406,1001.8685,997.5355,0.9166667,9.0,0.0,21.821917,24.293419,20.369171
980,2022-09-07 00:00:00+00:00,2.0,39.1,22.35,31.092775,45596.934,0.0,19.486609,211.84686,43280.11,29.275002,36.719997,5.9334474,21.91,53.620205,80.39211,25.40422,1011.95825,1014.2,1009.5,1001.61505,1003.7497,999.3716,9.083333,57.0,0.0,21.404604,24.046156,19.379572
981,2022-09-08 00:00:00+00:00,3.0,38.4,22.45,31.877188,45472.1,0.0,16.87398,205.02843,41719.793,30.372915,32.039997,6.162784,21.03,49.39058,79.87896,22.456808,1007.04175,1011.6,1000.7,996.78595,1001.1661,990.5825,35.791668,100.0,0.0,21.78486,23.819458,19.2616
982,2022-09-09 00:00:00+00:00,63.0,39.95,22.5,30.926361,45346.926,18.9,28.1169,106.30574,21600.0,29.841665,51.12,5.1437955,12.91,52.93182,97.31574,18.662794,1000.87506,1006.3,998.7,990.665,995.7845,988.6158,87.708336,100.0,21.0,21.81637,24.490013,18.564323
983,2022-09-10 00:00:00+00:00,53.0,27.0,22.3,27.83821,45221.48,2.7999997,12.783802,202.94576,7143.357,24.256247,23.039999,2.0289588,8.87,84.40487,94.07556,70.75881,1009.93335,1013.3,1006.1,999.44165,1002.7327,995.58124,96.375,100.0,43.0,22.173355,23.460442,20.695425
984,2022-09-11 00:00:00+00:00,63.0,29.1,21.9,28.417145,45095.848,5.8999996,17.414474,247.50348,38696.816,24.589582,30.960001,3.6170032,17.91,83.91551,96.12175,65.80208,1014.68335,1016.4,1012.7,1004.15356,1005.85535,1002.3148,57.708332,100.0,8.0,22.39496,24.422388,21.124825
985,2022-09-12 00:00:00+00:00,63.0,27.5,21.55,27.277672,44970.1,2.9999998,17.22742,225.2502,36784.785,23.90417,30.239998,2.8650181,14.17,84.94415,100.0,69.190735,1013.51245,1015.2,1011.1,1002.9709,1004.6851,1000.64325,53.875,100.0,1.0,21.881033,23.146336,20.311409
986,2022-09-13 00:00:00+00:00,51.0,27.8,20.1,26.057726,44844.324,0.3,13.896187,181.9266,42598.004,23.235418,25.56,3.624864,18.44,81.476265,97.24988,57.742233,1010.93335,1012.6,1009.0,1000.3945,1001.9686,998.5944,15.75,100.0,0.0,20.722925,22.911938,19.482456
987,2022-09-14 00:00:00+00:00,3.0,27.25,18.65,23.702677,44718.582,0.0,15.408671,161.26654,39303.254,21.837502,29.519999,3.3696032,17.18,80.43909,96.04322,54.053932,1011.7625,1013.0,1010.6,1001.1655,1002.45184,1000.1798,30.458334,100.0,0.0,19.224491,20.768621,18.027145
988,2022-09-15 00:00:00+00:00,51.0,27.1,17.4,23.101494,44592.96,0.1,16.323528,190.52074,41554.117,21.481247,31.68,3.9564524,20.43,77.79497,97.81099,51.85563,1013.3916,1014.9,1012.0,1002.7646,1004.3,1001.455,22.875,100.0,0.0,18.498625,20.50693,17.131918
989,2022-09-16 00:00:00+00:00,3.0,27.9,16.7,22.80339,44467.527,0.0,20.46941,215.87907,39818.594,21.402084,38.88,4.155953,21.05,77.114975,98.424286,47.86851,1012.30005,1014.2,1010.2,1001.68097,1003.5877,999.6403,20.791666,100.0,0.0,18.290419,20.640865,16.247986
990,2022-09-17 00:00:00+00:00,3.0,27.85,17.1,22.363028,44342.355,0.0,17.49615,175.91447,42195.023,21.352083,32.399998,3.9240227,19.14,75.3944,99.68505,41.695827,1009.2957,1011.1,1006.9,998.7067,1000.5468,996.4502,25.833334,84.0,0.0,17.97473,19.403242,16.954294
991,2022-09-18 00:00:00+00:00,51.0,25.05,18.45,20.924356,44217.523,0.1,16.279802,181.5074,42660.82,21.010414,32.760002,3.808597,17.6,69.43043,85.92077,48.783234,1009.18335,1010.4,1008.2,998.5839,999.9,997.5193,42.708332,100.0,0.0,17.0063,18.216742,16.332134
992,2022-09-19 00:00:00+00:00,0.0,27.25,16.2,21.76182,44093.11,0.0,22.077717,248.73636,42578.516,21.079168,41.039997,4.376472,21.55,70.81573,94.10574,39.150505,1010.72906,1012.0,1009.4,1000.115,1001.31366,998.9069,1.875,16.0,0.0,17.09907,18.558573,14.660582
993,2022-09-20 00:00:00+00:00,3.0,27.6,18.2,23.000036,43968.797,0.0,20.60823,250.47577,42496.094,22.289583,39.6,4.1563597,19.31,66.1818,91.58767,47.83517,1012.05835,1013.4,1010.4,1001.4737,1002.84045,999.87177,28.333334,100.0,0.0,17.748587,20.395668,13.83103
994,2022-09-21 00:00:00+00:00,1.0,28.4,15.95,22.36444,43843.844,0.0,21.659916,257.7995,42413.074,22.016668,39.239998,4.796376,21.64,64.48377,97.18804,28.889114,1012.79156,1014.5,1010.9,1002.18896,1003.9149,1000.4404,5.1666665,38.0,0.0,16.968533,18.83829,15.3811455
995,2022-09-22 00:00:00+00:00,0.0,31.45,15.55,22.625536,43718.316,0.0,19.694992,219.96797,42329.555,22.789583,37.079998,4.9503164,21.94,54.434093,82.330055,22.331026,1012.7959,1014.6,1010.4,1002.2192,1004.0598,1000.0673,0.5833333,8.0,0.0,16.110216,18.679375,11.974865
996,2022-09-23 00:00:00+00:00,3.0,34.05,18.0,24.261253,43592.297,0.0,18.504139,218.75983,42245.637,24.44375,35.28,5.111556,20.66,50.404114,88.38172,21.730326,1012.58325,1014.5,1010.7,1002.0672,1003.8758,1000.4603,24.583334,92.0,0.0,16.829733,19.333345,13.425772
997,2022-09-24 00:00:00+00:00,2.0,33.65,18.7,25.33512,43465.86,0.0,20.380579,222.30017,41928.586,24.937494,38.16,5.2456684,20.02,58.307705,97.2208,15.308611,1014.89166,1016.3,1013.6,1004.36957,1005.94293,1003.2109,17.458334,56.0,0.0,18.108337,19.54809,15.877573
998,2022-09-25 00:00:00+00:00,0.0,33.65,18.15,25.098097,43339.086,0.0,19.770523,199.54738,41971.68,24.462502,37.44,4.942389,20.12,60.453705,87.32387,26.342552,1014.20013,1016.0,1011.9,1003.6678,1005.41644,1001.475,0.041666668,1.0,0.0,18.357166,20.532583,16.621649
999,2022-09-26 00:00:00+00:00,1.0,33.7,17.95,25.450003,43212.066,0.0,17.974781,192.05675,40903.844,24.558334,34.56,4.8179207,19.63,61.686756,89.82015,29.435465,1011.55835,1013.2,1009.1,1001.05707,1002.65405,998.726,8.333333,34.0,0.0,18.70196,21.270025,16.357582
1000,2022-09-27 00:00:00+00:00,1.0,35.3,18.65,26.404541,43084.875,0.0,18.089775,188.15736,41224.87,25.43958,34.92,4.9976654,19.99,59.405346,87.04211,28.299204,1010.6624,1011.9,1008.7,1000.201,1001.36554,998.484,9.541667,42.0,0.0,19.140501,21.931818,17.08294
1001,2022-09-28 00:00:00+00:00,1.0,35.65,19.3,26.839409,42957.594,0.0,18.089775,195.58241,40990.24,25.525002,36.719997,4.8150315,19.8,61.005375,83.05504,27.937687,1012.59576,1014.9,1011.5,1002.1182,1004.2605,1001.1086,2.0833333,22.0,0.0,19.633293,22.51389,17.031273
1002,2022-09-29 00:00:00+00:00,3.0,32.15,18.6,25.185732,42830.305,0.0,18.374111,203.67972,38030.5,23.216667,35.64,4.2362366,19.32,76.47755,100.0,40.37847,1013.7041,1015.6,1011.2,1003.1343,1004.91376,1000.8736,28.416666,100.0,0.0,19.763494,22.274822,18.505789
1003,2022-09-30 00:00:00+00:00,3.0,27.85,17.25,22.242348,42703.094,0.0,14.773164,197.58557,38990.246,20.897917,30.599998,3.5626607,17.72,79.15742,100.0,47.43776,1011.2459,1012.9,1008.8,1000.6197,1002.2674,998.2476,31.666666,100.0,0.0,18.051786,20.015692,16.523773
1004,2022-10-01 00:00:00+00:00,3.0,26.6,15.15,20.527475,42576.027,0.0,16.279802,218.46205,27598.31,19.766665,32.399998,3.2488396,15.9,76.09818,100.0,43.999626,1011.15405,1012.6,1009.5,1000.4886,1001.8579,999.0232,36.791668,100.0,0.0,16.613766,18.378828,15.125851
1005,2022-10-02 00:00:00+00:00,1.0,26.9,14.85,21.074568,42449.203,0.0,16.610792,235.29591,38675.1,20.262499,33.12,3.6755114,18.22,75.70553,99.35773,48.8165,1013.1623,1014.7,1011.7,1002.49316,1003.97284,1001.183,8.25,47.0,0.0,17.00558,19.526281,14.750845
1006,2022-10-03 00:00:00+00:00,3.0,27.9,16.0,21.798246,42322.695,0.0,16.78156,216.38443,33955.98,20.447918,33.12,3.4065514,16.89,78.66973,99.048294,48.524315,1014.2417,1016.2,1011.9,1003.56744,1005.3829,1001.40894,21.041666,100.0,0.0,17.562122,20.242964,15.718063
1007,2022-10-04 00:00:00+00:00,3.0,30.35,16.55,23.173506,42196.594,0.0,15.986593,199.85527,32400.0,21.504166,32.039997,3.6798818,17.66,78.67633,99.99999,43.20118,1013.1667,1014.5,1011.1,1002.5413,1003.83606,1000.6502,20.958334,100.0,0.0,18.49603,21.351204,16.461584
1008,2022-10-05 00:00:00+00:00,3.0,29.55,17.4,23.186308,42070.973,0.0,16.92383,193.45863,30345.41,21.3375,32.039997,3.3703308,16.26,81.7142,99.685745,47.13891,1014.2292,1015.7,1012.4,1003.58734,1004.9856,1001.91943,48.083332,100.0,2.0,18.786335,21.404999,17.182142
1009,2022-10-06 00:00:00+00:00,3.0,29.1,17.65,22.926308,41945.926,0.0,17.654688,195.92006,28800.0,21.239582,33.48,3.1640604,15.34,80.46039,99.372154,46.572784,1015.96246,1017.9,1013.9,1005.29913,1007.1678,1003.34607,61.875,100.0,9.0,18.570063,20.93743,17.456898
1010,2022-10-07 00:00:00+00:00,3.0,29.2,17.25,22.902277,41821.527,0.0,15.077082,226.30609,32361.447,21.37708,31.319998,3.288444,15.78,78.07942,99.369484,46.451717,1016.4792,1018.1,1014.5,1005.8152,1007.2701,1003.97125,33.791668,100.0,0.0,18.371096,21.010664,16.691511
1011,2022-10-08 00:00:00+00:00,2.0,29.95,17.15,23.201088,41697.875,0.0,15.782622,225.29373,32400.0,21.735418,32.039997,3.5139987,16.0,76.21535,99.05485,43.108376,1016.6416,1018.5,1014.5,1005.98846,1007.81396,1004.0066,25.791666,62.0,0.0,18.37734,21.144505,16.822853
1012,2022-10-09 00:00:00+00:00,3.0,28.95,16.8,22.506285,41575.043,0.0,16.323528,219.45595,36548.992,21.010416,31.319998,3.4972205,16.73,79.098404,99.99999,44.641613,1016.02094,1017.8,1013.7,1005.3484,1007.1213,1003.18494,23.208334,100.0,0.0,18.095644,20.451979,16.716534
1013,2022-10-10 00:00:00+00:00,3.0,27.1,15.9,21.312029,41452.71,0.0,16.45007,210.19153,28800.0,19.989584,30.239998,2.9495869,14.62,80.91918,100.0,49.884953,1014.64996,1016.6,1011.8,1003.9555,1005.8101,1001.2395,51.208332,100.0,0.0,17.44167,19.799358,15.881163
1014,2022-10-11 00:00:00+00:00,3.0,27.35,16.05,21.396011,41330.06,0.0,17.208603,233.6524,25764.66,20.158335,33.12,2.7710118,13.44,79.58622,99.04683,46.84988,1015.1416,1017.2,1013.6,1004.4483,1006.42584,1003.01196,54.75,100.0,4.0,17.456038,19.749977,15.921694
1015,2022-10-12 00:00:00+00:00,51.0,26.5,17.35,21.86093,41207.156,0.1,17.414474,231.52571,30689.824,20.59583,32.760002,2.8639016,14.2,79.37293,92.96234,52.008682,1017.38336,1019.6,1016.2,1006.6824,1008.89154,1005.57025,40.416668,100.0,1.0,17.876467,19.636189,16.508598
1016,2022-10-13 00:00:00+00:00,3.0,26.45,17.65,21.356659,41084.09,0.0,16.870138,210.90729,25200.0,20.070833,32.399998,2.5652516,12.64,80.38712,95.98045,51.334656,1015.1416,1017.8,1012.1,1004.4454,1007.0103,1001.515,55.166668,100.0,1.0,17.51639,19.458933,16.094286
1017,2022-10-14 00:00:00+00:00,3.0,26.0,16.8,20.594736,40960.957,0.0,17.566378,202.02731,19030.764,19.643751,32.760002,2.4392917,11.92,77.6481,95.03803,48.95902,1011.0418,1013.2,1008.1,1000.37305,1002.43146,997.6292,74.333336,100.0,0.0,16.76672,18.84452,15.65156
1018,2022-10-15 00:00:00+00:00,51.0,23.65,17.85,20.44135,40837.855,1.2000002,9.511088,235.2835,3414.082,19.620834,20.519999,1.4181819,5.53,73.949486,82.41514,55.970142,1012.02924,1013.4,1010.9,1001.35016,1002.64795,1000.18884,97.25,100.0,62.0,16.374876,17.713512,15.556379
1019,2022-10-16 00:00:00+00:00,3.0,24.55,15.7,19.527143,40714.88,0.0,18.35647,225.30966,34281.35,19.033335,33.48,2.3669271,11.69,77.672554,94.70749,53.71637,1015.5625,1017.2,1013.2,1004.8242,1006.4076,1002.4148,46.833332,100.0,0.0,16.194695,18.173769,15.069641
1020,2022-10-17 00:00:00+00:00,3.0,27.35,13.65,20.18445,40592.125,0.0,15.683774,222.24988,39361.04,19.533335,30.960001,3.117292,15.41,75.6727,97.74986,45.510727,1015.46674,1017.3,1013.0,1004.74585,1006.521,1002.4607,15.916667,83.0,0.0,16.278807,19.403702,13.151371
1021,2022-10-18 00:00:00+00:00,2.0,32.9,15.65,23.193321,40469.68,0.0,15.778518,217.39317,39311.53,23.066668,29.88,3.9261498,15.97,59.489857,94.687546,23.023088,1014.57086,1016.4,1012.3,1003.9847,1005.72687,1001.99884,6.75,68.0,0.0,16.861582,19.333582,14.409727
1022,2022-10-19 00:00:00+00:00,3.0,35.5,18.55,24.373762,40347.656,0.0,21.385939,21.467834,39261.676,26.347916,36.36,4.7768917,16.0,29.397058,56.485756,13.758262,1014.5708,1016.4,1012.1,1004.1005,1005.98737,1001.8763,13.541667,89.0,0.0,14.87038,17.83071,11.452253
1023,2022-10-20 00:00:00+00:00,3.0,32.85,19.55,23.633837,40226.156,0.0,19.483284,194.93141,37846.41,25.327085,35.64,4.7249,15.4,35.774853,76.60408,18.94538,1012.9207,1014.6,1010.6,1002.43365,1004.0825,1000.19525,52.041668,100.0,0.0,15.421189,17.580275,12.599319
1024,2022-10-21 00:00:00+00:00,1.0,28.05,16.05,21.311731,40105.27,0.0,13.324863,167.82486,39160.918,20.616663,26.28,3.1984842,15.54,73.718346,96.27754,42.022945,1011.89166,1013.7,1009.7,1001.24854,1003.06433,999.2298,7.875,49.0,0.0,17.092367,19.310999,14.561779
1025,2022-10-22 00:00:00+00:00,51.0,21.35,16.1,18.417627,39985.105,1.2,16.575644,191.00871,25892.465,18.52083,31.319998,2.1042109,8.84,77.08529,96.854965,60.86402,1009.23334,1011.8,1006.7,998.54395,1001.0463,996.028,87.666664,100.0,4.0,15.701985,17.036064,14.482632
1026,2022-10-23 00:00:00+00:00,51.0,25.45,13.2,16.515984,39865.77,0.1,25.460934,222.58667,38520.273,17.516668,44.639996,3.084698,15.37,64.95541,91.03896,12.508621,1010.42914,1015.5,1007.7,999.68915,1004.54614,996.90314,26.041666,100.0,0.0,12.900424,14.928024,10.436877
1027,2022-10-24 00:00:00+00:00,0.0,24.65,9.3,13.5758505,39747.367,0.0,14.417988,325.9806,39007.297,16.504166,28.08,3.4588263,15.94,35.239132,74.428444,12.701878,1019.2834,1021.3,1016.3,1008.41,1010.5427,1005.33936,0.0,0.0,0.0,8.201797,10.932898,4.2327175
1028,2022-10-25 00:00:00+00:00,0.0,26.9,12.5,15.064114,39630.01,0.0,16.489416,100.00803,38955.465,18.266668,32.039997,3.988255,15.68,29.389345,53.034504,13.547487,1017.64996,1021.1,1014.7,1006.8593,1010.09143,1004.03204,1.7083334,16.0,0.0,9.044922,12.424179,5.6549683
1029,2022-10-26 00:00:00+00:00,3.0,23.9,11.85,15.953246,39513.81,0.0,17.414474,232.79202,38903.34,17.106245,32.760002,3.0985072,15.37,63.377903,86.65368,34.570618,1014.2166,1016.0,1012.0,1003.42114,1005.1499,1001.36774,30.208334,100.0,0.0,12.5899725,14.918213,8.6621895
1030,2022-10-27 00:00:00+00:00,3.0,25.25,13.95,17.801775,39398.87,0.0,14.707222,359.38724,35397.97,18.233334,25.199999,2.7722104,14.27,68.39641,89.200584,34.7698,1015.69586,1017.7,1013.9,1004.92584,1006.8093,1002.99176,20.791666,100.0,0.0,14.176045,16.05592,12.572927
1031,2022-10-28 00:00:00+00:00,3.0,26.25,11.85,16.947445,39285.316,0.0,16.299694,212.69199,33901.902,18.366665,29.88,3.1365547,14.59,52.02707,94.65334,25.863518,1019.4375,1021.3,1017.9,1008.63257,1010.5062,1007.02014,25.583334,100.0,0.0,12.272812,16.052082,7.152486
1032,2022-10-29 00:00:00+00:00,2.0,26.75,12.75,16.14769,39173.258,0.0,16.831684,333.43494,38664.473,18.033333,30.599998,3.253541,15.38,45.04431,90.40535,20.115372,1018.29987,1020.1,1016.0,1007.49445,1009.16266,1005.47186,8.166667,50.0,0.0,11.014754,13.717461,7.601575
1033,2022-10-30 00:00:00+00:00,3.0,28.0,14.25,16.564222,39062.348,0.0,15.463246,346.50418,38552.863,19.491667,28.8,3.845892,15.39,28.54415,45.940964,16.3559,1014.7791,1016.6,1012.6,1004.0643,1005.7636,1001.99915,26.0,100.0,0.0,9.991105,14.14547,6.5458946
1034,2022-10-31 00:00:00+00:00,3.0,27.35,13.4,17.190125,38951.707,0.0,14.336861,119.28567,31438.25,19.641666,23.039999,3.7306263,13.35,37.268696,84.488556,17.57379,1012.0251,1013.8,1009.6,1001.34406,1002.92084,999.17255,74.666664,100.0,0.0,11.363267,16.17599,5.9343176
1035,2022-11-01 00:00:00+00:00,3.0,22.75,16.0,17.803993,38841.414,0.0,18.671474,140.96262,31867.73,18.218752,35.28,2.695463,13.18,76.43839,99.050476,48.365936,1012.6543,1015.3,1011.2,1001.91705,1004.45355,1000.4102,61.416668,100.0,6.0,15.260868,16.424662,13.109661
1036,2022-11-02 00:00:00+00:00,63.0,21.2,12.3,14.386142,38731.582,11.700001,19.694992,275.57202,25890.555,16.445833,43.92,2.884953,11.47,60.31954,94.01868,23.447887,1015.19586,1016.7,1013.8,1004.3663,1005.8181,1003.13995,56.791668,100.0,0.0,11.588025,13.652014,6.4242706
1037,2022-11-03 00:00:00+00:00,1.0,18.85,9.9,8.80605,38622.316,0.0,31.394394,312.92282,37947.316,13.7229185,54.36,4.226049,15.08,39.671734,65.80279,21.900658,1017.3709,1021.9,1015.5,1006.4152,1010.7765,1004.419,4.2083335,33.0,0.0,6.9240813,8.769428,4.2237644
1038,2022-11-04 00:00:00+00:00,3.0,21.35,6.95,10.461482,38513.73,0.0,15.546833,252.68819,35582.74,13.474999,30.239998,2.9290593,14.32,40.1559,70.112144,18.141928,1023.3042,1025.6,1021.9,1012.2732,1014.50055,1010.8129,80.791664,100.0,0.0,6.7142777,10.857108,2.0455127
1039,2022-11-05 00:00:00+00:00,3.0,22.9,8.7,12.107944,38405.94,0.0,13.896187,88.47243,37891.914,14.985415,27.72,3.2238243,14.79,43.83606,65.58185,20.41444,1017.00415,1022.1,1013.4,1006.0987,1011.0073,1002.6385,32.041668,98.0,0.0,8.362563,11.478006,4.328602
1040,2022-11-06 00:00:00+00:00,1.0,21.65,10.55,13.939397,38299.062,0.0,13.363711,152.24156,37004.36,15.485416,27.72,2.705635,14.02,61.222153,86.93389,42.47751,1012.8665,1014.0,1010.9,1002.0251,1003.26166,1000.2846,4.2916665,29.0,0.0,10.959903,14.031784,7.2916384
1041,2022-11-07 00:00:00+00:00,53.0,17.2,13.85,14.977356,38193.215,5.6,18.504139,157.81595,0.0,15.464583,29.88,0.68067724,2.13,88.06061,98.06929,79.88631,1014.2041,1015.4,1013.2,1003.3493,1004.56354,1002.4056,97.041664,100.0,54.0,14.0757,15.199966,13.04059
1042,2022-11-08 00:00:00+00:00,63.0,18.45,11.7,12.727894,38088.52,27.499998,34.94968,187.9965,11128.557,14.177083,60.479996,1.146261,5.73,90.03834,99.67388,64.8704,1011.35846,1014.2,1008.9,1000.48517,1003.24475,998.0531,92.083336,100.0,48.0,13.004155,15.797234,11.160013
1043,2022-11-09 00:00:00+00:00,61.0,17.35,8.1,10.100493,37985.1,3.8,23.051247,304.0689,36063.008,11.735417,37.079998,2.0444226,13.44,78.63421,95.44955,42.127987,1017.39996,1021.1,1012.9,1006.3684,1009.8989,1001.89185,26.333334,96.0,0.0,9.355005,11.120744,7.164034
1044,2022-11-10 00:00:00+00:00,0.0,19.05,5.1,9.357095,37883.086,0.0,8.766573,349.38037,36949.977,11.247914,11.5199995,2.2123504,14.52,65.29603,88.070335,30.286228,1019.5627,1021.0,1017.8,1008.4866,1009.8204,1006.9883,0.125,1.0,0.0,7.380522,11.850933,3.5056753
1045,2022-11-11 00:00:00+00:00,3.0,19.85,6.2,9.226854,37782.59,0.0,10.1376915,10.808191,33795.72,11.554166,13.679999,2.1868057,13.4,57.466354,75.60533,24.660389,1018.0666,1019.4,1016.1,1007.01874,1008.41547,1005.297,63.958332,100.0,0.0,6.811197,10.988113,2.960528
1046,2022-11-12 00:00:00+00:00,0.0,19.3,7.25,9.943551,37683.758,0.0,11.720751,47.89136,36630.72,12.487499,20.519999,2.5900826,14.28,52.82507,78.95853,37.158913,1016.9917,1018.6,1015.9,1005.9921,1007.6674,1005.0483,0.0,0.0,0.0,7.398054,12.46777,3.4985762
1047,2022-11-13 00:00:00+00:00,1.0,19.4,6.3,9.298061,37586.71,0.0,17.414474,334.41843,36019.613,11.674999,29.88,2.384174,13.51,64.62641,81.78138,36.559532,1016.11664,1018.6,1014.7,1005.0948,1007.3929,1003.9725,4.7083335,46.0,0.0,7.7409253,11.487999,4.3004904
1048,2022-11-14 00:00:00+00:00,0.0,20.5,6.65,9.851779,37491.59,0.0,9.693296,10.268237,36315.414,12.237499,16.199999,2.4618464,14.07,57.020794,77.56199,28.371038,1019.25836,1020.8,1018.1,1008.22363,1009.83453,1007.298,0.9166667,15.0,0.0,7.404381,11.471226,3.6906137
1049,2022-11-15 00:00:00+00:00,0.0,21.45,5.7,10.659385,37398.523,0.0,14.689589,345.25647,36007.79,13.458331,23.759998,2.7958136,14.08,47.38846,71.515144,20.92937,1019.67084,1021.7,1018.5,1008.6787,1010.6907,1007.8174,0.0,0.0,0.0,7.425362,10.999489,3.0832
1050,2022-11-16 00:00:00+00:00,0.0,22.85,8.55,11.287159,37307.65,0.0,13.18308,233.40172,36004.43,14.714584,20.16,3.2597535,14.27,35.791653,56.24285,13.325555,1023.18335,1025.4,1021.8,1012.2016,1014.4849,1010.6424,0.0,0.0,0.0,7.1369743,11.180141,3.683199
1051,2022-11-17 00:00:00+00:00,3.0,24.1,5.35,9.965628,37219.113,0.0,14.973577,25.08349,36002.895,12.770832,23.039999,2.60899,14.12,45.175793,63.852135,13.003168,1021.09174,1024.0,1017.8,1010.0549,1012.7373,1006.846,36.125,100.0,0.0,6.325184,11.822813,1.5830126
1052,2022-11-18 00:00:00+00:00,1.0,21.15,6.7,11.52263,37133.05,0.0,13.896187,71.50507,35698.14,14.102084,17.64,2.7065105,13.59,46.46724,79.26904,28.172712,1015.1418,1017.7,1012.8,1004.22296,1006.6532,1002.16846,2.5416667,39.0,0.0,8.128957,12.367889,2.471796
1053,2022-11-19 00:00:00+00:00,0.0,23.75,8.5,11.270477,37049.17,0.0,14.291592,96.76612,35699.58,14.968751,22.68,3.2229898,13.88,28.844727,49.955948,10.412778,1017.64166,1020.5,1015.8,1006.72784,1009.3664,1004.7737,0.0,0.0,0.0,6.206299,9.399502,3.3671484
1054,2022-11-20 00:00:00+00:00,0.0,25.4,4.25,10.09723,36966.67,0.0,10.028439,355.30142,35396.81,13.647916,16.919998,2.7334507,13.81,28.619873,50.634777,7.4256644,1020.4834,1022.8,1018.3,1009.4849,1011.8318,1007.70776,0.20833333,5.0,0.0,4.8511353,9.253191,0.18633413
1055,2022-11-21 00:00:00+00:00,3.0,24.7,6.35,10.796669,36885.613,0.0,7.5599995,22.994915,32898.445,14.575001,15.4800005,2.787958,12.31,25.400826,41.177555,5.9953723,1019.24176,1020.6,1017.1,1008.29376,1009.81006,1006.5,61.458332,100.0,0.0,5.2874355,8.913773,1.3049898
1056,2022-11-22 00:00:00+00:00,3.0,24.45,7.8,10.890832,36806.105,0.0,13.1041975,9.10451,34879.3,14.64375,23.4,3.019154,13.49,25.625954,38.395138,6.9343348,1017.93335,1019.3,1016.1,1007.0036,1008.3168,1005.52466,41.833332,100.0,0.0,5.562403,8.633709,2.1251988
1057,2022-11-23 00:00:00+00:00,2.0,22.9,8.7,12.215772,36728.246,0.0,10.144082,52.628098,35108.734,15.589583,15.119999,2.8244765,13.26,26.391317,49.350227,13.681055,1017.81647,1019.2,1016.6,1006.9257,1008.36224,1005.9465,23.416666,70.0,0.0,6.816771,11.196712,2.3482714
1058,2022-11-24 00:00:00+00:00,3.0,26.85,9.15,12.590314,36652.15,0.0,18.899143,295.61536,34837.06,16.427084,28.44,3.3580546,13.28,23.460854,37.94702,6.1463327,1020.8208,1024.6,1018.5,1009.92633,1013.492,1007.35693,11.291667,86.0,0.0,6.4445634,9.776938,3.1377287
1059,2022-11-25 00:00:00+00:00,3.0,24.65,7.45,10.769906,36577.906,0.0,13.905509,4.049501,34820.812,14.566666,26.28,2.9902594,12.84,24.555109,33.935898,7.1322455,1023.7751,1025.6,1021.8,1012.77936,1014.634,1010.9326,23.875,100.0,0.0,5.4855475,9.069169,1.6089764
1060,2022-11-26 00:00:00+00:00,1.0,22.05,7.9,11.684197,36505.633,0.0,13.004921,90.15237,34833.246,14.752084,20.519999,3.009815,12.72,39.257935,67.634796,21.525965,1019.2209,1022.1,1016.3,1008.2832,1010.99396,1005.5774,4.4166665,41.0,0.0,7.8980203,13.222832,2.4154806
1061,2022-11-27 00:00:00+00:00,3.0,22.9,10.5,12.636434,36435.434,0.0,15.137133,205.46317,34087.137,15.089583,24.84,2.5599623,12.78,46.82809,92.05448,19.079529,1017.30005,1019.2,1015.9,1006.39575,1008.3715,1004.9264,37.416668,100.0,0.0,8.756478,11.519405,5.5337486
1062,2022-11-28 00:00:00+00:00,51.0,18.1,11.3,13.111676,36367.42,0.9000001,13.049689,135.14658,23647.252,13.9875,24.48,1.4440868,7.88,79.72111,97.081696,51.86357,1013.69995,1016.2,1011.6,1002.7946,1005.16565,1000.75757,97.041664,100.0,52.0,11.658249,12.648136,10.474043
1063,2022-11-29 00:00:00+00:00,3.0,18.4,9.9,12.749568,36301.703,0.0,9.9571085,80.87992,32698.652,13.939584,21.24,1.5135427,8.33,73.55847,95.43022,42.428623,1014.17914,1016.4,1012.0,1003.2666,1005.4267,1001.0534,47.625,100.0,0.0,10.896713,11.972839,9.238049
1064,2022-11-30 00:00:00+00:00,51.0,16.65,8.6,10.856868,36238.387,0.7,17.106628,132.8039,14809.836,12.75,30.239998,1.4271978,6.03,72.67051,86.97613,55.311764,1016.10425,1017.7,1014.5,1005.1257,1006.7509,1003.64166,73.916664,100.0,5.0,9.732915,11.736868,7.1600475
1065,2022-12-01 00:00:00+00:00,51.0,14.55,11.05,11.1151285,36177.582,0.8,11.966953,130.6012,0.0,12.716667,21.599998,0.95865536,3.65,75.485695,88.072296,63.832787,1017.07495,1019.0,1015.7,1006.08545,1007.9701,1004.69977,94.583336,100.0,66.0,10.047151,10.664244,9.492096
1066,2022-12-02 00:00:00+00:00,61.0,14.7,11.65,11.364486,36119.41,4.9999995,15.188415,81.86997,0.0,12.814583,25.919998,0.7673662,2.01,81.18728,94.223274,67.52052,1019.6709,1021.8,1018.5,1008.6569,1010.755,1007.47327,100.0,100.0,100.0,10.752792,12.415005,9.523203
1067,2022-12-03 00:00:00+00:00,3.0,21.05,11.7,14.8400345,36063.977,0.0,15.379206,257.31964,34717.125,15.197918,27.0,1.880431,11.57,80.54595,97.43109,53.167107,1018.4084,1019.4,1017.2,1007.4975,1008.4835,1006.4057,51.125,100.0,0.0,12.895245,15.158819,10.42948
1068,2022-12-04 00:00:00+00:00,63.0,17.35,12.55,14.857254,36011.4,6.0,9.0645685,90.76391,3324.6943,14.443751,15.84,0.70005405,3.55,90.09039,100.0,77.86945,1019.1167,1020.8,1017.9,1008.1706,1009.8194,1007.00525,98.0,100.0,76.0,13.29343,14.774252,11.39477
1069,2022-12-05 00:00:00+00:00,51.0,17.0,10.55,13.209969,35961.78,1.2000002,11.753876,270.35587,29764.01,13.720834,18.72,1.4773333,9.59,83.08421,100.0,50.345764,1016.60425,1018.1,1014.8,1005.65765,1007.1728,1003.9775,76.041664,100.0,23.0,11.779691,13.713783,9.506058
1070,2022-12-06 00:00:00+00:00,51.0,16.6,8.2,10.245585,35915.242,0.3,12.397806,100.32432,33779.39,11.925,23.4,1.4887726,9.01,76.71241,89.34069,48.029514,1017.09576,1018.7,1016.2,1006.0749,1007.5723,1005.096,55.291668,100.0,3.0,9.346741,11.170152,7.08329
1071,2022-12-07 00:00:00+00:00,53.0,16.05,5.9,8.538654,35871.89,2.7,14.77755,55.336555,34100.06,10.410417,23.039999,1.6423506,11.06,75.33399,89.92259,49.226624,1022.0959,1024.9,1019.1,1010.9615,1013.55743,1007.8952,25.791666,74.0,0.0,7.7540016,10.474655,4.8326836
1072,2022-12-08 00:00:00+00:00,1.0,16.85,5.5,7.7453895,35831.84,0.0,15.509274,312.52692,34740.965,9.966667,27.0,1.812907,11.95,71.65246,88.397255,40.675003,1024.7084,1026.6,1022.7,1013.52716,1015.534,1011.6377,7.875,48.0,0.0,6.942599,10.981807,3.4615993
1073,2022-12-09 00:00:00+00:00,3.0,16.65,4.95,7.524405,35794.965,0.0,10.661107,67.70636,34747.887,9.789582,16.199999,1.7645893,11.87,71.54645,88.40598,44.97143,1021.05,1023.1,1019.1,1009.90186,1011.78705,1008.0956,11.708333,100.0,0.0,6.7760997,11.12549,2.9671516
1074,2022-12-10 00:00:00+00:00,51.0,15.1,5.9,9.3914995,35760.84,0.7,13.627795,102.47506,15300.976,11.004167,19.8,0.9197443,5.16,76.97169,92.38432,60.48813,1019.4124,1021.4,1017.5,1008.3303,1010.39014,1006.4822,79.416664,100.0,2.0,8.566789,12.0563545,4.1326895
1075,2022-12-11 00:00:00+00:00,63.0,13.65,5.4,9.323189,35729.473,29.800001,23.838959,205.72775,14362.758,11.670834,44.639996,0.8773745,4.35,84.81518,97.081696,57.455826,1013.3667,1017.1,1011.6,1002.3765,1006.0827,1000.70514,63.333332,100.0,0.0,10.036559,12.619387,4.116186
1076,2022-12-12 00:00:00+00:00,61.0,12.0,5.05,5.403644,35700.895,6.2,15.893093,87.83389,28163.625,7.7791667,29.16,1.1684357,8.86,81.28813,92.39829,59.464832,1012.64594,1015.3,1011.6,1001.51245,1004.0293,1000.4263,44.208332,100.0,0.0,5.876459,7.960108,3.8426714
1077,2022-12-13 00:00:00+00:00,1.0,13.55,2.95,5.042624,35675.13,0.0,8.942214,30.159988,34798.23,7.4375005,15.4800005,1.5781193,11.78,75.48156,92.840744,48.8783,1017.5166,1021.2,1015.1,1006.315,1009.8254,1003.80536,6.7083335,33.0,0.0,4.9342,8.975574,1.5988531
1078,2022-12-14 00:00:00+00:00,3.0,15.25,3.55,6.0613465,35652.203,0.0,9.673221,27.483414,34816.08,8.6125,14.04,1.7235465,11.75,67.68874,84.60805,42.71945,1021.50415,1023.4,1020.4,1010.30475,1012.2993,1009.28876,29.875,100.0,0.0,5.3222995,9.375894,1.7883825
1079,2022-12-15 00:00:00+00:00,3.0,16.25,5.7,8.244024,35632.15,0.0,9.504272,7.8532195,25200.0,10.679166,12.24,1.6611018,9.53,60.52507,76.628815,41.66394,1020.1958,1022.4,1018.9,1009.0923,1011.1032,1007.8769,95.25,100.0,57.0,6.5753536,9.5474415,3.040832
1080,2022-12-16 00:00:00+00:00,3.0,17.45,5.5,8.267993,35614.99,0.0,6.924738,27.061035,30421.701,10.708333,15.4800005,1.7440463,10.87,56.75452,75.43366,27.91887,1019.36664,1021.0,1017.5,1008.27277,1009.9503,1006.6597,79.125,100.0,0.0,6.09709,10.020085,2.9781237
1081,2022-12-17 00:00:00+00:00,3.0,17.7,3.55,7.084336,35600.74,0.0,8.587338,24.209253,32400.0,9.825002,13.679999,1.7598412,10.35,54.431156,70.88339,26.018066,1017.1709,1019.8,1014.3,1006.06537,1008.4815,1003.3799,85.375,100.0,6.0,5.093029,10.611948,0.99875927
1082,2022-12-18 00:00:00+00:00,3.0,17.4,5.55,7.9911485,35589.438,0.0,11.113451,35.928616,34906.125,10.962499,15.4800005,2.1931226,11.96,50.00101,76.64531,30.975933,1015.89575,1019.7,1014.1,1004.8498,1008.42883,1003.017,24.375,100.0,0.0,5.768827,9.84942,1.1842299
1083,2022-12-19 00:00:00+00:00,3.0,17.85,4.7,7.3894467,35581.09,0.0,9.449572,14.684118,34932.895,10.3,12.599999,2.03181,11.96,53.181854,75.97572,28.950687,1022.7415,1025.1,1019.6,1011.5947,1014.06165,1008.32196,27.625,100.0,0.0,5.40299,10.614065,1.3721657
1084,2022-12-20 00:00:00+00:00,3.0,18.5,7.5,10.00394,35575.727,0.0,11.183201,344.20755,33626.215,12.564583,21.24,2.1322834,11.46,50.36743,81.93139,34.19214,1023.51654,1025.3,1021.4,1012.4504,1014.3165,1010.35175,42.541668,100.0,0.0,7.2556567,11.221927,3.0154128
1085,2022-12-21 00:00:00+00:00,3.0,21.35,4.65,9.2934885,35573.36,0.0,8.891344,28.644081,34990.953,11.504167,12.599999,1.9250808,11.72,59.98737,75.21607,27.637453,1019.53326,1022.0,1017.4,1008.4661,1010.7396,1006.4841,21.416666,100.0,0.0,7.0160904,12.425377,2.1460047
1086,2022-12-22 00:00:00+00:00,3.0,20.25,8.65,11.69082,35574.01,0.0,13.237039,56.95188,30232.395,13.885418,15.4800005,2.0736504,10.0,55.109924,76.99396,36.070393,1018.03754,1019.4,1016.9,1007.0804,1008.51514,1006.1401,72.791664,100.0,0.0,8.861822,14.50662,4.978115
1087,2022-12-23 00:00:00+00:00,3.0,19.55,7.15,10.738349,35577.695,0.0,11.159999,74.30797,35040.758,12.662499,15.84,1.8842698,11.34,66.48893,82.514984,41.737926,1020.21674,1022.1,1019.0,1009.1893,1010.9918,1007.84576,23.583334,100.0,0.0,8.933192,12.866205,5.252905
1088,2022-12-24 00:00:00+00:00,0.0,24.35,8.5,13.111026,35584.434,0.0,8.669949,8.972565,35047.65,15.020832,15.84,2.1963675,11.56,54.05962,72.09392,27.981524,1022.63763,1024.7,1021.6,1011.6728,1013.7773,1010.69916,0.29166666,6.0,0.0,9.601083,13.924391,5.3734846
1089,2022-12-25 00:00:00+00:00,3.0,27.4,8.7,14.688656,35594.223,0.0,9.931042,12.061326,35057.62,16.906248,14.04,2.5294623,10.9,47.239872,69.854645,20.714512,1021.19995,1022.9,1019.4,1010.31976,1012.1459,1008.4608,43.208332,100.0,0.0,10.237004,14.975029,5.642824
1090,2022-12-26 00:00:00+00:00,3.0,27.15,13.8,17.646059,35607.094,0.0,11.808878,22.880686,29732.125,19.791666,14.759999,2.6232097,10.01,37.55582,54.954197,21.406868,1018.37506,1021.0,1016.2,1007.63354,1010.00964,1005.62897,87.0,100.0,21.0,11.574498,17.357414,8.788123
1091,2022-12-27 00:00:00+00:00,61.0,17.5,12.1,13.465541,35623.05,8.1,11.659777,117.2841,7200.0,14.664584,20.880001,1.2564666,4.72,68.62895,96.47744,51.676937,1015.96655,1018.6,1013.0,1005.06256,1007.61646,1002.0863,99.833336,100.0,98.0,11.149822,13.846054,8.497832
1092,2022-12-28 00:00:00+00:00,63.0,17.6,10.55,12.5326185,35642.1,3.6000001,13.138765,106.8033,35106.13,13.079167,26.28,1.455501,10.74,88.148254,97.71213,59.029457,1012.79175,1015.5,1011.2,1001.86176,1004.51746,1000.2583,62.458332,100.0,2.0,11.702168,12.990578,10.252689
1093,2022-12-29 00:00:00+00:00,3.0,16.5,10.6,12.373626,35664.363,0.0,10.086427,120.406654,13672.551,13.024999,19.8,1.020406,5.76,85.302345,94.824554,63.928204,1015.55414,1018.3,1014.1,1004.5925,1007.27954,1003.07495,97.208336,100.0,57.0,11.361533,12.337786,9.744395
1094,2022-12-30 00:00:00+00:00,51.0,15.45,10.65,12.622986,35690.016,0.5,8.669949,85.221756,3952.2214,13.122916,14.04,0.7331218,4.01,86.269104,92.977585,74.55731,1018.85846,1020.1,1018.3,1007.8648,1009.12506,1007.2255,93.125,100.0,34.0,11.581141,13.053093,9.543402
1095,2022-12-31 00:00:00+00:00,63.0,14.85,13.1,12.851314,35718.977,21.0,26.019806,153.83594,0.0,13.791667,43.199997,0.42733505,1.9,94.30643,97.1163,89.852684,1015.20416,1019.3,1008.4,1004.2759,1008.3089,997.55096,100.0,100.0,100.0,13.126033,13.779781,12.336407
1096,2023-01-01 00:00:00+00:00,63.0,16.4,9.05,10.411397,35751.17,10.0,36.06474,284.87573,35217.957,12.710415,65.88,1.911167,10.31,75.07636,97.03145,51.05583,1007.38745,1010.7,1005.4,996.5019,999.685,994.4867,27.833334,100.0,1.0,9.989302,13.6727295,6.359726
1097,2023-01-02 00:00:00+00:00,53.0,14.0,5.4,7.557919,35786.52,1.9000001,18.998314,60.642357,14203.068,9.760417,30.239998,1.2300358,7.11,77.3406,92.34831,63.798878,1014.6667,1017.4,1011.3,1003.58844,1006.2829,1000.24536,80.958336,100.0,14.0,7.406016,10.09955,3.5978184
1098,2023-01-03 00:00:00+00:00,61.0,14.3,9.65,9.523036,35824.926,5.6999993,21.647945,89.53421,0.0,12.085418,36.36,0.81991845,2.25,83.8489,88.883446,76.58393,1017.16656,1018.6,1015.5,1006.1517,1007.63354,1004.42505,99.541664,100.0,89.0,10.327901,12.627893,8.313868
1099,2023-01-04 00:00:00+00:00,63.0,15.55,12.85,12.838206,35866.312,19.800003,18.218275,118.106155,0.0,14.041667,30.599998,0.45170647,1.99,93.29232,99.0305,87.71345,1018.4084,1019.8,1017.1,1007.4548,1008.84717,1006.2172,99.958336,100.0,99.0,13.264787,14.715666,12.204243
1100,2023-01-05 00:00:00+00:00,63.0,15.7,7.9,10.753062,35910.59,30.3,25.925,129.24246,24173.379,12.452084,42.48,0.9674411,6.49,90.87093,97.644,79.42894,1018.3791,1023.2,1016.5,1007.365,1011.97406,1005.499,75.416664,100.0,2.0,11.411593,13.336578,7.592041
1101,2023-01-06 00:00:00+00:00,3.0,15.7,5.6,8.434284,35957.67,0.0,8.311245,32.699467,35428.324,9.939583,18.359999,1.5956666,11.94,82.00979,96.93071,61.989628,1022.8166,1025.1,1021.4,1011.65594,1013.9827,1010.2684,19.375,100.0,0.0,7.9884925,11.594116,4.8837233
1102,2023-01-07 00:00:00+00:00,3.0,18.35,6.5,10.306204,36007.47,0.0,10.464797,2.2724223,24084.105,12.364583,18.359999,1.720792,9.27,61.29802,82.941795,42.568115,1020.7542,1022.0,1019.3,1009.7098,1011.0537,1008.4444,97.041664,100.0,35.0,8.198903,12.974413,4.4459486
1103,2023-01-08 00:00:00+00:00,53.0,16.6,8.7,11.14866,36059.906,1.0,10.182337,13.869769,18066.951,12.610416,16.919998,1.2216206,6.97,68.25894,88.87913,46.943634,1021.2083,1022.9,1019.8,1010.16925,1011.8873,1008.9017,88.041664,100.0,6.0,9.226721,13.105001,5.137944
1104,2023-01-09 00:00:00+00:00,63.0,14.75,10.65,10.5023985,36114.88,37.6,30.918108,119.94302,0.0,12.756251,50.399998,0.6217991,1.58,87.21166,99.02862,75.84406,1019.43756,1021.4,1016.2,1008.4238,1010.2899,1005.2537,100.0,100.0,100.0,11.360557,13.880669,8.316729
1105,2023-01-10 00:00:00+00:00,65.0,15.3,7.8,11.065721,36172.32,73.600006,23.906818,149.7244,14256.635,12.60625,50.76,0.7064155,4.24,93.15444,100.0,72.25779,1017.36255,1021.2,1015.9,1006.36505,1009.97406,1004.8919,93.5,100.0,50.0,11.817295,14.010456,7.2662735
1106,2023-01-11 00:00:00+00:00,3.0,16.25,6.5,9.436068,36232.13,0.0,8.78872,19.630774,34259.9,10.789584,14.759999,1.5157143,10.36,80.16611,97.28591,61.525684,1022.87067,1025.1,1020.7,1011.74286,1014.08453,1009.434,79.166664,100.0,5.0,8.626518,11.84234,5.229288
1107,2023-01-12 00:00:00+00:00,3.0,19.45,7.6,11.923024,36294.22,0.0,9.746631,35.9336,34551.117,13.200001,19.08,1.5907842,9.72,70.451256,85.08126,51.177334,1021.96674,1023.7,1019.8,1010.941,1012.73553,1008.9055,85.791664,100.0,8.0,9.87912,15.15197,5.9824915
1108,2023-01-13 00:00:00+00:00,3.0,17.85,10.4,11.690505,36358.508,0.0,10.853866,117.87187,23643.305,13.443751,21.599998,1.7485712,9.05,63.690094,85.83656,37.62083,1020.2583,1022.1,1018.5,1009.2614,1011.145,1007.4694,92.458336,100.0,3.0,9.506135,13.384611,6.1608343
1109,2023-01-14 00:00:00+00:00,63.0,12.15,9.8,9.252025,36424.91,40.2,19.70815,85.39684,0.0,10.958333,34.92,0.36008325,1.39,88.16735,96.40342,77.41787,1014.1624,1018.9,1009.5,1003.1372,1007.7975,998.5403,97.416664,100.0,43.0,9.686413,11.687878,7.946273
1110,2023-01-15 00:00:00+00:00,61.0,13.8,8.5,9.912258,36493.348,6.4,16.23596,46.004932,7585.4287,11.100001,26.28,0.8301819,5.13,90.04775,96.67682,78.62889,1010.2751,1012.8,1009.4,999.2971,1001.84094,998.3837,95.791664,100.0,10.0,9.993639,11.463091,8.031137
1111,2023-01-16 00:00:00+00:00,63.0,15.45,8.1,9.133895,36563.723,11.9000025,28.835976,82.31346,30714.318,11.756248,48.239998,1.6160454,9.8,81.6277,95.43727,58.10508,1007.1292,1010.4,1004.0,996.21014,999.3047,993.0848,54.125,100.0,0.0,9.742244,11.835163,6.7809105
1112,2023-01-17 00:00:00+00:00,2.0,14.55,4.3,5.9343953,36635.96,0.0,18.581022,306.45853,35868.707,8.972917,29.519999,1.964266,12.3,72.21594,91.04775,48.770382,1012.60406,1017.4,1009.9,1001.51715,1006.10815,998.7253,7.4166665,62.0,0.0,6.0921445,9.33311,3.1383405
1113,2023-01-18 00:00:00+00:00,3.0,14.7,3.8,6.1850724,36710.355,0.0,10.144082,17.715916,35340.64,8.577083,18.72,1.8328182,12.56,73.08883,89.752396,52.939045,1020.4417,1023.0,1017.6,1009.25287,1011.9075,1006.2734,41.791668,100.0,0.0,5.8338895,10.423161,2.162856
1114,2023-01-19 00:00:00+00:00,51.0,14.5,5.15,7.489849,36787.598,0.3,10.630672,102.60015,29305.365,9.314583,20.16,1.5273473,10.75,78.2329,90.336136,61.55688,1020.05,1021.8,1017.7,1008.8948,1010.46533,1006.69366,39.166668,100.0,0.0,7.06982,10.237146,3.4275942
1115,2023-01-20 00:00:00+00:00,2.0,14.45,3.1,6.016806,36867.58,0.0,7.8954163,339.17468,35932.367,8.291667,15.4800005,1.8217546,13.49,70.91252,95.500206,48.44237,1022.19586,1025.3,1018.9,1010.97656,1013.9224,1007.6377,3.3333333,52.0,0.0,5.345789,9.378915,0.79026794
1116,2023-01-21 00:00:00+00:00,0.0,15.8,2.35,5.647696,36950.152,0.0,7.2,6.7888846,35957.516,8.139584,12.599999,1.9354416,13.68,64.07282,80.39857,37.022503,1025.1666,1027.4,1023.5,1013.90753,1016.2247,1012.3379,0.0,0.0,0.0,4.4767156,8.661595,0.3842106
1117,2023-01-22 00:00:00+00:00,3.0,16.5,4.4,6.494654,37035.17,0.0,20.898613,19.502462,35984.543,9.475001,32.399998,2.2248886,12.99,62.811905,81.102264,44.150024,1016.7542,1023.5,1011.9,1005.6406,1012.1506,1000.89514,54.0,99.0,0.0,5.794637,11.746986,1.6664639
1118,2023-01-23 00:00:00+00:00,3.0,16.9,2.6,5.8636127,37122.508,0.0,19.386593,307.73892,36000.0,9.239583,37.079998,2.5118542,14.02,54.686188,81.44725,26.626617,1016.7249,1021.3,1013.8,1005.6016,1009.93854,1002.67303,19.541666,80.0,0.0,4.5771103,9.4934,-0.069376945
1119,2023-01-24 00:00:00+00:00,0.0,17.5,3.35,7.370313,37212.02,0.0,8.587338,36.43091,36000.0,9.841667,13.32,2.1901665,14.03,60.272053,80.498566,37.31313,1024.6375,1027.2,1021.8,1013.451,1016.1448,1010.4003,0.0,0.0,0.0,5.6841354,10.421395,1.4693756
1120,2023-01-25 00:00:00+00:00,0.0,19.7,6.3,8.925641,37303.57,0.0,11.592895,358.29025,36000.0,11.631248,19.44,2.5285096,14.08,51.57455,77.29647,31.870365,1024.996,1026.5,1023.0,1013.8762,1015.4275,1012.1587,0.0,0.0,0.0,6.49567,12.070078,2.6463685
1121,2023-01-26 00:00:00+00:00,0.0,18.95,4.35,8.818723,37397.03,0.0,13.584932,276.54617,36000.0,11.422917,24.119999,2.4579635,14.26,56.60687,79.10939,33.841904,1026.4541,1028.7,1025.1,1015.31024,1017.5881,1014.1485,0.0,0.0,0.0,6.7228303,11.090675,2.4089327
1122,2023-01-27 00:00:00+00:00,0.0,18.25,4.95,8.2955675,37492.273,0.0,11.212135,68.198555,36000.0,10.885417,16.919998,2.4593332,14.56,58.99609,83.47738,33.004166,1020.50836,1026.2,1015.3,1009.4077,1014.90314,1004.14874,0.0,0.0,0.0,6.50712,11.450979,1.9473181
1123,2023-01-28 00:00:00+00:00,3.0,16.65,6.35,8.714981,37589.16,0.0,12.682018,100.156906,36000.0,10.766665,21.96,2.1360643,14.04,73.149124,91.3266,52.1135,1015.1541,1017.0,1013.6,1004.10913,1006.0299,1002.7513,22.208334,100.0,0.0,7.9277,11.838015,4.180107
1124,2023-01-29 00:00:00+00:00,55.0,13.45,9.2,9.19652,37687.566,4.6,17.566378,149.66165,20694.234,11.083335,30.599998,1.0680945,6.45,81.974205,91.05913,62.996677,1013.22504,1015.3,1011.3,1002.2146,1004.2872,1000.3455,88.291664,100.0,35.0,9.158366,10.471399,8.044657
1125,2023-01-30 00:00:00+00:00,63.0,12.05,7.5,7.511378,37787.37,15.5,12.879752,74.01362,6757.1123,9.516666,21.24,0.8174949,4.8,85.56085,94.728,71.94469,1014.0042,1015.6,1012.9,1002.9245,1004.54315,1001.8084,86.958336,100.0,32.0,7.992148,9.175409,5.993349
1126,2023-01-31 00:00:00+00:00,2.0,17.4,2.95,6.573954,37888.45,0.0,13.556282,335.5251,36055.14,9.527082,24.48,2.5263817,15.24,56.540955,79.04753,22.579632,1017.87933,1020.5,1015.2,1006.7549,1009.5413,1003.9846,3.5833333,70.0,0.0,4.977571,9.897862,0.6064954
1127,2023-02-01 00:00:00+00:00,1.0,17.75,1.65,6.030502,37990.676,0.0,11.165805,359.5936,36023.75,9.070832,20.880001,2.548014,15.27,52.40907,71.16489,30.475964,1020.82086,1023.5,1019.3,1009.6452,1012.1888,1007.9035,2.2083333,42.0,0.0,4.249961,9.637977,-0.76497555
1128,2023-02-02 00:00:00+00:00,3.0,18.3,4.95,9.0311775,38093.938,0.0,9.885262,21.893764,35737.35,11.670834,13.32,2.3919342,12.97,52.29555,72.83381,29.958431,1025.2626,1027.6,1023.6,1014.1416,1016.6352,1012.2473,73.375,100.0,0.0,6.617865,12.087276,2.0379934
1129,2023-02-03 00:00:00+00:00,3.0,20.3,7.7,11.157944,38198.117,0.0,9.227524,332.24155,27708.543,13.514583,13.679999,2.4639955,12.66,50.46448,79.90424,28.025454,1022.6792,1025.1,1020.3,1011.6578,1013.8888,1009.4873,78.166664,100.0,0.0,7.963711,11.819735,5.251952
1130,2023-02-04 00:00:00+00:00,3.0,20.85,7.2,11.4935875,38303.094,0.0,13.527572,46.27281,36000.0,13.502083,23.039999,2.6609762,15.1,56.829334,83.360115,36.020653,1020.8708,1021.9,1019.1,1009.8679,1010.96796,1008.34973,29.833334,99.0,0.0,8.663139,13.381159,5.196021
1131,2023-02-05 00:00:00+00:00,3.0,18.25,8.3,11.064443,38408.76,0.0,18.899143,165.96373,25519.967,12.483334,33.12,1.9227891,11.49,78.20173,93.2281,51.674324,1021.4709,1023.7,1019.7,1010.4236,1012.67487,1008.7554,39.958332,100.0,0.0,10.036067,12.995609,6.8797617
1132,2023-02-06 00:00:00+00:00,1.0,20.4,6.5,9.148898,38515.004,0.0,18.581022,324.18045,36458.504,12.3875,33.12,3.1160755,15.82,53.502743,78.97266,21.070992,1022.0166,1024.2,1020.0,1010.958,1013.21497,1009.25836,5.3333335,40.0,0.0,7.1234627,11.314415,3.8505945
1133,2023-02-07 00:00:00+00:00,3.0,20.4,4.25,8.869408,38622.188,0.0,11.609651,330.08646,36427.19,11.431249,24.84,2.7021816,15.91,53.527588,75.21666,24.274673,1023.8333,1026.2,1022.9,1012.7176,1015.1897,1011.59766,18.291666,100.0,0.0,6.307773,10.467949,2.0191813
1134,2023-02-08 00:00:00+00:00,3.0,21.65,6.35,10.318549,38731.207,0.0,14.003028,349.9195,36395.95,12.635415,24.84,2.7825058,15.95,54.85586,71.49883,28.77229,1023.36664,1025.2,1022.0,1012.3023,1014.27576,1011.095,10.333333,83.0,0.0,7.525223,12.18129,3.4814606
1135,2023-02-09 00:00:00+00:00,0.0,25.0,6.8,12.082035,38841.97,0.0,11.457958,23.532547,36657.29,14.452084,18.359999,3.157459,16.08,50.367794,69.458855,19.588303,1022.21246,1023.4,1020.6,1011.2285,1012.51807,1009.85925,0.0,0.0,0.0,8.423684,14.1672,3.936985
1136,2023-02-10 00:00:00+00:00,3.0,24.4,6.05,11.434899,38954.33,0.0,12.413476,49.028397,36000.0,14.274999,20.16,3.1894605,16.37,41.97791,63.150322,14.968737,1019.5376,1022.6,1016.0,1008.57635,1011.48065,1005.031,54.25,100.0,0.0,7.283388,10.8874,2.4689445
1137,2023-02-11 00:00:00+00:00,51.0,16.35,8.2,9.202701,39068.164,0.1,21.67487,134.52783,35474.547,11.993751,39.6,2.4851623,14.22,64.898796,87.256065,45.944874,1013.03314,1015.6,1010.9,1002.0589,1004.6239,1000.1059,44.833332,100.0,0.0,8.247642,10.911539,4.92381
1138,2023-02-12 00:00:00+00:00,3.0,14.85,6.35,7.627299,39183.355,0.0,17.208603,324.4623,25224.664,9.99375,30.599998,1.723031,10.66,71.697556,90.2627,46.38442,1012.5334,1014.0,1010.4,1001.48755,1002.87305,999.49713,74.541664,100.0,4.0,7.056092,9.309534,4.144086
1139,2023-02-13 00:00:00+00:00,51.0,16.5,6.85,9.123699,39299.78,0.2,16.363178,95.851906,23174.184,11.245834,27.0,1.7697948,10.31,77.27221,97.289116,53.050533,1013.5791,1015.2,1011.9,1002.5698,1004.2033,1000.7763,84.875,100.0,22.0,8.747613,11.092572,5.8734436
1140,2023-02-14 00:00:00+00:00,51.0,15.2,8.65,9.282105,39417.316,1.4000001,25.02971,292.84738,25508.525,12.291667,39.96,2.4948974,9.44,58.807537,86.92667,25.476566,1012.11237,1014.9,1008.2,1001.1601,1003.90656,997.3718,78.333336,100.0,5.0,7.9725533,10.099558,2.5072618
1141,2023-02-15 00:00:00+00:00,0.0,16.95,4.45,5.4473376,39535.844,0.0,25.711662,310.04715,37657.17,9.802083,42.48,3.5872793,17.81,38.700542,61.098186,12.536453,1019.4541,1024.1,1013.5,1008.3239,1012.70734,1002.3509,0.7916667,12.0,0.0,3.501334,7.023756,0.3477564
1142,2023-02-16 00:00:00+00:00,3.0,17.4,1.2,5.0553,39655.242,0.0,12.7279215,344.33517,36000.0,8.602083,22.319998,2.6678905,15.34,41.698563,70.32,10.270823,1023.5793,1025.7,1021.1,1012.3538,1014.59753,1009.9716,71.375,100.0,0.0,2.4416533,5.5524254,-1.5053947
1143,2023-02-17 00:00:00+00:00,3.0,19.6,4.35,7.413824,39775.41,0.0,12.9249525,44.62556,32131.01,10.970833,21.599998,2.8943417,14.66,36.121586,54.574886,11.872388,1017.55,1021.5,1013.8,1006.4838,1010.2229,1003.04517,92.958336,100.0,23.0,3.9706585,7.2412767,0.53249073
1144,2023-02-18 00:00:00+00:00,3.0,20.6,4.65,8.204414,39896.227,0.0,18.218275,6.991796,35085.68,11.777083,33.839996,3.0100026,14.25,35.836376,55.728676,11.383638,1016.42914,1018.1,1015.2,1005.4069,1007.272,1004.16675,65.083336,100.0,0.0,4.6689954,8.760824,0.8938093
1145,2023-02-19 00:00:00+00:00,1.0,19.95,6.75,9.6834345,40017.58,0.0,14.986553,112.221855,38251.76,12.797915,28.8,3.4114442,17.69,42.00723,71.23736,22.963682,1017.5249,1019.6,1015.7,1006.53107,1008.5575,1004.493,5.5833335,40.0,0.0,6.428198,10.53509,2.410658
1146,2023-02-20 00:00:00+00:00,3.0,24.3,7.6,12.1482315,40139.363,0.0,17.555307,302.3717,38380.875,14.897916,34.56,3.5972493,17.81,42.118587,68.30845,16.96333,1017.76227,1019.8,1015.2,1006.84467,1008.9762,1004.23206,24.083334,100.0,0.0,7.8819866,11.311921,4.1597424
1147,2023-02-21 00:00:00+00:00,51.0,18.65,8.5,10.339421,40261.47,0.5,24.693481,162.09706,33824.984,13.322915,39.6,3.1481557,16.02,59.446194,79.50029,42.14641,1009.5251,1015.1,1003.0,998.6386,1004.1199,992.1317,63.0,100.0,0.0,8.898398,13.114735,4.9978256
1148,2023-02-22 00:00:00+00:00,51.0,13.75,5.45,4.544477,40383.797,0.2,31.427404,272.3638,38617.508,9.429167,53.639996,3.370032,17.03,49.832912,71.94604,24.487276,1008.51263,1013.3,1002.9,997.4887,1002.1134,991.93536,13.791667,64.0,0.0,4.4425592,5.9873962,1.8847299
1149,2023-02-23 00:00:00+00:00,71.0,10.8,4.3,3.4773026,40506.227,12.199999,18.289274,80.805374,33580.293,6.6333337,33.48,1.5348511,11.6,78.26334,93.24019,48.630367,1015.55835,1018.2,1013.7,1004.34766,1006.8791,1002.45715,66.25,100.0,14.0,4.5112786,6.7328844,2.3372426
1150,2023-02-24 00:00:00+00:00,63.0,11.65,4.0,4.031292,40628.676,35.699993,38.440853,120.53681,0.0,8.697916,67.67999,0.65163124,1.54,87.960335,94.80265,74.85105,1015.2583,1018.2,1011.0,1004.13214,1006.8772,1000.02966,96.708336,100.0,56.0,7.4632583,10.738365,2.3304276
1151,2023-02-25 00:00:00+00:00,73.0,11.7,3.7,3.792174,40751.03,55.899998,43.279427,112.31481,3754.7798,7.493751,75.6,0.70288384,4.74,90.85494,96.21841,76.410324,1012.9875,1015.6,1009.5,1001.8392,1004.27136,998.55383,99.0,100.0,93.0,6.5347443,10.969457,3.1055565
1152,2023-02-26 00:00:00+00:00,53.0,12.05,1.95,4.422306,40873.19,1.0,16.563911,140.90605,37276.863,7.1229167,30.239998,1.8752683,14.38,77.63596,93.138824,55.66129,1019.75,1022.5,1015.9,1008.51166,1011.2021,1004.5722,57.583332,100.0,21.0,4.8587384,7.430972,1.1070905
1153,2023-02-27 00:00:00+00:00,63.0,10.55,6.8,6.516625,40995.516,11.099999,15.188415,89.25434,0.0,8.758332,26.28,0.7130076,3.15,81.81893,93.72387,74.98672,1020.4834,1022.4,1018.8,1009.30304,1011.1511,1007.7083,90.75,100.0,44.0,6.9226184,9.413389,4.9885035
1154,2023-02-28 00:00:00+00:00,61.0,13.5,6.1,7.756628,41118.867,8.5,23.210928,228.25513,32541.535,9.9375,40.32,2.010615,14.87,84.011505,96.311195,63.14646,1016.9958,1019.4,1013.5,1005.8994,1008.20374,1002.4352,74.916664,100.0,17.0,8.217805,10.035102,5.565344
1155,2023-03-01 00:00:00+00:00,63.0,11.05,6.85,4.789535,41243.188,10.9,31.056128,290.87433,35466.3,9.28125,55.8,2.5190306,15.68,67.85763,94.43691,35.0591,1008.82495,1012.7,1006.5,997.79266,1001.6399,995.4882,67.166664,100.0,5.0,6.15106,8.970476,2.617507
1156,2023-03-02 00:00:00+00:00,3.0,15.1,3.0,6.1328945,41368.375,0.0,14.05845,123.02392,40795.637,8.785417,29.519999,2.852473,19.78,66.39614,85.420105,52.026096,1017.4666,1019.8,1013.3,1006.31866,1008.7767,1002.1216,15.666667,88.0,0.0,5.4522195,10.232309,0.75618696
1157,2023-03-03 00:00:00+00:00,3.0,16.3,5.1,7.9226327,41494.332,0.0,14.565548,64.72214,40804.9,9.777083,25.56,2.6994722,19.29,75.29834,86.13617,57.92041,1016.0083,1019.6,1013.4,1004.91486,1008.34,1002.4688,16.791666,100.0,0.0,7.175586,11.466934,3.4802399
1158,2023-03-04 00:00:00+00:00,51.0,14.75,5.4,7.7790356,41620.96,1.4000001,18.671474,166.68898,40182.867,9.964583,32.760002,1.980218,14.8,79.24908,88.181564,62.67524,1015.06665,1017.1,1013.4,1003.99176,1005.98804,1002.17865,64.916664,100.0,0.0,7.7798405,10.882047,4.170682
1159,2023-03-05 00:00:00+00:00,51.0,13.8,7.1,8.674455,41748.176,1.8000001,11.609651,152.51097,14971.341,10.360417,21.24,1.3169566,7.9,81.38261,94.6538,64.19158,1018.8333,1020.4,1017.4,1007.73346,1009.25775,1006.2867,98.041664,100.0,84.0,8.377753,9.884951,6.5033426
1160,2023-03-06 00:00:00+00:00,51.0,14.3,8.3,9.097397,41875.875,0.5,15.94601,257.77487,38558.215,10.941667,29.16,2.1919625,14.93,77.15804,96.33565,55.85364,1020.7043,1021.9,1019.7,1009.6065,1010.9076,1008.6151,87.5,100.0,13.0,8.489483,9.4405365,7.063452
1161,2023-03-07 00:00:00+00:00,3.0,15.95,4.45,8.061217,42003.973,0.0,16.904673,253.95085,40835.95,9.939583,30.960001,2.8576488,20.03,72.20831,90.30272,48.183327,1020.06683,1021.3,1018.4,1008.9357,1010.1929,1007.44147,49.791668,100.0,0.0,6.9888954,10.0044365,3.4794035
1162,2023-03-08 00:00:00+00:00,3.0,15.25,5.8,7.8144665,42132.375,0.0,14.529915,102.3515,40282.715,9.770833,25.56,2.4022899,16.67,77.01526,89.482086,57.41155,1020.4041,1021.8,1019.6,1009.26324,1010.7684,1008.3119,72.583336,100.0,0.0,7.332275,10.65613,4.554878
1163,2023-03-09 00:00:00+00:00,3.0,18.55,6.75,10.357217,42260.996,0.0,16.79314,218.53015,38147.688,11.772916,30.599998,2.9560816,19.26,75.24134,92.66898,51.807407,1019.17084,1020.7,1017.1,1008.1201,1009.4437,1006.2769,74.791664,100.0,0.0,9.029529,13.123104,5.2830772
1164,2023-03-10 00:00:00+00:00,63.0,13.85,10.5,10.615106,42389.742,20.300001,18.043148,114.4376,0.0,12.166667,33.839996,0.7857266,3.89,89.62747,95.82176,78.636284,1018.10425,1019.5,1016.4,1007.08234,1008.43744,1005.41345,100.0,100.0,100.0,11.012931,12.218769,9.642639
1165,2023-03-11 00:00:00+00:00,55.0,16.65,12.7,14.108933,42518.523,5.399999,13.684735,130.41196,4513.7188,14.472916,22.319998,0.7952959,4.38,92.89727,98.06483,86.56004,1017.82495,1020.2,1016.0,1006.8941,1009.2259,1005.054,98.833336,100.0,72.0,13.641353,15.1053505,12.136902
1166,2023-03-12 00:00:00+00:00,51.0,17.95,12.1,14.446393,42647.258,0.4,17.935081,238.44656,34463.35,14.516666,32.399998,2.1637895,14.94,91.20794,99.67146,73.50115,1019.74176,1021.0,1018.7,1008.79144,1009.95416,1007.7815,91.041664,100.0,27.0,13.4673,15.043049,11.979
1167,2023-03-13 00:00:00+00:00,3.0,19.4,12.05,14.055435,42775.848,0.0,16.075521,226.95045,30534.389,14.016667,31.68,2.4281795,16.11,90.06806,99.34566,65.42008,1019.87915,1021.3,1017.6,1008.90826,1010.33844,1006.7476,99.791664,100.0,95.0,12.834973,15.15163,11.753006
1168,2023-03-14 00:00:00+00:00,63.0,15.15,12.4,12.575413,42904.22,32.4,17.654688,125.026085,0.0,13.495833,30.599998,0.7913458,4.22,93.71018,99.3454,83.64302,1017.1042,1019.3,1015.1,1006.144,1008.2744,1004.15607,100.0,100.0,100.0,12.760952,13.356791,12.176083
1169,2023-03-15 00:00:00+00:00,65.0,16.45,12.0,12.764586,43032.26,39.199993,19.959719,125.65054,6814.6367,13.881251,34.92,1.1585957,7.28,91.894135,97.742035,80.55452,1013.32916,1015.6,1012.2,1002.42426,1004.59894,1001.2795,88.666664,100.0,0.0,12.943795,14.907667,11.270203
1170,2023-03-16 00:00:00+00:00,51.0,16.95,10.35,12.043106,43159.91,0.90000004,12.287555,171.2999,31746.541,12.987499,24.84,2.1377616,13.78,82.54657,94.51538,62.163605,1017.05853,1018.6,1015.8,1006.0787,1007.50476,1004.7912,77.333336,100.0,2.0,11.016488,12.868084,9.203566
1171,2023-03-17 00:00:00+00:00,3.0,19.45,8.2,12.702179,43287.066,0.0,9.904906,342.6459,42565.605,13.064584,15.84,2.9844072,18.99,83.0474,99.02713,51.523186,1016.76245,1018.7,1014.0,1005.78754,1007.5744,1003.22485,78.166664,100.0,6.0,11.069814,14.606583,7.602972
1172,2023-03-18 00:00:00+00:00,3.0,23.35,6.7,13.428074,43413.645,0.0,14.372974,71.72727,35794.465,14.950001,29.16,3.895434,21.6,58.771732,90.49486,24.898975,1016.5708,1018.4,1015.3,1005.66815,1007.6242,1004.54596,62.666668,100.0,0.0,9.939326,13.183296,4.283249
1173,2023-03-19 00:00:00+00:00,53.0,16.2,12.45,12.367507,43539.96,3.8,15.94601,118.65584,0.0,13.754167,27.72,1.2081897,4.58,77.039314,90.57277,58.68321,1014.9915,1016.3,1013.6,1004.064,1005.3183,1002.64746,100.0,100.0,100.0,11.204608,12.946785,9.462625
1174,2023-03-20 00:00:00+00:00,53.0,15.25,11.5,12.302419,43666.832,2.1000001,18.079027,213.55766,5707.372,13.318749,31.68,1.404061,8.31,85.894325,93.01998,74.944244,1013.09174,1014.2,1012.1,1002.168,1003.3204,1001.16174,100.0,100.0,100.0,11.734447,12.488731,10.544974
1175,2023-03-21 00:00:00+00:00,63.0,15.3,8.35,7.828533,43794.195,39.600002,30.945345,170.30728,14400.0,11.064583,56.16,1.7002573,10.99,85.337105,95.78307,57.164303,1007.6208,1012.4,1005.2,996.67017,1001.4126,994.2046,87.458336,100.0,30.0,9.454842,11.143617,7.3530283
1176,2023-03-22 00:00:00+00:00,63.0,13.55,7.9,8.214443,43921.97,19.0,17.309973,138.16394,31111.861,10.016666,34.56,1.7458792,12.37,86.12524,97.97755,68.192665,1016.43756,1020.9,1010.3,1005.3506,1009.6816,999.20953,78.208336,100.0,31.0,8.518231,10.204934,7.209116
1177,2023-03-23 00:00:00+00:00,51.0,15.25,5.85,9.454318,44050.086,1.6,14.512064,255.9637,39600.0,10.854167,26.28,2.3904214,16.08,82.833405,97.63563,62.65219,1022.2542,1023.8,1021.0,1011.13544,1012.7833,1009.7623,52.791668,100.0,17.0,8.949218,11.367289,5.408182
1178,2023-03-24 00:00:00+00:00,3.0,17.65,7.95,8.319748,44178.45,0.0,26.865265,317.5456,43200.0,12.383334,45.719997,4.406163,23.23,55.587704,83.94288,39.356,1022.61664,1024.8,1020.5,1011.5529,1013.7516,1009.4922,18.625,87.0,0.0,7.584184,10.925021,4.3905
1179,2023-03-25 00:00:00+00:00,3.0,17.35,4.55,8.226853,44306.984,0.0,24.567198,280.98666,43200.0,10.822917,42.839996,3.5923407,21.97,65.59581,90.47221,46.472103,1019.13763,1021.7,1016.3,1008.05,1010.4388,1005.411,13.875,100.0,0.0,7.1623626,11.41692,3.013381
1180,2023-03-26 00:00:00+00:00,3.0,18.45,4.1,7.2033677,44435.605,0.0,27.026386,322.29715,43200.0,10.766667,46.079998,4.2826185,23.21,51.758545,74.37713,26.529858,1019.1499,1020.6,1017.7,1008.0595,1009.4713,1006.8763,51.5,100.0,0.0,5.5650654,9.415547,1.8103523
1181,2023-03-27 00:00:00+00:00,3.0,20.9,3.7,9.529418,44564.242,0.0,8.942214,53.13001,43200.0,11.556251,20.519999,3.9201148,23.76,57.8385,83.11998,20.019281,1020.37085,1022.0,1018.7,1009.2961,1011.1582,1007.9974,46.041668,100.0,0.0,6.634672,11.844004,2.0950499
1182,2023-03-28 00:00:00+00:00,3.0,20.45,7.95,11.23825,44692.805,0.0,16.563911,207.42004,43200.0,13.270833,30.960001,4.0588746,23.91,58.149326,96.05171,36.183563,1017.69165,1019.8,1016.1,1006.7144,1008.61926,1005.16565,34.041668,100.0,0.0,8.56565,12.708179,4.720871
1183,2023-03-29 00:00:00+00:00,63.0,14.85,8.5,9.213886,44821.21,20.600002,21.370783,183.10878,25200.0,11.416667,37.44,2.2016466,14.93,80.22631,96.048645,52.97896,1013.8333,1016.8,1012.2,1002.8288,1005.69916,1001.1473,65.166664,100.0,0.0,9.273643,10.901504,6.8107586
1184,2023-03-30 00:00:00+00:00,53.0,13.8,6.45,7.880955,44949.38,4.2999997,12.605142,132.34927,34347.938,9.854166,31.68,2.2128994,15.75,80.34887,94.65171,60.528164,1014.74164,1019.4,1012.2,1003.66656,1008.14014,1001.0554,66.25,100.0,0.0,7.7641253,9.533146,5.5229216
1185,2023-03-31 00:00:00+00:00,3.0,16.8,6.0,9.318214,45077.234,0.0,15.629971,357.3371,38856.234,11.083333,27.0,3.2685413,21.93,74.60474,91.70168,55.337418,1021.55835,1023.3,1020.2,1010.4555,1012.3058,1008.9294,63.708332,100.0,0.0,8.326562,12.044321,4.309675
1186,2023-04-01 00:00:00+00:00,3.0,19.75,8.3,12.189574,45204.684,0.0,18.089775,218.82321,43200.0,13.299999,33.12,3.830941,24.81,72.27748,93.82447,50.141403,1019.80005,1020.9,1018.2,1008.80145,1009.8936,1007.34314,7.875,100.0,0.0,10.1271,14.115938,6.453204
1187,2023-04-02 00:00:00+00:00,3.0,17.85,7.75,11.169663,45331.64,0.0,16.08761,166.52048,39600.0,12.1875,30.239998,3.3601375,23.16,82.798294,96.08218,60.940372,1017.929,1019.8,1015.2,1006.9085,1008.71893,1004.24536,27.291666,100.0,0.0,10.230128,14.125532,6.854685
1188,2023-04-03 00:00:00+00:00,51.0,15.6,8.8,8.082494,45458.023,0.2,28.241076,339.20743,29777.441,11.910417,49.68,3.6890101,17.54,58.451366,97.04184,28.863039,1013.8709,1017.7,1012.5,1002.8846,1006.55206,1001.46533,51.75,100.0,0.0,7.49311,10.201691,2.817266
1189,2023-04-04 00:00:00+00:00,3.0,16.15,6.7,5.9472976,45583.75,0.0,31.853388,300.8078,43200.0,10.902083,54.36,4.605174,25.32,46.361553,65.89107,32.466244,1019.03345,1020.4,1017.6,1007.95135,1009.33185,1006.63135,28.875,100.0,0.0,5.48321,9.958012,2.0843039
1190,2023-04-05 00:00:00+00:00,3.0,19.3,4.9,9.306494,45708.72,0.0,16.167967,344.95355,43200.0,11.3875,30.599998,4.0796313,25.18,58.632034,81.92725,32.028725,1019.35425,1020.8,1017.5,1008.2856,1009.8628,1006.6468,30.041666,100.0,0.0,6.831267,10.824793,2.6217947
1191,2023-04-06 00:00:00+00:00,3.0,21.8,5.9,11.101296,45832.848,0.0,15.893093,304.6293,43367.633,13.295834,30.960001,4.5489473,25.82,51.82126,79.09971,22.39857,1017.61255,1019.1,1015.8,1006.635,1007.91486,1004.95734,16.833334,100.0,0.0,7.627934,11.165435,3.0124836
1192,2023-04-07 00:00:00+00:00,3.0,20.6,9.25,12.596729,45956.043,0.0,15.2947035,156.80139,40839.242,13.991666,27.359999,4.1705756,25.01,65.15008,90.80873,46.70612,1016.9502,1018.0,1015.8,1006.0081,1007.08344,1004.989,62.0,100.0,0.0,10.00259,14.277977,6.5892487
1193,2023-04-08 00:00:00+00:00,3.0,20.4,9.45,13.377242,46078.625,0.0,15.815435,166.22328,36740.645,13.910417,32.039997,3.7238204,24.04,82.53806,99.67056,58.101933,1017.87915,1019.1,1016.9,1006.9243,1008.0728,1005.98615,84.125,100.0,33.0,11.821067,15.667274,8.756571
1194,2023-04-09 00:00:00+00:00,3.0,22.95,10.95,15.531375,46201.336,0.0,14.336861,185.83118,36000.0,15.235416,28.44,3.8259592,23.31,85.60724,100.0,61.08255,1018.6084,1020.6,1016.4,1007.6955,1009.6554,1005.6488,46.791668,100.0,0.0,13.43782,18.046057,10.861153
1195,2023-04-10 00:00:00+00:00,3.0,24.05,10.15,15.414665,46324.133,0.0,14.84318,207.13504,36000.0,15.333333,29.519999,3.9767091,23.69,84.07459,100.0,52.22992,1016.9958,1018.1,1015.1,1006.1033,1007.02765,1004.44617,36.916668,100.0,0.0,13.284012,17.666239,10.09041
1196,2023-04-11 00:00:00+00:00,3.0,20.9,10.4,14.328309,46446.938,0.0,13.246826,212.3567,36447.406,14.347915,28.44,3.618,22.97,86.18801,100.0,62.242794,1015.5168,1017.2,1013.3,1004.60406,1006.19147,1002.5323,94.583336,100.0,57.0,12.654664,16.323032,10.307484
1197,2023-04-12 00:00:00+00:00,51.0,21.3,10.9,13.656003,46569.66,0.1,16.746773,165.80742,21264.545,14.337501,31.68,2.9599948,17.15,81.58048,99.66887,51.66756,1011.4377,1014.4,1009.1,1000.56885,1003.38525,998.41675,99.833336,100.0,96.0,12.144692,15.048475,10.776044
1198,2023-04-13 00:00:00+00:00,53.0,16.75,12.05,12.150173,46692.22,2.7000003,16.904673,165.16827,18520.855,13.685416,28.8,2.261662,12.92,77.91752,89.65924,59.62286,1009.71655,1011.7,1008.4,998.84283,1000.7431,997.48676,98.791664,100.0,72.0,11.203937,12.045139,10.412333
1199,2023-04-14 00:00:00+00:00,51.0,17.75,11.25,12.336288,46814.54,1.0000001,13.104198,195.69885,36174.49,13.670833,27.0,2.6847513,16.08,74.459496,89.882935,56.03241,1013.9001,1016.9,1011.6,1002.98047,1005.86,1000.6348,69.958336,100.0,0.0,10.789174,12.717398,9.777817
1200,2023-04-15 00:00:00+00:00,0.0,21.4,8.4,13.248599,46936.523,0.0,17.782686,218.77112,43876.805,14.039582,34.2,4.200218,26.15,76.238266,95.702385,52.705875,1018.5376,1020.1,1016.9,1007.58014,1009.02997,1005.86755,0.5833333,6.0,0.0,11.210759,15.427441,7.834738
1201,2023-04-16 00:00:00+00:00,3.0,21.0,9.65,13.5373125,47058.082,0.0,15.30741,210.25633,36067.98,13.929166,31.319998,3.7490058,23.71,82.75715,100.0,57.15896,1018.33746,1020.6,1015.7,1007.37866,1009.64026,1004.7399,46.541668,100.0,0.0,11.850349,15.530809,9.552483
1202,2023-04-17 00:00:00+00:00,3.0,20.75,10.05,13.372085,47179.14,0.0,18.171976,207.99704,32931.42,14.095834,36.0,3.4426272,21.02,79.20513,100.0,49.622494,1014.7124,1016.7,1012.5,1003.79913,1005.6505,1001.737,70.833336,100.0,0.0,11.633746,14.577286,9.955149
1203,2023-04-18 00:00:00+00:00,51.0,19.95,11.8,13.849135,47299.6,0.3,17.566378,219.22566,33668.23,14.791667,35.64,3.446232,20.31,71.71281,88.751045,45.587223,1014.70416,1015.8,1013.7,1003.8179,1004.8618,1002.9428,90.958336,100.0,16.0,11.491403,13.562378,10.107339
1204,2023-04-19 00:00:00+00:00,3.0,23.3,8.05,12.752929,47419.375,0.0,27.36947,203.782,44304.227,14.322919,49.68,4.5114865,26.54,64.610085,99.66226,15.99242,1016.7375,1018.5,1015.3,1005.80975,1007.5002,1004.3744,22.25,100.0,0.0,9.884831,13.257462,7.5164385
1205,2023-04-20 00:00:00+00:00,2.0,27.15,7.85,15.379191,47538.363,0.0,15.175612,290.48386,45722.918,17.449999,28.44,5.415497,27.09,43.8344,76.48111,15.591832,1019.07916,1020.4,1018.1,1008.24023,1009.6139,1007.4422,14.75,59.0,0.0,9.77315,13.887276,5.086093
1206,2023-04-21 00:00:00+00:00,0.0,32.25,12.75,20.257948,47656.473,0.0,20.288164,290.81512,45772.67,22.377085,37.44,6.2651258,27.05,32.199657,58.522423,10.959144,1017.5667,1020.4,1013.8,1006.9235,1009.6376,1003.0763,0.41666666,10.0,0.0,12.0683775,15.232079,7.8497553
1207,2023-04-22 00:00:00+00:00,3.0,30.7,14.9,19.602585,47773.617,0.0,18.374111,185.31438,45821.457,21.139584,34.92,5.8505797,26.23,41.779163,71.51243,18.580317,1010.87506,1014.0,1008.1,1000.2595,1003.2027,997.54285,35.833332,100.0,0.0,12.980029,17.367245,9.773434
1208,2023-04-23 00:00:00+00:00,3.0,26.15,13.45,18.164833,47889.684,0.0,17.826363,181.70284,45665.086,18.368752,36.719997,4.8613534,26.41,70.31764,91.853226,41.90739,1009.23334,1010.8,1008.2,998.5364,999.9587,997.45386,36.166668,100.0,0.0,14.517867,17.649115,12.068733
1209,2023-04-24 00:00:00+00:00,3.0,22.8,13.25,16.040163,48004.582,0.0,20.316889,195.99712,32470.914,16.308332,39.239998,3.8513544,22.64,77.530464,92.44713,52.40337,1011.77484,1013.1,1010.5,1000.97626,1002.27515,999.88525,65.333336,100.0,0.0,13.565633,16.454523,12.286634
1210,2023-04-25 00:00:00+00:00,3.0,23.5,13.2,16.371447,48118.203,0.0,17.713316,208.5363,32215.771,16.44375,35.64,3.8408442,22.06,76.659874,93.96869,50.23788,1012.45416,1014.1,1010.9,1001.6529,1003.21387,1000.2956,64.208336,100.0,3.0,13.58133,16.767487,12.050669
1211,2023-04-26 00:00:00+00:00,3.0,25.95,12.55,17.642275,48230.45,0.0,17.974781,214.71184,36574.25,17.558332,35.64,4.6721754,25.29,74.81131,96.16564,43.386803,1013.9251,1015.5,1011.9,1003.148,1004.6276,1001.2813,44.25,100.0,0.0,14.254113,17.884043,11.9194565
1212,2023-04-27 00:00:00+00:00,3.0,23.75,12.1,16.23764,48341.207,0.0,16.831684,208.71396,38663.285,16.316666,35.64,4.550571,26.32,78.71584,99.345146,45.41824,1013.55005,1014.9,1011.7,1002.7315,1004.0034,1001.08344,39.25,100.0,0.0,13.585617,17.0235,11.436253
1213,2023-04-28 00:00:00+00:00,3.0,24.25,10.75,15.366113,48450.76,0.0,17.884428,218.55049,36245.223,15.591664,37.079998,4.477331,25.8,78.648674,99.66848,44.86936,1014.5166,1016.8,1013.5,1003.66034,1005.8091,1002.4796,44.708332,100.0,0.0,12.853122,16.953403,10.590525
1214,2023-04-29 00:00:00+00:00,3.0,24.6,10.55,15.654468,48559.832,0.0,19.453327,218.52386,40279.84,15.935417,37.44,4.6160903,26.32,77.974884,99.34001,43.44706,1015.60004,1017.4,1013.5,1004.74445,1006.32965,1002.7685,65.208336,100.0,9.0,13.069219,16.817268,10.354994
1215,2023-04-30 00:00:00+00:00,3.0,22.35,11.75,15.64269,48668.367,0.0,14.48972,186.08325,32428.865,15.870835,31.68,3.9923933,23.07,78.586716,100.0,50.09152,1012.7209,1015.3,1010.7,1001.8952,1004.3215,999.9341,72.875,100.0,3.0,13.215611,15.896578,11.631363
1216,2023-05-01 00:00:00+00:00,51.0,18.85,12.75,13.562118,48776.277,0.4,17.373497,175.37773,21378.246,15.264583,34.2,2.7265284,14.18,71.66462,83.63955,53.84714,1010.5083,1011.8,1009.3,999.68536,1000.93665,998.5914,75.625,100.0,3.0,12.006099,13.202965,10.734129
1217,2023-05-02 00:00:00+00:00,51.0,17.45,10.0,11.469864,48883.465,1.1,18.514643,212.21092,47117.008,13.64375,34.56,3.3671498,19.44,68.55967,92.90519,46.551834,1012.68335,1014.0,1011.6,1001.7757,1002.9839,1000.57916,49.458332,100.0,7.0,10.069588,11.129171,8.94503
1218,2023-05-03 00:00:00+00:00,51.0,19.3,8.3,11.633194,48989.85,0.6,18.899143,204.88446,41466.785,13.527083,37.8,3.6758547,21.35,65.825325,89.55853,36.503582,1012.22906,1013.9,1010.7,1001.3212,1002.8772,999.969,67.291664,100.0,8.0,9.60174,11.255015,6.8644266
1219,2023-05-04 00:00:00+00:00,61.0,17.0,10.9,11.818313,49095.332,13.100003,17.873556,156.36263,32360.09,13.541665,33.48,2.9616976,18.1,73.99111,94.81661,51.7469,1013.3499,1016.7,1010.8,1002.43164,1005.66974,999.8186,97.375,100.0,71.0,10.617253,11.724245,9.500278
1220,2023-05-05 00:00:00+00:00,61.0,18.65,10.0,12.910103,49199.82,3.0999997,16.862455,224.7,40281.094,14.135417,28.8,3.3619504,19.82,73.17448,97.029144,49.24766,1017.50415,1018.7,1015.9,1006.56305,1007.7274,1004.89014,49.75,100.0,0.0,11.026948,12.465372,9.63338
1221,2023-05-06 00:00:00+00:00,3.0,19.4,8.3,12.788518,49303.215,0.0,19.469976,242.24156,46681.71,14.193749,35.64,3.8110635,23.03,72.258766,90.85684,46.990257,1018.4458,1019.2,1017.6,1007.4961,1008.38635,1006.6469,67.041664,100.0,2.0,10.946526,13.639191,7.0071917
1222,2023-05-07 00:00:00+00:00,3.0,21.95,10.4,14.3113785,49405.426,0.0,18.335276,195.70103,46196.496,15.191666,35.64,4.205146,25.26,75.47817,97.36358,43.8747,1018.2458,1019.5,1016.9,1007.33563,1008.5635,1006.05133,56.708332,100.0,0.0,12.199429,14.972397,10.068298
1223,2023-05-08 00:00:00+00:00,3.0,22.5,11.85,15.998622,49506.348,0.0,17.906157,199.27963,48205.535,16.289583,34.92,4.6403584,27.41,74.809944,97.39817,51.601677,1016.62915,1017.8,1015.0,1005.77734,1006.9082,1004.2252,32.708332,100.0,0.0,13.171078,16.10915,11.421181
1224,2023-05-09 00:00:00+00:00,51.0,22.7,11.8,14.293769,49605.875,0.6,20.380579,180.7252,30040.998,15.791667,38.88,3.7782009,20.51,72.97731,92.68561,42.059418,1015.16254,1016.3,1013.7,1004.3083,1005.4782,1002.9207,70.083336,100.0,0.0,12.5314245,14.8893585,10.854941
1225,2023-05-10 00:00:00+00:00,2.0,22.8,11.1,15.299493,49703.914,0.0,20.304129,193.1028,46452.023,16.25625,39.239998,4.4362288,24.98,65.77698,89.87159,37.25344,1016.00824,1017.6,1014.8,1005.16235,1006.667,1003.84015,29.041666,75.0,5.0,12.097394,14.69702,9.990005
1226,2023-05-11 00:00:00+00:00,2.0,21.95,10.45,15.230865,49800.348,0.0,20.570463,232.96248,47382.36,15.924999,39.239998,4.4004955,26.0,70.82493,95.42846,44.71125,1015.61664,1017.4,1013.5,1004.7622,1006.42163,1002.7613,11.5,67.0,0.0,12.377908,15.095646,9.918394
1227,2023-05-12 00:00:00+00:00,3.0,24.85,10.65,16.070051,49895.082,0.0,19.770523,218.09967,40230.08,16.245834,37.8,4.3728056,24.62,76.796455,97.69426,45.27174,1014.0166,1016.0,1011.7,1003.19037,1005.09344,1001.00775,22.5,100.0,0.0,13.309812,17.126093,10.353098
1228,2023-05-13 00:00:00+00:00,3.0,27.25,12.85,18.000643,49988.004,0.0,16.039202,177.19762,37709.24,17.908335,33.48,4.657483,24.57,75.08707,94.27795,43.01996,1011.34576,1013.5,1008.8,1000.6089,1002.6055,998.267,46.166668,100.0,3.0,14.627541,18.754097,12.154493
1229,2023-05-14 00:00:00+00:00,3.0,28.35,14.3,18.36711,50078.996,0.0,20.620804,200.2994,34389.234,18.120832,39.96,4.404437,23.43,76.44264,94.03445,38.314354,1013.2874,1016.2,1011.8,1002.5385,1005.3026,1000.9404,45.041668,100.0,0.0,15.034659,18.79099,13.566975
1230,2023-05-15 00:00:00+00:00,3.0,24.65,13.1,17.26645,50167.953,0.0,16.641972,242.97156,35870.207,17.254168,34.2,3.959171,21.57,79.44071,99.02862,48.08049,1017.2666,1018.1,1016.4,1006.44403,1007.3909,1005.4516,81.958336,100.0,35.0,14.611075,17.61408,12.8835335
1231,2023-05-16 00:00:00+00:00,3.0,23.2,12.85,17.123842,50254.77,0.0,17.373497,231.41264,39778.63,17.102083,36.0,4.02577,22.78,80.23417,100.0,53.545776,1015.5625,1017.2,1013.2,1004.75226,1006.3443,1002.5353,67.541664,100.0,0.0,14.582053,16.967926,12.738262
1232,2023-05-17 00:00:00+00:00,3.0,24.55,12.45,17.418255,50339.312,0.0,16.92383,215.31596,39506.203,17.24375,33.839996,4.671935,26.58,78.84772,99.35098,46.54721,1012.5251,1015.3,1009.3,1001.75165,1004.3691,998.7284,58.791668,100.0,0.0,14.501373,17.075811,12.160557
1233,2023-05-18 00:00:00+00:00,3.0,24.9,13.55,18.040415,50421.81,0.0,13.679999,174.17073,35211.41,17.752083,30.239998,4.262523,23.59,77.523766,99.675156,47.682034,1012.30414,1014.3,1010.2,1001.55255,1003.43054,999.31647,56.583332,100.0,2.0,14.861126,17.55706,13.33046
1234,2023-05-19 00:00:00+00:00,51.0,24.05,13.95,17.643837,50502.855,0.2,14.773164,195.42221,31393.725,17.404167,31.319998,3.9003372,21.66,78.9478,96.18026,51.70849,1016.3791,1018.3,1014.6,1005.57184,1007.3895,1003.6842,70.291664,100.0,4.0,14.746056,17.438057,13.285276
1235,2023-05-20 00:00:00+00:00,3.0,24.75,14.45,18.803831,50582.4,0.0,17.057314,235.4374,39280.676,18.397919,34.2,4.479423,24.62,77.11486,96.50161,52.045753,1017.69574,1018.5,1015.9,1006.9109,1007.6023,1005.2286,73.375,100.0,11.0,15.456912,18.175135,13.797176
1236,2023-05-21 00:00:00+00:00,3.0,26.15,14.7,19.234072,50660.36,0.0,17.373497,228.96474,37578.074,18.656248,35.64,4.60723,24.8,76.938774,95.88509,48.370033,1015.50415,1017.9,1012.8,1004.7514,1007.0072,1002.16656,70.791664,100.0,1.0,15.64248,18.724545,13.914444
1237,2023-05-22 00:00:00+00:00,3.0,25.2,14.7,18.685144,50736.66,0.0,17.81909,220.57289,35229.516,18.14375,35.28,4.295929,23.9,78.07517,93.7317,51.174297,1013.5083,1015.1,1011.9,1002.7585,1004.24243,1001.3756,64.041664,100.0,0.0,15.3479805,18.352474,13.966497
1238,2023-05-23 00:00:00+00:00,51.0,22.15,15.3,17.558035,50811.215,0.1,14.618837,183.87119,30132.62,17.847916,30.599998,3.7110076,20.06,73.21875,89.88999,55.41459,1013.49585,1014.6,1012.5,1002.736,1003.74243,1001.8209,81.541664,100.0,19.0,14.575191,16.310802,13.109661
1239,2023-05-24 00:00:00+00:00,51.0,21.85,15.25,16.7376,50883.953,0.3,14.917212,173.14241,26427.748,17.55625,30.599998,3.5735128,18.49,68.0514,82.563446,48.30991,1013.20825,1014.4,1011.9,1002.4412,1003.5723,1001.2257,82.083336,100.0,1.0,13.695914,15.213623,12.712704
1240,2023-05-25 00:00:00+00:00,3.0,21.75,15.15,16.233923,50954.78,0.0,17.057314,190.65494,37237.73,17.483332,34.92,4.0533237,20.89,62.629818,74.52311,40.61359,1011.99567,1013.3,1011.1,1001.23895,1002.4617,1000.47894,81.0,100.0,21.0,12.954085,14.569258,12.101244
1241,2023-05-26 00:00:00+00:00,53.0,20.2,13.1,15.569657,51023.63,2.9999998,18.504139,226.01991,26861.498,16.393751,35.28,3.2303495,18.14,70.64478,86.8,52.94606,1014.0208,1015.0,1013.3,1003.2022,1004.0475,1002.4412,71.083336,100.0,4.0,12.933019,14.294388,11.629385
1242,2023-05-27 00:00:00+00:00,3.0,21.05,11.7,15.514885,51090.406,0.0,20.150354,221.80745,48575.47,16.1,38.519997,3.9403892,23.91,75.75479,91.4307,57.737392,1014.3665,1015.3,1013.3,1003.53253,1004.3139,1002.6327,30.625,100.0,0.0,13.190896,15.652515,10.743986
1243,2023-05-28 00:00:00+00:00,3.0,21.75,12.2,16.37177,51155.03,0.0,16.418526,226.31175,28796.547,16.725,33.839996,3.2671113,17.91,76.56787,96.76086,56.128677,1013.82495,1014.7,1012.7,1003.01984,1003.84296,1001.9735,67.291664,100.0,0.0,13.869212,16.095049,11.737978
1244,2023-05-29 00:00:00+00:00,51.0,21.65,15.4,17.40196,51217.418,0.70000005,12.475961,207.83394,15294.674,17.708334,29.519999,2.969108,15.06,72.81399,84.79662,52.796925,1014.6333,1015.4,1013.7,1003.85675,1004.70325,1003.07684,98.125,100.0,69.0,14.409396,15.509022,13.537943
1245,2023-05-30 00:00:00+00:00,51.0,20.3,15.2,16.377611,51277.48,0.2,19.171478,241.56071,32579.133,17.299997,36.36,3.111533,16.25,69.406364,81.210526,54.041332,1014.32916,1015.0,1013.4,1003.54083,1004.2564,1002.62933,89.041664,100.0,48.0,13.649109,14.646433,12.77956
1246,2023-05-31 00:00:00+00:00,51.0,20.15,14.3,16.225016,51335.14,1.1,15.683774,221.05122,17446.832,16.6875,32.039997,2.6636865,13.78,72.76425,85.21461,57.326996,1012.6792,1013.9,1012.0,1001.8857,1003.03296,1001.2987,99.291664,100.0,83.0,13.459423,14.875772,12.421703
1247,2023-06-01 00:00:00+00:00,51.0,20.5,15.2,17.080025,51390.305,0.5,15.484185,219.69902,30005.027,17.514582,30.599998,3.0169742,16.12,71.01844,81.23684,58.703903,1013.0833,1014.5,1011.9,1002.31635,1003.6917,1001.0952,95.333336,100.0,31.0,14.047355,15.372135,13.056103
1248,2023-06-02 00:00:00+00:00,3.0,22.6,14.35,17.641134,51442.895,0.0,19.376562,229.99208,41684.59,17.835417,38.16,4.269382,24.32,70.65784,86.186295,53.56696,1014.41675,1015.3,1012.9,1003.64655,1004.62036,1002.23505,59.25,100.0,0.0,14.24396,16.446354,12.70808
1249,2023-06-03 00:00:00+00:00,3.0,24.25,11.7,17.32372,51492.82,0.0,16.055355,221.32533,47916.426,17.302084,33.48,4.9667807,28.48,75.42223,98.03688,49.10366,1013.2458,1014.8,1011.6,1002.4672,1003.89154,1000.94324,13.375,100.0,0.0,14.166942,17.270021,11.303415
1250,2023-06-04 00:00:00+00:00,3.0,23.85,14.15,17.828588,51540.0,0.0,18.668005,228.95525,38681.188,17.710417,35.28,4.5654545,25.59,74.650696,94.31901,50.820484,1011.74585,1013.0,1009.5,1000.9987,1002.1128,998.95105,51.208332,100.0,0.0,14.516778,17.132359,13.232895
1251,2023-06-05 00:00:00+00:00,51.0,21.2,15.15,15.974942,51584.35,0.6,17.283749,172.7616,19968.08,16.987501,34.92,2.8972995,13.9,69.758446,83.64302,49.082714,1011.8667,1012.9,1011.0,1001.0928,1002.06067,1000.27423,90.208336,100.0,50.0,13.368736,14.70101,12.666998
1252,2023-06-06 00:00:00+00:00,51.0,22.4,14.6,16.126215,51625.777,0.4,15.941944,180.23973,37169.37,17.466667,30.239998,4.0457163,20.08,63.09897,81.13124,38.957928,1012.2502,1014.0,1011.1,1001.48944,1003.1413,1000.51294,97.125,100.0,60.0,12.935426,14.2057495,12.041834
1253,2023-06-07 00:00:00+00:00,51.0,21.05,14.55,16.791689,51664.37,0.70000005,14.182355,214.19086,30936.232,17.433332,28.44,3.1630723,16.01,70.23192,87.224434,52.053246,1014.51245,1015.8,1013.4,1003.72675,1004.9144,1002.5459,68.416664,100.0,0.0,13.818202,15.279097,12.869305
1254,2023-06-08 00:00:00+00:00,3.0,23.65,12.4,17.490608,51700.434,0.0,20.608229,226.36171,50305.906,17.716667,39.96,4.73892,27.27,73.699295,95.49649,48.902798,1015.93756,1017.1,1014.9,1005.14606,1006.221,1004.2518,25.541666,100.0,0.0,14.40295,16.804602,11.870459
1255,2023-06-09 00:00:00+00:00,3.0,22.9,14.15,17.628899,51733.957,0.0,17.84816,214.91708,37917.703,17.674997,35.28,3.8808422,21.61,75.74545,96.80781,51.407654,1015.9209,1017.2,1014.6,1005.1287,1006.2695,1003.94476,95.166664,100.0,43.0,14.668057,16.397575,13.73826
1256,2023-06-10 00:00:00+00:00,3.0,21.7,14.65,17.607931,51764.906,0.0,16.563911,191.35327,11181.215,17.664583,32.399998,2.9362712,14.91,74.80936,91.022316,58.275,1012.6042,1014.8,1010.9,1001.8471,1003.93274,1000.2937,100.0,100.0,100.0,14.592261,16.304235,13.597639
1257,2023-06-11 00:00:00+00:00,51.0,21.45,15.6,17.237242,51793.27,1.2,15.876775,173.67255,12039.252,18.05625,28.44,2.7818303,12.18,69.70074,81.79813,55.785896,1012.65424,1015.5,1010.9,1001.9113,1004.6606,1000.095,97.5,100.0,72.0,14.374475,15.744236,13.507643
1258,2023-06-12 00:00:00+00:00,51.0,21.35,14.85,17.699133,51819.016,1.0000001,15.137133,251.56496,33097.227,17.981253,29.88,3.1299717,15.75,72.09446,83.49804,57.621532,1016.20416,1017.3,1015.5,1005.4209,1006.40784,1004.6514,81.583336,100.0,9.0,14.581791,15.904034,12.833313
1259,2023-06-13 00:00:00+00:00,3.0,22.8,13.45,17.807999,51842.13,0.0,19.513195,235.29651,50400.0,17.87083,38.519997,4.706082,26.96,72.54189,91.54246,51.537365,1016.0833,1017.3,1014.2,1005.2963,1006.48785,1003.4778,31.041666,100.0,0.0,14.431801,16.356133,12.4857235
1260,2023-06-14 00:00:00+00:00,3.0,23.3,13.85,17.534658,51862.582,0.0,17.10284,200.10626,31413.229,17.579165,34.56,3.7741683,20.59,75.72411,94.92431,52.02062,1013.6333,1015.0,1011.7,1002.862,1004.20496,1001.0439,74.916664,100.0,3.0,14.57103,16.833534,13.253555
1261,2023-06-15 00:00:00+00:00,51.0,22.75,15.65,18.451803,51880.363,0.4,13.783817,198.67682,27925.729,18.472916,29.519999,3.4344008,17.69,72.71099,84.89397,55.746223,1012.9709,1014.0,1011.1,1002.2395,1003.18604,1000.5095,96.75,100.0,45.0,15.104709,17.030468,13.678459
1262,2023-06-16 00:00:00+00:00,3.0,25.7,16.0,20.003702,51895.45,0.0,19.201874,236.94417,35766.56,19.416668,39.6,4.406831,23.25,73.12033,90.81793,49.303005,1014.15424,1015.2,1013.4,1003.4444,1004.3547,1002.7567,61.541668,100.0,0.0,15.961881,18.523327,14.767662
1263,2023-06-17 00:00:00+00:00,3.0,27.4,15.3,20.757,51907.824,0.0,19.469976,211.72354,44653.547,20.110418,38.519997,5.4527555,28.36,73.47358,94.6735,46.07463,1013.9958,1015.4,1011.9,1003.3116,1004.55255,1001.3332,30.083334,100.0,0.0,16.518623,19.409468,14.531479
1264,2023-06-18 00:00:00+00:00,3.0,25.55,16.25,19.808672,51917.465,0.0,17.826363,198.07916,37332.223,19.406248,36.36,4.827907,25.79,72.85036,91.42518,47.43252,1012.58325,1014.3,1011.2,1001.8896,1003.4753,1000.5834,61.833332,100.0,0.0,15.891963,18.063011,14.592659
1265,2023-06-19 00:00:00+00:00,3.0,25.0,16.45,19.214119,51924.37,0.0,16.981165,177.20482,35402.78,19.458334,35.64,4.407823,22.01,68.19327,81.90635,45.843193,1013.59985,1014.7,1012.6,1002.8977,1003.8915,1001.8195,76.166664,100.0,4.0,15.394912,17.354504,14.232796
1266,2023-06-20 00:00:00+00:00,3.0,26.2,13.8,19.936693,51928.516,0.0,20.456745,228.0016,48814.22,19.833332,39.6,5.568919,28.95,65.2189,96.79924,37.50179,1015.0667,1016.3,1014.1,1004.3616,1005.5335,1003.4834,20.25,100.0,0.0,15.170555,16.954224,13.410942
1267,2023-06-21 00:00:00+00:00,3.0,27.45,14.55,19.75355,51929.887,0.0,21.67487,214.13083,50400.0,20.110416,41.399998,6.051839,30.11,61.733006,91.01565,33.27131,1014.0083,1015.4,1012.4,1003.3237,1004.58405,1001.888,15.083333,100.0,0.0,14.854939,17.449049,13.323137
1268,2023-06-22 00:00:00+00:00,3.0,23.85,13.9,17.515902,51928.48,0.0,21.252197,200.59239,46800.0,17.987501,41.039997,5.151015,28.59,70.19065,100.0,42.780487,1014.16644,1015.6,1013.5,1003.40436,1004.72797,1002.76605,34.166668,100.0,0.0,14.187688,16.01417,12.985764
1269,2023-06-23 00:00:00+00:00,3.0,23.95,13.0,17.569784,51924.273,0.0,20.172853,199.77612,50400.0,18.356253,38.88,5.457226,29.21,63.901615,93.03839,38.902905,1016.1125,1018.0,1014.3,1005.3427,1007.20825,1003.6633,17.291666,99.0,0.0,13.726345,15.651352,12.202147
1270,2023-06-24 00:00:00+00:00,3.0,25.7,12.25,18.466568,51917.26,0.0,17.208603,203.70598,50400.0,18.725,35.64,5.314559,28.2,66.342026,96.1524,38.84462,1016.2832,1017.5,1015.4,1005.5247,1006.6449,1004.69415,30.125,100.0,0.0,14.31219,16.75279,11.39477
1271,2023-06-25 00:00:00+00:00,3.0,24.4,13.35,18.59306,51907.44,0.0,15.815435,193.14397,46800.0,18.7125,33.839996,5.361739,28.67,69.02056,98.382545,39.525047,1016.4041,1018.1,1014.0,1005.644,1007.22174,1003.36993,19.5,100.0,0.0,14.626125,16.529358,13.1348
1272,2023-06-26 00:00:00+00:00,3.0,26.05,12.85,18.529366,51894.797,0.0,17.873556,186.0693,50400.0,18.966665,37.079998,5.6590443,29.47,67.88112,99.67416,34.051834,1013.42505,1015.7,1010.7,1002.705,1004.85846,1000.08673,10.875,100.0,0.0,14.651536,17.212866,12.518576
1273,2023-06-27 00:00:00+00:00,3.0,26.45,13.7,19.015451,51879.258,0.0,20.929594,203.50844,50303.574,19.12708,38.88,5.6318173,29.58,68.72749,98.70769,41.233868,1011.27094,1012.3,1009.6,1000.5796,1001.4799,999.0694,20.416666,100.0,0.0,14.945041,17.815474,13.251287
1274,2023-06-28 00:00:00+00:00,3.0,25.05,13.9,18.620073,51860.688,0.0,18.089775,188.1624,40208.25,18.741667,34.92,5.0148773,26.6,71.15632,97.43406,45.774914,1011.89575,1013.4,1010.2,1001.1844,1002.5758,999.633,24.208334,100.0,0.0,15.00462,17.528263,13.581419
1275,2023-06-29 00:00:00+00:00,3.0,26.75,14.05,19.483873,51839.145,0.0,19.296135,196.49075,39600.0,19.281252,36.719997,5.082807,26.16,71.456764,92.78684,44.349247,1012.41254,1014.4,1010.3,1001.7149,1003.5837,999.7782,23.041666,100.0,0.0,15.525971,18.584387,13.216221
1276,2023-06-30 00:00:00+00:00,3.0,28.85,14.7,20.551313,51814.684,0.0,20.018072,204.0755,39986.836,19.952082,37.079998,5.254644,26.68,73.48463,97.76539,40.637207,1011.77094,1013.7,1009.3,1001.1038,1002.8911,998.79034,23.375,100.0,0.0,16.321356,19.634033,14.350452
1277,2023-07-01 00:00:00+00:00,3.0,29.65,14.9,21.24589,51787.367,0.0,19.602652,210.69965,41029.062,20.464584,36.719997,5.4289923,26.74,74.026505,99.358,39.18022,1012.12506,1013.5,1010.8,1001.4725,1002.70807,1000.3636,28.458334,100.0,0.0,16.819147,20.06601,14.656776
1278,2023-07-02 00:00:00+00:00,3.0,30.35,14.8,21.501856,51757.258,0.0,21.986542,211.027,43200.0,20.560415,40.68,5.5342436,27.75,74.30784,100.0,39.628048,1012.0916,1013.5,1010.2,1001.44293,1002.7005,999.7369,38.541668,100.0,0.0,16.941723,20.660538,14.773371
1279,2023-07-03 00:00:00+00:00,3.0,30.1,14.6,20.894785,51724.406,0.0,19.681828,198.71863,43200.0,20.210417,37.079998,5.5310826,27.74,73.822716,99.04058,38.055935,1011.72095,1012.9,1010.5,1001.06323,1002.13464,1000.0005,41.875,100.0,2.0,16.530748,20.14671,14.427073
1280,2023-07-04 00:00:00+00:00,3.0,26.85,14.45,19.50809,51688.883,0.0,17.057314,191.16205,43200.0,19.512499,33.12,5.452938,27.92,69.37554,96.506966,37.31112,1012.88336,1013.9,1012.0,1002.1892,1003.32306,1001.1684,17.458334,100.0,0.0,15.362643,17.949694,13.957855
1281,2023-07-05 00:00:00+00:00,3.0,26.05,13.7,18.747843,51650.74,0.0,19.35314,200.05951,46415.625,19.008331,36.719997,5.489364,28.36,69.18762,100.0,36.056587,1013.53754,1015.0,1011.7,1002.8181,1004.20496,1001.1548,24.125,100.0,0.0,14.845588,17.069244,13.203533
1282,2023-07-06 00:00:00+00:00,3.0,25.85,13.65,19.133932,51610.047,0.0,16.80857,192.51598,43200.0,18.964584,30.960001,5.273674,27.98,71.494675,99.35175,43.080616,1012.65826,1014.3,1010.6,1001.9468,1003.5179,1000.0307,24.833334,100.0,0.0,15.188075,17.675877,13.543289
1283,2023-07-07 00:00:00+00:00,3.0,26.85,14.45,19.119455,51566.87,0.0,19.862083,180.88918,44013.33,19.283333,37.079998,5.3774037,27.76,68.561195,91.01231,40.74487,1010.8208,1012.5,1008.4,1000.1402,1001.748,997.88043,25.666666,100.0,0.0,15.121308,18.020529,13.31641
1284,2023-07-08 00:00:00+00:00,3.0,27.2,13.6,19.124765,51521.27,0.0,21.382906,204.92174,41374.39,19.016668,39.96,5.1915565,26.89,71.619385,98.07524,42.752316,1010.43756,1011.9,1009.2,999.75104,1001.13055,998.6888,21.666666,100.0,0.0,15.256181,18.73608,12.439867
1285,2023-07-09 00:00:00+00:00,3.0,26.5,14.45,20.20338,51473.3,0.0,18.440998,203.14761,37715.957,19.750002,35.28,5.1482067,26.34,71.552734,95.90535,45.871227,1012.0999,1013.8,1011.0,1001.42303,1002.99725,1000.3892,22.291666,100.0,0.0,15.967692,18.715569,13.682812
1286,2023-07-10 00:00:00+00:00,3.0,30.45,14.8,21.325325,51423.04,0.0,22.039528,206.86836,43200.0,21.03125,40.32,6.036566,28.79,67.34279,98.71909,31.573833,1012.5459,1014.4,1010.5,1001.90875,1003.55566,1000.0843,15.125,100.0,0.0,16.323954,19.49493,13.8298
1287,2023-07-11 00:00:00+00:00,3.0,31.95,15.55,23.183012,51370.547,0.0,19.174856,214.06216,49931.734,22.910418,36.0,6.472537,28.24,61.574554,100.0,27.584084,1013.9084,1015.1,1012.9,1003.32367,1004.4244,1002.54865,15.583333,100.0,0.0,17.005806,19.33762,15.027437
1288,2023-07-12 00:00:00+00:00,0.0,33.5,17.8,23.99975,51315.88,0.0,20.808498,216.01979,50400.0,24.614584,37.44,6.960458,28.27,47.900818,78.50299,16.633692,1014.1291,1015.6,1012.2,1003.60284,1005.0336,1001.8508,0.041666668,1.0,0.0,16.296444,17.632933,14.99449
1289,2023-07-13 00:00:00+00:00,3.0,33.7,18.2,23.614191,51259.11,0.0,21.986542,200.7283,50400.0,24.24792,39.96,6.8928986,28.76,47.919178,76.24876,17.945272,1013.2542,1014.7,1011.4,1002.72455,1004.04663,1000.91064,23.833334,98.0,0.0,16.199635,18.154652,14.889133
1290,2023-07-14 00:00:00+00:00,0.0,34.45,16.45,24.315271,51200.297,0.0,21.758419,205.60002,50400.0,24.34375,39.239998,7.034042,29.7,53.4272,89.39693,19.835016,1010.67084,1012.5,1008.7,1000.16986,1001.79736,998.40344,0.45833334,6.0,0.0,16.934454,19.637249,14.76297
1291,2023-07-15 00:00:00+00:00,3.0,32.7,16.25,23.88687,51139.504,0.0,19.95972,199.34776,50400.0,23.070833,37.079998,6.2393126,28.55,65.07981,96.858536,32.333683,1010.41254,1011.8,1009.0,999.8708,1001.193,998.6152,30.208334,100.0,0.0,17.926867,21.344658,15.868538
1292,2023-07-16 00:00:00+00:00,3.0,33.25,17.8,24.492605,51076.793,0.0,18.947083,204.77512,48611.695,23.285418,36.0,5.955706,27.38,68.0583,92.69089,35.274166,1011.62085,1013.2,1010.2,1001.07416,1002.50287,999.9321,46.416668,100.0,0.0,18.614555,22.060808,16.308537
1293,2023-07-17 00:00:00+00:00,3.0,31.7,18.45,25.482933,51011.96,0.0,18.875126,214.12569,49561.215,24.202082,36.0,6.048238,27.19,64.96944,88.13868,36.97775,1012.5415,1013.6,1011.3,1002.0186,1003.134,1000.62823,41.541668,100.0,0.0,19.110842,21.835873,17.019165
1294,2023-07-18 00:00:00+00:00,0.0,32.15,18.6,25.193665,50944.508,0.0,18.584509,212.50104,50346.24,24.204168,35.64,6.2145467,27.7,62.89435,90.131226,30.810982,1013.64575,1014.6,1012.5,1003.1111,1003.91327,1002.09985,0.45833334,3.0,0.0,18.65708,20.565065,17.295076
1295,2023-07-19 00:00:00+00:00,0.0,33.5,18.75,25.252777,50874.53,0.0,20.592503,212.94112,50314.766,24.656248,38.16,6.5504794,28.01,57.87212,85.40512,24.49333,1014.2541,1015.6,1013.0,1003.72845,1005.01697,1002.6152,0.0,0.0,0.0,18.185732,20.509071,16.885464
1296,2023-07-20 00:00:00+00:00,3.0,34.3,18.4,25.157578,50802.133,0.0,18.668005,199.4594,50264.344,24.529167,35.28,6.513176,28.41,57.782604,84.82501,22.601099,1013.5252,1014.9,1012.0,1003.00214,1004.3072,1001.6273,19.958334,89.0,0.0,18.056643,20.633522,16.196423
1297,2023-07-21 00:00:00+00:00,3.0,32.9,17.15,24.566069,50727.42,0.0,18.335276,195.63776,50190.305,23.685415,34.56,6.200305,28.17,62.546997,98.74154,29.534624,1011.8374,1013.3,1010.2,1001.3029,1002.9105,999.67926,42.791668,100.0,0.0,18.094002,21.093884,15.947199
1298,2023-07-22 00:00:00+00:00,3.0,33.0,16.4,23.935076,50650.508,0.0,17.208603,194.15244,50114.08,23.197916,33.839996,6.007123,27.2,63.709766,95.63141,32.475517,1010.4084,1012.2,1008.1,999.87103,1001.55493,997.59375,33.041668,98.0,0.0,17.850311,21.324606,15.875961
1299,2023-07-23 00:00:00+00:00,3.0,34.05,17.5,24.151896,50571.492,0.0,19.107151,202.18037,20244.107,23.0,33.48,4.2818656,17.68,70.180855,96.888176,31.838245,1012.4666,1014.6,1011.0,1001.9014,1003.9224,1000.2787,76.666664,100.0,0.0,18.648779,21.879599,16.972494
1300,2023-07-24 00:00:00+00:00,3.0,33.3,18.45,26.445068,50490.477,0.0,22.322903,212.13133,42933.645,24.45833,41.399998,5.8133507,26.31,70.51289,96.32065,40.565052,1014.30426,1015.3,1012.8,1003.7715,1004.70996,1002.44464,14.25,98.0,0.0,20.10367,23.251255,17.677494
1301,2023-07-25 00:00:00+00:00,0.0,35.95,18.8,27.437576,50407.566,0.0,20.304129,211.91487,49873.316,25.906252,37.079998,6.5983653,27.62,62.492313,95.10998,27.951004,1013.4583,1014.8,1011.5,1002.9839,1004.3381,1001.2138,0.5833333,14.0,0.0,19.981308,22.97863,18.207256
1302,2023-07-26 00:00:00+00:00,3.0,36.2,19.45,27.818403,50322.867,0.0,20.188908,202.21765,49789.363,26.900002,37.079998,7.0301313,27.9,54.55423,83.13475,23.791359,1012.4167,1013.8,1010.1,1001.98737,1003.2927,999.8664,12.166667,100.0,0.0,19.553778,22.070246,17.378134
1303,2023-07-27 00:00:00+00:00,0.0,36.1,19.1,27.460073,50236.473,0.0,18.668005,197.05836,49703.73,26.291666,34.92,6.75715,27.92,56.984386,92.46929,24.457964,1011.875,1013.0,1010.2,1001.4304,1002.6102,1000.01917,0.041666668,1.0,0.0,19.457087,22.20731,17.77975
1304,2023-07-28 00:00:00+00:00,3.0,33.6,18.5,26.315023,50148.48,0.0,19.881649,200.98215,49616.5,24.408335,37.44,5.938876,27.11,69.868034,97.21658,37.745884,1012.3208,1013.3,1011.4,1001.8068,1002.68646,1000.72723,12.875,100.0,0.0,19.903833,22.980898,17.928764
1305,2023-07-29 00:00:00+00:00,3.0,35.0,18.8,26.808302,50059.0,0.0,21.142147,202.81673,49150.645,24.824999,38.88,6.0262146,27.06,69.94671,94.811455,34.206093,1012.97504,1015.1,1010.9,1002.46844,1004.4978,1000.5025,17.916666,94.0,0.0,20.229765,23.185175,18.171026
1306,2023-07-30 00:00:00+00:00,3.0,33.75,19.75,27.604532,49968.113,0.0,17.477621,184.1664,39069.215,25.189583,31.319998,5.080288,22.44,71.82316,98.15427,40.30711,1011.7166,1013.5,1009.4,1001.23663,1003.0842,999.1535,66.125,100.0,0.0,20.982668,23.563513,18.997238
1307,2023-07-31 00:00:00+00:00,3.0,36.3,20.75,28.19796,49875.92,0.0,22.915916,197.49109,40949.1,26.658335,40.68,5.812103,22.4,62.281925,94.023155,28.750181,1012.83325,1014.7,1011.2,1002.3926,1004.10205,1000.70013,66.916664,100.0,0.0,20.709366,22.876038,19.418982
1308,2023-08-01 00:00:00+00:00,3.0,33.4,21.35,27.409647,49782.516,0.0,20.240198,203.78589,46170.934,25.885412,36.719997,6.2310243,26.95,60.47969,82.00855,33.120148,1014.57916,1015.8,1013.0,1004.0943,1005.34717,1002.6152,23.416666,94.0,0.0,19.958305,22.145164,18.40815
1309,2023-08-02 00:00:00+00:00,2.0,32.15,18.6,24.8193,49687.99,0.0,20.466246,208.24258,49159.848,24.002083,37.8,6.198884,27.71,62.143414,88.43193,27.213253,1014.69995,1016.1,1013.5,1004.1474,1005.49084,1003.0097,6.2916665,69.0,0.0,18.343468,20.72588,17.201614
1310,2023-08-03 00:00:00+00:00,3.0,30.45,16.15,22.898552,49592.434,0.0,21.407139,204.21773,46084.44,22.389582,40.32,6.0305247,27.41,66.357796,100.0,27.690355,1014.50415,1016.0,1013.0,1003.8957,1005.19434,1002.5079,23.0,100.0,0.0,17.299524,19.339378,16.027065
1311,2023-08-04 00:00:00+00:00,3.0,30.2,17.2,23.44731,49495.938,0.0,21.767351,196.59567,42308.434,22.404167,41.039997,5.513649,26.62,70.32256,97.81099,37.838135,1012.6958,1014.9,1010.2,1002.1074,1004.15936,999.7925,22.166666,100.0,0.0,18.187769,20.608706,16.226576
1312,2023-08-05 00:00:00+00:00,3.0,33.4,17.4,24.87114,49398.58,0.0,20.592503,202.38702,42360.81,23.518747,38.519997,6.027267,27.36,68.21291,98.121124,34.203632,1011.22925,1012.5,1009.7,1000.6946,1001.76276,999.3475,18.458334,100.0,0.0,18.708147,22.010609,17.022251
1313,2023-08-06 00:00:00+00:00,3.0,34.85,17.0,25.15011,49300.09,0.0,21.817902,203.83188,46804.414,23.752083,39.239998,6.1190257,27.58,69.03588,99.684074,28.10992,1013.13745,1015.1,1012.1,1002.5908,1004.4118,1001.44684,15.0,100.0,0.0,18.946047,21.654577,16.693636
1314,2023-08-07 00:00:00+00:00,3.0,33.45,17.0,24.07958,49199.805,0.0,19.829433,177.1947,44037.918,23.447916,36.719997,6.240546,27.13,64.27359,99.68392,20.862297,1015.62085,1016.7,1014.6,1005.0376,1005.9969,1003.81274,19.0,100.0,0.0,17.74523,19.270102,16.663076
1315,2023-08-08 00:00:00+00:00,2.0,31.05,17.1,24.225721,49097.797,0.0,21.868332,172.07843,47014.14,23.554167,40.32,5.8736787,26.09,62.96284,91.76873,30.824211,1015.72504,1017.2,1013.9,1005.14557,1006.42206,1003.47644,20.625,71.0,0.0,18.099306,20.626606,16.098867
1316,2023-08-09 00:00:00+00:00,53.0,28.95,19.65,24.655563,48994.188,1.0,18.511143,201.64128,37925.668,23.175001,34.56,4.4092813,20.29,71.15592,85.35196,51.69969,1013.72095,1015.1,1012.4,1003.15045,1004.46405,1001.87396,48.0,100.0,0.0,19.259428,21.897842,17.31742
1317,2023-08-10 00:00:00+00:00,61.0,27.4,19.4,23.515928,48889.074,4.7999997,18.79255,195.61717,37811.777,22.222918,32.760002,3.9064057,18.78,74.859375,87.71665,53.204796,1014.04584,1015.4,1012.7,1003.43866,1004.7247,1002.16895,53.125,100.0,0.0,18.87234,21.098549,17.640238
1318,2023-08-11 00:00:00+00:00,3.0,27.3,18.45,23.372864,48782.57,0.0,19.734436,218.14447,43450.16,21.824997,36.719997,4.350922,22.43,76.20803,93.90495,53.217476,1014.6208,1015.8,1013.1,1003.9932,1005.15485,1002.5455,31.75,100.0,0.0,18.647398,20.636068,17.713165
1319,2023-08-12 00:00:00+00:00,3.0,29.1,18.1,24.199541,48674.77,0.0,19.61587,208.95088,44914.67,22.508333,34.92,5.1586695,25.38,74.55899,97.825035,45.1125,1014.92084,1016.5,1013.3,1004.31366,1005.83685,1002.81366,22.041666,100.0,0.0,18.93948,21.384823,17.835035
1320,2023-08-13 00:00:00+00:00,3.0,28.85,18.05,23.805971,48565.78,0.0,20.898613,199.84697,43498.91,22.179169,38.88,4.917182,24.74,77.074745,99.06274,49.252365,1013.87506,1015.3,1012.0,1003.26715,1004.6276,1001.4429,25.708334,100.0,0.0,19.006823,21.448292,17.674393
1321,2023-08-14 00:00:00+00:00,3.0,29.05,18.4,24.204962,48455.703,0.0,20.929594,212.35019,38734.156,22.57708,38.519997,4.928544,24.16,75.284645,93.902695,47.994965,1013.05835,1014.4,1011.0,1002.4732,1003.7371,1000.5757,33.041668,100.0,0.0,19.140434,21.223616,17.663197
1322,2023-08-15 00:00:00+00:00,3.0,31.35,17.35,25.070467,48344.625,0.0,20.466246,212.68922,40825.27,23.522917,38.519997,5.507923,25.07,71.61565,100.0,38.020546,1013.56683,1015.3,1011.4,1003.00836,1004.63306,1001.0213,41.708332,100.0,0.0,19.313316,21.674273,17.341433
1323,2023-08-16 00:00:00+00:00,51.0,34.4,18.95,26.584908,48232.652,0.2,21.028437,213.1564,45814.54,25.541664,38.519997,6.203365,25.79,60.27054,87.93264,30.360811,1011.62506,1013.6,1008.8,1001.157,1002.8967,998.48047,18.541666,100.0,0.0,19.38306,22.20515,17.11603
1324,2023-08-17 00:00:00+00:00,3.0,32.3,17.5,24.949785,48119.875,0.0,21.096123,197.14337,45862.44,23.633331,38.88,5.780098,26.26,69.44117,99.99999,36.900455,1010.2791,1011.5,1008.5,999.75903,1000.8261,998.20044,9.625,98.0,0.0,19.087934,22.092587,17.300308
1325,2023-08-18 00:00:00+00:00,3.0,31.6,16.25,23.068497,48006.383,0.0,20.972897,198.95747,41927.89,22.539583,37.8,5.766693,25.66,68.03039,99.99999,27.669083,1010.15826,1012.0,1007.4,999.6003,1001.32996,997.0573,20.208334,100.0,0.0,17.66809,19.982367,16.233643
1326,2023-08-19 00:00:00+00:00,63.0,27.8,16.0,23.042755,47892.277,5.2,16.746773,204.82675,39291.277,22.183332,32.760002,4.377005,20.43,69.50792,97.16333,40.45693,1009.6084,1011.1,1007.6,999.04517,1000.39954,997.0815,64.666664,100.0,0.0,17.956366,20.37005,15.653633
1327,2023-08-20 00:00:00+00:00,63.0,26.0,20.85,25.867859,47777.633,59.300003,30.0767,354.5117,0.0,23.064583,46.079998,0.89588875,2.29,89.372154,97.90673,75.11453,1002.5418,1007.4,996.3,992.08514,996.81445,986.00995,100.0,100.0,100.0,21.692202,23.10912,19.328764
1328,2023-08-21 00:00:00+00:00,63.0,25.3,18.15,22.406647,47662.543,15.500001,21.461555,147.29054,28279.11,21.18125,33.839996,3.1260753,15.76,81.74154,95.73349,60.5713,1014.55853,1016.7,1009.8,1003.9087,1006.0562,999.1695,59.583332,100.0,3.0,18.809328,20.01006,17.105131
1329,2023-08-22 00:00:00+00:00,1.0,26.9,17.35,23.798437,47547.094,0.0,19.164717,215.28127,44689.387,21.460417,32.039997,4.617864,25.52,83.76032,98.12037,64.566055,1013.69586,1015.9,1011.1,1003.0643,1005.1176,1000.61884,1.3333334,25.0,0.0,19.291113,22.447233,17.072414
1330,2023-08-23 00:00:00+00:00,1.0,27.5,17.4,24.292276,47431.37,0.0,16.08761,195.5039,44175.016,21.672915,29.16,4.6121264,25.45,84.73063,98.121124,69.17441,1011.625,1013.3,1009.1,1001.0225,1002.54706,998.6395,3.5,41.0,0.0,19.638224,23.59475,17.14545
1331,2023-08-24 00:00:00+00:00,3.0,25.55,17.45,22.406591,47315.453,0.0,16.135872,171.46936,35097.566,20.437498,28.8,3.854117,21.77,87.58304,100.0,68.875595,1013.10834,1014.7,1011.7,1002.44684,1003.9779,1001.16364,43.5,100.0,0.0,18.814646,21.68478,17.34316
1332,2023-08-25 00:00:00+00:00,3.0,26.05,16.45,21.919542,47199.434,0.0,18.532135,193.19315,39732.984,20.122915,32.039997,4.250566,24.31,86.399956,100.0,60.7549,1013.1834,1014.4,1011.0,1002.5092,1003.60394,1000.4533,33.666668,100.0,0.0,18.31686,21.475634,16.435059
1333,2023-08-26 00:00:00+00:00,3.0,28.5,15.75,23.295168,47083.0,0.0,17.429354,203.92378,37000.574,21.062498,30.599998,4.6746407,24.76,83.97721,100.0,50.729786,1013.0083,1014.3,1010.8,1002.3684,1003.5439,1000.3655,35.916668,100.0,0.0,18.819302,22.418861,15.730103
1334,2023-08-27 00:00:00+00:00,0.0,31.15,16.95,25.935675,46965.453,0.0,15.021105,214.52689,44185.555,23.602081,28.08,5.23816,25.53,73.160675,95.66422,45.087696,1011.4666,1013.0,1009.7,1000.9331,1002.2539,999.22296,0.0,0.0,0.0,19.74352,23.478191,16.1792
1335,2023-08-28 00:00:00+00:00,0.0,34.8,18.6,27.15584,46846.86,0.0,16.279802,200.80322,44203.77,25.289583,29.519999,5.531319,25.17,62.088287,83.96141,38.472115,1009.93353,1011.0,1008.6,999.4747,1000.60144,998.3882,0.083333336,1.0,0.0,19.696665,24.426165,16.57519
1336,2023-08-29 00:00:00+00:00,0.0,35.0,17.95,27.524809,46727.305,0.0,17.57744,206.03654,43940.89,25.400002,31.319998,5.7109985,25.43,65.42139,93.58519,33.891415,1009.34576,1011.0,1007.7,998.8965,1000.4567,997.5143,0.5833333,14.0,0.0,20.124477,24.202227,17.172028
1337,2023-08-30 00:00:00+00:00,1.0,36.1,17.85,27.35257,46606.88,0.0,18.218275,184.23628,43959.5,25.266668,33.12,5.7104115,25.19,67.88089,99.060265,25.791246,1008.9458,1010.1,1007.5,998.49585,999.4607,997.28955,2.8333333,22.0,0.0,20.206087,22.874407,17.620872
1338,2023-08-31 00:00:00+00:00,3.0,29.4,18.15,24.654524,46485.676,0.0,18.175545,171.41441,36000.0,22.737503,33.839996,4.5261045,21.45,78.03553,100.0,47.33552,1009.14166,1010.0,1007.8,998.6027,999.37085,997.48035,56.958332,100.0,0.0,19.580751,21.837564,18.147097
1339,2023-09-01 00:00:00+00:00,53.0,28.7,18.65,23.677275,46363.766,2.2,20.49156,153.50558,34489.797,22.34167,41.760002,4.4246764,21.06,77.401375,99.37619,46.8852,1011.0332,1013.7,1009.4,1000.46136,1003.04254,998.7266,51.291668,100.0,1.0,19.205753,20.85049,18.294104
1340,2023-09-02 00:00:00+00:00,65.0,25.2,19.9,23.922935,46241.25,31.200006,15.349684,160.80806,2298.6921,22.058336,25.919998,1.7367193,6.96,84.72549,94.26383,66.42537,1015.4624,1016.8,1014.3,1004.83527,1006.19434,1003.6076,95.666664,100.0,17.0,20.082935,21.179976,19.08876
1341,2023-09-03 00:00:00+00:00,55.0,25.75,17.8,23.028969,46118.2,3.3999999,18.161278,232.40042,32624.078,21.7875,32.039997,3.7766664,19.04,75.12152,89.748474,54.198875,1015.6042,1016.9,1014.0,1004.9654,1006.23956,1003.3451,57.25,100.0,0.0,18.520613,19.821417,16.408632
1342,2023-09-04 00:00:00+00:00,3.0,27.1,15.8,21.41034,45994.703,0.0,22.392464,181.2293,43215.54,20.385416,38.88,4.016748,20.83,77.534386,95.9193,51.98435,1012.44995,1014.4,1010.2,1001.7929,1003.60205,999.6082,28.291666,100.0,0.0,17.415462,20.316984,15.310379
1343,2023-09-05 00:00:00+00:00,3.0,25.65,16.75,21.726889,45870.84,0.0,14.512064,185.84998,35859.938,20.504168,28.8,3.302356,17.09,79.43813,97.50267,58.10078,1012.1458,1013.5,1011.0,1001.4968,1002.81036,1000.229,44.291668,100.0,0.0,17.828691,19.802845,16.084682
1344,2023-09-06 00:00:00+00:00,51.0,27.5,17.95,23.215094,45746.688,0.1,17.57744,217.43312,32504.4,21.566666,32.760002,3.8673885,19.25,76.53993,95.38002,52.099827,1013.47504,1014.8,1012.0,1002.85004,1004.1562,1001.49023,50.791668,100.0,0.0,18.428484,20.492687,17.392422
1345,2023-09-07 00:00:00+00:00,3.0,28.95,15.95,23.288996,45622.332,0.0,16.29174,205.9587,39620.395,21.658333,30.960001,4.562952,22.47,77.40458,100.0,45.91645,1013.654,1014.7,1012.4,1003.0291,1004.1658,1001.9579,30.375,100.0,0.0,18.437933,20.737257,15.931517
1346,2023-09-08 00:00:00+00:00,3.0,34.8,17.4,25.712908,45497.844,0.0,21.611996,206.69289,43294.6,24.508331,34.92,5.5502825,22.92,65.38474,100.0,23.04638,1015.0168,1016.4,1013.9,1004.4771,1005.8816,1003.55396,15.666667,100.0,0.0,18.942833,21.047607,17.378445
1347,2023-09-09 00:00:00+00:00,3.0,34.65,20.5,28.008142,45373.3,0.0,25.318008,221.16315,36643.15,26.90417,43.56,5.7074356,21.3,56.39638,86.39971,28.865803,1013.85425,1015.4,1012.0,1003.4113,1004.78595,1001.64777,42.083332,100.0,0.0,20.033396,22.179556,18.410046
1348,2023-09-10 00:00:00+00:00,61.0,33.9,22.15,27.664118,45248.773,3.4,21.566973,201.3058,32866.63,26.143751,37.079998,4.668946,18.22,59.3865,76.21607,39.22534,1012.6875,1014.4,1010.9,1002.2315,1003.9388,1000.5691,54.041668,100.0,0.0,20.212204,23.452707,18.153532
1349,2023-09-11 00:00:00+00:00,3.0,33.0,20.45,26.821142,45124.355,0.0,14.021525,191.99492,31903.217,25.681252,29.16,4.302653,16.65,57.648376,81.11084,32.35224,1012.3042,1013.3,1010.9,1001.836,1002.88477,1000.4733,62.125,100.0,0.0,19.357136,21.497835,17.943258
1350,2023-09-12 00:00:00+00:00,3.0,30.8,17.6,24.558023,45000.1,0.0,16.520823,188.89478,43184.16,23.214582,32.039997,4.9724245,23.19,69.727745,100.0,33.486797,1012.35834,1013.6,1011.0,1001.80273,1002.9005,1000.6476,10.375,98.0,0.0,18.835184,20.535566,17.593204
1351,2023-09-13 00:00:00+00:00,3.0,27.5,17.65,22.361288,44876.1,0.0,15.459054,162.63809,29298.072,21.364586,31.319998,3.8461497,18.56,75.0265,96.28032,46.739777,1013.39166,1015.1,1011.0,1002.7602,1004.45685,1000.4777,31.791666,100.0,0.0,18.003761,19.623327,17.034714
1352,2023-09-14 00:00:00+00:00,3.0,26.95,17.4,21.85383,44752.418,0.0,19.083395,218.14029,43019.992,20.812498,33.839996,4.048811,20.88,74.84751,91.78693,48.103664,1013.6084,1014.8,1011.9,1002.95483,1004.2313,1001.4369,44.791668,100.0,0.0,17.475065,19.597292,16.325638
1353,2023-09-15 00:00:00+00:00,3.0,26.8,16.5,21.488586,44628.754,0.0,21.470612,231.3879,28537.828,20.343752,37.079998,3.4068255,17.32,78.27621,96.86451,51.754665,1014.0459,1015.7,1012.1,1003.3708,1005.0521,1001.63824,36.5,100.0,0.0,17.494703,19.829374,16.119339
1354,2023-09-16 00:00:00+00:00,3.0,25.8,17.9,21.776472,44504.38,0.0,18.35647,228.23322,28917.295,20.52708,33.839996,3.2549179,16.71,77.88976,89.79423,55.533104,1014.3833,1015.5,1012.9,1003.71173,1004.81104,1002.41235,77.75,100.0,0.0,17.658934,19.612389,16.676765
1355,2023-09-17 00:00:00+00:00,51.0,25.3,18.7,21.600039,44379.355,0.70000005,15.986593,227.7895,22997.295,20.410418,31.68,2.6042795,12.83,76.92562,86.77034,56.91909,1014.7749,1016.3,1013.3,1004.0954,1005.63513,1002.7998,73.5,100.0,1.0,17.466047,19.314228,16.671288
1356,2023-09-18 00:00:00+00:00,3.0,25.8,16.8,21.491064,44253.754,0.0,16.78156,200.55609,42687.246,20.668749,32.039997,3.8594353,19.57,71.82359,95.64459,46.088787,1014.55414,1016.0,1013.2,1003.8857,1005.39923,1002.55884,26.791666,100.0,0.0,16.941532,18.360939,15.849764
1357,2023-09-19 00:00:00+00:00,3.0,27.1,15.45,20.505033,44127.664,0.0,19.61587,175.13557,42602.69,19.9125,35.28,3.9023952,20.37,75.72527,97.47112,43.851204,1013.0374,1014.5,1011.3,1002.357,1003.72144,1000.8083,9.833333,100.0,0.0,16.69183,19.154898,14.376465
1358,2023-09-20 00:00:00+00:00,3.0,25.3,16.55,20.459656,44001.168,0.0,18.161278,202.91093,42517.79,20.243752,34.92,3.8412015,19.0,69.33432,91.50075,44.906136,1011.575,1012.7,1010.1,1000.9226,1001.94244,999.54663,50.958332,100.0,4.0,16.243252,17.938892,13.74349
1359,2023-09-21 00:00:00+00:00,51.0,22.85,16.15,19.35216,43874.332,0.3,15.683774,194.57426,26094.668,19.310417,28.08,2.6526594,12.49,73.86495,92.00661,58.16207,1013.2373,1014.6,1012.1,1002.53436,1003.8222,1001.3339,68.416664,100.0,9.0,16.045095,17.369112,15.034946
1360,2023-09-22 00:00:00+00:00,3.0,26.2,15.65,19.912569,43747.25,0.0,17.884428,216.68622,27392.69,19.572918,33.12,3.2479372,15.76,70.91842,90.539024,42.05926,1014.74994,1016.2,1013.9,1004.0396,1005.5757,1003.06854,96.208336,100.0,69.0,15.812534,17.71629,13.678459
1361,2023-09-23 00:00:00+00:00,3.0,26.0,16.25,20.608944,43619.996,0.0,17.377226,228.32988,35329.113,20.04375,33.12,3.8967254,19.57,72.441826,99.048294,43.53448,1015.3125,1016.8,1013.9,1004.61304,1006.0758,1003.25146,39.416668,100.0,0.0,16.408958,18.339964,15.341036
1362,2023-09-24 00:00:00+00:00,3.0,27.15,15.3,20.51143,43492.64,0.0,19.469976,218.32689,35759.023,19.7,35.28,3.9864721,20.21,78.45365,100.0,46.33217,1015.3332,1016.7,1013.9,1004.6203,1005.85156,1003.3193,23.916666,100.0,0.0,16.764666,19.339256,15.058666
1363,2023-09-25 00:00:00+00:00,3.0,28.1,15.05,20.064363,43365.277,0.0,19.171478,190.65211,34486.477,19.372915,34.2,3.7800474,19.13,78.47424,100.0,39.55245,1016.50433,1018.5,1015.1,1005.7671,1007.69,1004.6211,44.458332,100.0,0.0,16.405195,18.983614,14.952108
1364,2023-09-26 00:00:00+00:00,0.0,29.0,14.7,20.610147,43237.973,0.0,19.586119,195.12402,42006.64,20.447918,35.64,4.358202,20.84,67.94268,95.578186,33.87237,1014.875,1016.9,1012.6,1004.19336,1006.12714,1002.08923,0.083333336,1.0,0.0,15.993527,18.759056,13.8004875
1365,2023-09-27 00:00:00+00:00,3.0,30.5,15.0,21.539299,43110.81,0.0,15.986593,200.32317,35883.094,20.993748,30.239998,3.9505715,18.21,70.01003,98.72942,33.623257,1011.7791,1013.8,1009.5,1001.14923,1003.0158,999.17145,65.416664,100.0,1.0,16.74912,20.018091,13.864754
1366,2023-09-28 00:00:00+00:00,51.0,26.85,15.9,20.777277,42983.863,0.2,16.870138,196.28973,33504.797,19.691668,32.039997,3.4702485,17.92,81.7754,100.0,48.245277,1010.92084,1012.3,1009.3,1000.2548,1001.5995,998.8481,44.083332,100.0,0.0,17.239382,19.300861,15.881163
1367,2023-09-29 00:00:00+00:00,3.0,25.85,17.0,20.251276,42857.215,0.0,17.935081,172.36281,29536.45,19.96875,32.399998,3.3546844,16.09,72.542305,94.13873,44.3705,1010.56665,1011.9,1009.0,999.9148,1001.29767,998.55273,66.583336,100.0,3.0,16.377851,18.132492,15.517536
1368,2023-09-30 00:00:00+00:00,63.0,22.25,15.8,17.943342,42730.945,8.7,23.051247,212.90521,31735.715,18.206251,42.48,2.397581,12.72,76.02799,89.927086,56.906647,1010.3916,1011.3,1009.1,999.67865,1000.61194,998.4875,82.0,100.0,17.0,15.297909,16.606184,14.456392
1369,2023-10-01 00:00:00+00:00,51.0,20.75,14.1,16.140394,42605.133,0.8000001,13.18308,134.81927,39822.355,16.689585,25.919998,2.7758663,15.27,72.786934,95.24381,47.063812,1012.1999,1014.2,1010.7,1001.41156,1003.3074,999.83185,34.041668,98.0,0.0,13.399852,14.271595,11.975859
1370,2023-10-02 00:00:00+00:00,2.0,23.2,11.8,16.138517,42479.855,0.0,16.45007,223.15254,40038.824,16.74375,30.239998,3.4055877,18.94,72.04043,94.05687,49.172077,1014.7959,1016.4,1013.7,1003.98065,1005.6085,1003.0946,3.25,71.0,0.0,13.342181,16.549915,9.818806
1371,2023-10-03 00:00:00+00:00,3.0,28.55,13.65,19.661364,42355.195,0.0,17.906157,307.0566,40079.92,20.050001,32.760002,3.9606795,18.78,61.542175,92.211,31.67786,1013.3958,1015.3,1011.0,1002.7149,1004.53687,1000.53394,29.0,97.0,0.0,14.809547,17.628689,11.483017
1372,2023-10-04 00:00:00+00:00,0.0,32.65,17.3,22.799408,42231.234,0.0,15.542662,308.15726,39841.64,23.891668,26.28,4.749476,18.9,41.55711,61.304897,18.743067,1012.00836,1013.2,1010.0,1001.479,1002.68475,999.73724,0.0,0.0,0.0,15.164136,17.874157,12.110729
1373,2023-10-05 00:00:00+00:00,0.0,35.8,16.65,23.82335,42107.65,0.0,16.87398,351.95108,39881.99,25.289587,27.72,4.9483266,18.91,35.747654,58.007084,12.763594,1013.0583,1015.0,1011.1,1002.56573,1004.5326,1000.8612,0.0,0.0,0.0,14.980653,17.609505,11.76642
1374,2023-10-06 00:00:00+00:00,0.0,35.65,16.7,24.050714,41983.64,0.0,13.70839,356.8205,39643.07,25.683329,26.64,5.1415863,18.84,33.2273,54.82231,14.403746,1011.59174,1013.7,1009.7,1001.12897,1003.07495,999.3609,0.0,0.0,0.0,15.082195,17.87465,11.210797
1375,2023-10-07 00:00:00+00:00,3.0,33.85,19.7,24.21551,41859.285,0.0,15.0038395,177.33708,39683.406,24.647917,25.199999,4.6694074,18.37,46.050934,82.57353,22.34932,1010.9876,1012.5,1008.7,1000.49603,1002.02325,998.4906,15.125,100.0,0.0,16.60291,20.04216,13.17506
1376,2023-10-08 00:00:00+00:00,3.0,32.65,18.15,23.880686,41734.66,0.0,16.992609,203.37564,39600.0,23.325003,30.239998,4.158386,17.41,61.81667,85.08068,26.164312,1010.89166,1012.6,1008.8,1000.35455,1001.9729,998.3567,35.083332,100.0,0.0,17.723543,19.696459,16.325977
1377,2023-10-09 00:00:00+00:00,3.0,27.9,15.6,20.790215,41609.86,0.0,15.124284,165.84517,37940.62,20.158335,29.16,3.3060408,16.0,75.8738,99.68026,40.242115,1009.7668,1011.5,1007.9,999.12915,1000.7533,997.3286,44.833332,97.0,0.0,16.876139,19.53021,15.419735
1378,2023-10-10 00:00:00+00:00,3.0,25.85,15.2,19.402456,41484.97,0.0,15.7908325,156.20625,36000.0,18.989586,28.8,3.115835,15.83,79.026665,100.0,45.19176,1007.75,1009.7,1006.1,997.0921,999.0342,995.5156,43.833332,100.0,0.0,16.220186,18.098854,15.04311
1379,2023-10-11 00:00:00+00:00,3.0,27.35,15.85,19.520266,41360.09,0.0,29.515608,264.8207,39134.844,20.366665,49.68,4.102473,17.13,65.837326,92.09187,20.410463,1004.8416,1006.4,1002.5,994.2639,995.7,992.0874,30.041666,100.0,0.0,15.636456,17.789627,13.336102
1380,2023-10-12 00:00:00+00:00,3.0,28.1,13.75,18.732775,41235.31,0.0,16.595179,338.90762,39551.85,19.664583,30.599998,3.8550444,17.59,56.914837,83.90076,25.609827,1007.0501,1009.8,1005.0,996.42285,999.075,994.2486,19.166666,99.0,0.0,13.899114,16.24204,9.791509
1381,2023-10-13 00:00:00+00:00,3.0,28.4,15.0,19.19593,41110.71,0.0,18.388212,223.89122,39566.812,20.183332,30.599998,3.61689,16.19,54.33716,94.73525,21.496593,1011.77496,1014.7,1009.4,1001.1171,1003.8915,998.6994,53.458332,100.0,0.0,14.022324,18.540665,8.739182
1382,2023-10-14 00:00:00+00:00,3.0,28.65,14.85,20.308867,40986.395,0.0,17.174677,225.52553,39518.98,20.222916,31.68,3.500612,16.68,64.61808,95.628136,33.329506,1015.82513,1017.2,1014.8,1005.1255,1006.58484,1004.0689,16.875,98.0,0.0,15.439357,18.075127,12.65468
1383,2023-10-15 00:00:00+00:00,0.0,33.15,19.1,22.91392,40862.46,0.0,16.199999,240.25513,39470.805,24.077085,28.8,4.072009,16.86,38.719913,66.239525,14.197298,1015.75,1017.2,1014.3,1005.1893,1006.6081,1003.82745,0.0,0.0,0.0,14.862519,17.853302,12.873323
1384,2023-10-16 00:00:00+00:00,3.0,30.9,16.2,21.868849,40738.996,0.0,12.538134,176.7358,39422.29,22.158333,23.4,3.7486854,16.63,53.846287,85.91077,30.454742,1014.51245,1016.4,1012.1,1003.8962,1005.6836,1001.61566,12.541667,100.0,0.0,15.72065,19.36309,12.044434
1385,2023-10-17 00:00:00+00:00,3.0,29.9,16.05,21.589407,40616.098,0.0,15.072783,192.21791,37788.23,20.833334,27.0,3.3293524,15.52,71.85971,99.99999,38.440266,1012.08746,1013.9,1009.8,1001.44916,1003.09436,999.405,40.583332,100.0,0.0,16.924746,20.246416,13.262684
1386,2023-10-18 00:00:00+00:00,0.0,31.7,16.45,22.258148,40493.867,0.0,13.237038,194.4625,39324.23,22.033333,22.68,3.6097934,16.57,59.60873,88.44029,24.982594,1012.10406,1013.5,1010.7,1001.50824,1002.78326,1000.26465,0.875,5.0,0.0,16.213253,19.430918,12.247129
1387,2023-10-19 00:00:00+00:00,2.0,33.0,16.75,23.70024,40372.406,0.0,17.377226,224.87344,39274.688,23.106253,30.599998,3.7769399,15.96,63.20891,98.11178,26.872984,1012.9041,1014.3,1011.5,1002.33795,1003.717,1001.1953,15.375,79.0,0.0,17.712023,21.322495,15.235413
1388,2023-10-20 00:00:00+00:00,0.0,32.4,16.3,23.474983,40251.812,0.0,17.377226,197.75298,39224.797,23.233335,31.319998,3.7515028,15.72,57.62561,84.048965,28.635164,1011.42505,1013.4,1008.9,1000.87915,1002.7495,998.53,0.375,4.0,0.0,17.164179,19.8498,14.441036
1389,2023-10-21 00:00:00+00:00,0.0,30.25,16.4,21.89725,40132.188,0.0,18.440998,182.93057,39174.57,21.745832,32.760002,3.5543363,15.87,62.696484,93.843414,32.683254,1009.7126,1011.2,1008.4,999.1323,1000.562,997.9277,0.125,3.0,0.0,16.583712,19.149563,13.609669
1390,2023-10-22 00:00:00+00:00,51.0,24.4,14.55,18.951782,40013.64,0.3,16.563911,185.22809,32400.0,18.518751,31.68,2.7119334,14.05,81.67646,100.0,48.0576,1009.2668,1011.3,1007.5,998.57587,1000.50006,996.9437,50.458332,100.0,0.0,16.12784,17.386246,14.448954
1391,2023-10-23 00:00:00+00:00,51.0,24.75,16.2,19.689226,39896.273,0.1,14.561099,106.252174,37354.742,19.510418,28.8,2.6973538,13.34,73.77203,93.510735,45.692814,1007.325,1008.5,1005.7,996.691,997.7556,995.2698,28.875,93.0,0.0,16.130623,17.301678,14.971827
1392,2023-10-24 00:00:00+00:00,3.0,25.25,13.55,18.402857,39780.19,0.0,16.80857,111.58409,37161.95,18.289583,29.88,2.7613986,14.46,76.98258,95.848854,49.023766,1009.9334,1012.9,1008.4,999.2268,1002.13464,997.8737,18.25,100.0,0.0,15.354678,18.27023,12.73769
1393,2023-10-25 00:00:00+00:00,51.0,22.6,16.35,19.170439,39665.055,1.1,13.556282,138.42397,26133.783,18.908335,25.56,1.9455552,8.79,77.25445,92.61184,53.391796,1014.97504,1016.3,1013.3,1004.2387,1005.619,1002.5266,90.208336,100.0,27.0,16.068703,16.672619,15.438984
1394,2023-10-26 00:00:00+00:00,3.0,23.7,14.75,18.69974,39549.992,0.0,15.379206,241.2134,36576.23,18.447918,27.72,2.775678,14.35,75.0001,96.82243,48.475872,1015.31665,1016.5,1013.7,1004.55927,1005.757,1003.1125,32.083332,100.0,0.0,15.270013,16.825113,14.137724
1395,2023-10-27 00:00:00+00:00,2.0,24.45,14.0,17.774809,39435.07,0.0,17.727943,222.7454,36897.844,17.875,30.960001,2.6276295,13.46,72.44813,93.15516,40.2001,1015.36676,1017.1,1013.7,1004.5874,1006.3341,1003.1197,8.0,59.0,0.0,14.391965,16.255,12.44939
1396,2023-10-28 00:00:00+00:00,3.0,23.2,11.35,15.144584,39320.406,0.0,21.175837,107.19865,35894.312,16.393751,38.16,2.6978679,13.54,70.32959,97.73155,33.62307,1014.4959,1016.5,1011.8,1003.67065,1005.58075,1001.16254,16.791666,100.0,0.0,12.716308,14.950262,8.721167
1397,2023-10-29 00:00:00+00:00,0.0,27.2,10.2,13.782716,39206.098,0.0,12.864649,17.933594,38697.254,17.558334,24.48,4.1049366,16.27,26.704878,63.67751,4.3398924,1016.4624,1018.1,1014.9,1005.65674,1007.25793,1003.92584,0.0,0.0,0.0,7.2355084,9.17355,4.4376
1398,2023-10-30 00:00:00+00:00,0.0,26.9,8.8,12.13325,39092.26,0.0,16.418526,18.435081,38582.68,16.587498,28.08,4.575857,16.12,18.334593,26.485363,5.615006,1017.51666,1019.8,1015.1,1006.6631,1008.97424,1004.4925,2.375,16.0,0.0,6.000166,10.67106,1.9428983
1399,2023-10-31 00:00:00+00:00,3.0,29.0,9.45,13.8432045,38978.996,0.0,15.379206,356.67548,38468.67,18.216665,24.119999,4.5712247,15.85,16.712317,25.94577,4.411605,1016.8249,1018.8,1014.9,1006.0384,1007.90094,1004.5112,23.666666,100.0,0.0,6.636517,10.386969,2.4767532
1400,2023-11-01 00:00:00+00:00,3.0,30.3,10.85,15.3875,38866.426,0.0,16.279802,1.1495802,38355.36,19.404165,28.08,4.268177,15.63,18.599346,30.017216,5.3205414,1016.10425,1017.9,1014.2,1005.36896,1007.18964,1003.64636,17.833334,100.0,0.0,7.646954,11.054313,3.8735762
1401,2023-11-02 00:00:00+00:00,2.0,30.85,12.0,17.003149,38754.664,0.0,16.299694,343.43555,38242.83,20.785416,28.08,4.412231,15.42,19.340761,31.52945,6.8387966,1016.97925,1018.4,1016.0,1006.28644,1007.7527,1005.52466,2.6666667,61.0,0.0,8.9639635,12.12315,4.936722
1402,2023-11-03 00:00:00+00:00,2.0,29.65,14.35,17.622688,38643.82,0.0,15.459054,174.68552,38131.24,20.310415,27.359999,3.7856486,15.28,32.62218,98.71813,9.454217,1016.8708,1018.1,1014.8,1006.1629,1007.24426,1004.43274,3.0833333,51.0,0.0,10.675102,14.71011,6.7786093
1403,2023-11-04 00:00:00+00:00,3.0,28.9,13.55,17.70059,38534.023,0.0,15.876775,195.4463,38020.676,19.535418,27.72,3.2276623,14.22,45.514908,96.18172,14.019862,1016.5584,1018.1,1014.8,1005.8257,1007.29047,1004.1581,42.333332,100.0,0.0,11.908276,14.934797,8.133299
1404,2023-11-05 00:00:00+00:00,3.0,28.05,10.05,17.264174,38425.383,0.0,14.05845,168.6901,37320.51,18.433332,25.199999,2.9963765,14.39,56.96538,95.276184,23.0706,1014.0208,1016.0,1011.9,1003.274,1005.09155,1001.38025,14.541667,100.0,0.0,12.704842,16.222822,8.757505
1405,2023-11-06 00:00:00+00:00,3.0,25.55,11.15,17.231916,38318.03,0.0,17.309975,172.68884,37005.504,17.279165,29.88,2.6525655,14.0,77.009254,99.36612,38.90369,1013.49176,1014.9,1012.1,1002.7097,1003.981,1001.5647,14.333333,100.0,0.0,14.288608,16.646894,10.923746
1406,2023-11-07 00:00:00+00:00,51.0,22.5,14.75,17.509033,38212.086,0.2,19.130875,289.16718,33328.16,18.189583,32.039997,2.8758595,11.64,68.95351,98.415215,30.34676,1014.7668,1016.5,1013.7,1004.0061,1005.7002,1003.059,48.0,100.0,0.0,14.324803,16.579487,8.192085
1407,2023-11-08 00:00:00+00:00,1.0,25.9,9.45,13.186938,38107.68,0.0,16.454008,359.1357,37272.555,16.947916,24.119999,4.0407844,14.72,31.679415,58.436527,6.0891027,1017.2542,1019.1,1015.9,1006.41815,1008.25385,1005.16046,5.3333335,39.0,0.0,7.9296174,11.632788,5.3872128
1408,2023-11-09 00:00:00+00:00,3.0,25.75,8.6,12.432912,38004.938,0.0,20.150354,328.0653,37259.86,16.743752,33.12,4.4879794,15.03,23.356161,39.11732,7.33932,1017.53326,1019.4,1015.5,1006.6865,1008.619,1004.8274,19.708334,100.0,0.0,6.8780913,11.323267,2.8299894
1409,2023-11-10 00:00:00+00:00,3.0,25.35,8.55,11.834638,37903.996,0.0,13.049689,12.37083,37248.92,15.972917,21.96,3.571497,13.19,20.598604,31.325861,7.6679945,1016.62915,1018.2,1015.0,1005.76337,1007.38745,1004.49414,36.166668,100.0,0.0,5.997652,9.643077,2.0261016
1410,2023-11-11 00:00:00+00:00,0.0,27.35,11.0,13.714599,37804.98,0.0,13.1041975,354.89355,36939.176,17.537498,22.68,3.583628,14.57,19.519598,36.569687,7.3801923,1017.1292,1018.9,1015.7,1006.3167,1008.1879,1005.2377,0.0,0.0,0.0,6.9534783,10.871166,3.59867
1411,2023-11-12 00:00:00+00:00,3.0,29.65,9.0,14.762122,37708.035,0.0,12.096214,24.68719,36931.215,18.75625,21.599998,4.0008507,14.51,20.071922,32.9604,6.3552055,1015.58344,1017.2,1013.2,1004.82935,1006.5161,1002.73804,22.333334,98.0,0.0,7.5437093,11.373167,2.7656217
1412,2023-11-13 00:00:00+00:00,3.0,25.9,12.75,14.640263,37613.29,0.0,14.081478,116.56499,35170.348,17.943748,25.919998,3.575577,12.19,31.024384,60.47899,12.697183,1015.8166,1017.1,1014.1,1005.034,1006.2381,1003.4258,69.083336,100.0,0.0,9.089393,13.299967,5.7114153
1413,2023-11-14 00:00:00+00:00,3.0,27.3,14.9,16.307247,37520.438,0.0,14.007655,314.99988,36315.91,19.460417,23.4,3.3442078,14.09,24.557325,40.061306,11.691899,1015.03735,1016.7,1013.0,1004.3189,1005.9766,1002.38043,18.208334,91.0,0.0,9.203951,12.023518,6.5154543
1414,2023-11-15 00:00:00+00:00,65.0,22.85,12.7,13.883045,37428.617,19.6,24.693481,100.21292,5804.0312,16.195833,38.88,1.8003632,4.42,54.01534,94.98166,18.64959,1014.2168,1016.1,1012.7,1003.38824,1005.2279,1002.0515,81.5,100.0,0.0,10.695911,14.754375,5.9444475
1415,2023-11-16 00:00:00+00:00,51.0,21.45,13.65,17.290258,37337.91,0.3,11.384198,106.22022,33664.152,16.964584,21.96,2.0215452,12.09,84.992134,96.84057,63.3526,1015.70844,1017.6,1014.6,1004.8924,1006.7735,1003.82947,37.0,100.0,0.0,15.128045,17.04824,12.283112
1416,2023-11-17 00:00:00+00:00,51.0,23.15,13.1,16.845697,37248.426,0.3,15.39184,108.83155,35397.047,17.09375,24.119999,2.3340552,13.02,75.116646,96.83453,49.32092,1015.1834,1016.7,1013.6,1004.3774,1005.8424,1003.0251,32.833332,100.0,0.0,14.085671,17.2166,10.974888
1417,2023-11-18 00:00:00+00:00,61.0,20.45,14.9,17.785515,37160.27,6.799999,11.681987,133.96918,30194.54,17.156252,19.44,1.6725118,9.93,86.368614,98.41278,61.89356,1016.84576,1018.9,1015.6,1006.02545,1008.04675,1004.72986,79.125,100.0,22.0,15.498893,16.275688,14.269474
1418,2023-11-19 00:00:00+00:00,53.0,19.2,10.75,13.239215,37073.555,0.8,42.56077,315.52002,35092.535,15.529167,65.88,2.7943535,12.92,71.3829,97.77735,37.643433,1017.7917,1020.0,1015.0,1006.90015,1009.1087,1004.2602,30.791666,88.0,0.0,12.130314,15.760166,8.282968
1419,2023-11-20 00:00:00+00:00,2.0,21.6,7.55,10.610702,36988.406,0.0,11.542478,4.437879,35400.883,13.008335,18.0,2.4911323,13.71,59.004578,78.79352,25.321104,1019.63336,1022.5,1017.3,1008.62445,1011.2775,1006.1289,13.75,72.0,0.0,8.282204,14.102568,4.846672
1420,2023-11-21 00:00:00+00:00,3.0,24.9,8.0,12.152328,36904.92,0.0,12.10157,14.342254,35405.434,14.764583,19.8,2.934266,13.47,51.182144,67.0325,24.184172,1023.65424,1025.9,1022.7,1012.6672,1015.01874,1011.47534,24.625,100.0,0.0,8.955485,16.206577,4.4113464
1421,2023-11-22 00:00:00+00:00,3.0,26.2,9.35,13.628883,36823.227,0.0,10.30883,2.3037045,33543.54,15.952081,20.519999,2.8884943,13.16,49.858627,63.738422,21.994776,1018.57086,1023.2,1013.8,1007.6829,1012.0839,1002.8739,70.458336,100.0,0.0,9.780316,15.02005,5.4467764
1422,2023-11-23 00:00:00+00:00,3.0,21.6,12.35,14.63607,36743.438,0.0,13.493999,109.16954,34537.285,16.593752,24.48,2.708421,12.46,58.106213,92.767845,29.776587,1010.4167,1013.4,1007.8,999.64325,1002.53644,997.1921,43.875,100.0,0.0,11.632923,15.25145,7.8037014
1423,2023-11-24 00:00:00+00:00,51.0,19.7,10.85,14.067538,36665.68,0.2,14.904173,78.171,34603.832,15.056252,23.4,1.9112644,11.39,77.64992,91.06922,54.066967,1012.17084,1015.3,1009.9,1001.3218,1004.3139,999.0122,43.5,100.0,4.0,12.438504,13.998772,9.8667345
1424,2023-11-25 00:00:00+00:00,1.0,20.05,9.1,11.367535,36590.07,0.0,10.315115,14.966752,34823.3,13.425,17.64,2.3006713,12.77,63.511185,91.96381,25.078203,1016.67084,1018.3,1015.4,1005.71075,1007.4177,1004.322,7.375,36.0,0.0,9.187673,12.134531,3.9103098
1425,2023-11-26 00:00:00+00:00,3.0,20.2,5.75,9.28209,36516.727,0.0,11.480557,33.287544,29543.416,12.854167,16.56,2.4017627,10.12,35.076363,53.984245,13.706079,1017.70416,1019.0,1016.4,1006.7098,1008.0935,1005.62335,99.583336,100.0,94.0,5.5102506,9.367979,1.7434721
1426,2023-11-27 00:00:00+00:00,3.0,22.5,7.85,10.761798,36445.78,0.0,13.217443,31.056683,34177.094,14.450002,19.44,2.8286576,11.56,29.579737,44.449345,10.668195,1018.0291,1020.2,1017.0,1007.092,1009.15295,1005.8557,95.875,100.0,53.0,6.0560684,8.899935,2.4339213
1427,2023-11-28 00:00:00+00:00,3.0,22.75,8.45,11.369381,36377.348,0.0,15.978484,343.1785,34774.855,15.056249,27.359999,3.1289418,12.7,28.301386,42.451866,13.705171,1019.53326,1021.4,1017.8,1008.60345,1010.49225,1006.9936,31.958334,100.0,0.0,6.5648093,9.9567175,2.5551205
1428,2023-11-29 00:00:00+00:00,51.0,19.0,8.5,11.035847,36311.566,0.1,16.09969,16.040007,33420.13,13.277083,27.72,2.1622474,10.31,58.49229,92.06048,38.764328,1015.61664,1018.2,1013.2,1004.6628,1007.1708,1002.4018,28.416666,97.0,0.0,8.803636,12.901363,4.356036
1429,2023-11-30 00:00:00+00:00,3.0,19.4,8.2,11.785214,36248.547,0.0,18.720001,347.4715,26859.541,13.297915,32.039997,1.7830521,9.89,72.15709,91.08938,45.74509,1013.42505,1014.8,1011.4,1002.49554,1003.9214,1000.69073,50.583332,100.0,2.0,10.154586,13.101034,6.1982803
1430,2023-12-01 00:00:00+00:00,3.0,20.4,8.45,10.060212,36188.43,0.0,22.86496,331.1807,34700.01,13.872914,39.239998,3.3368988,12.1,47.77461,83.85959,25.501116,1015.7834,1019.5,1014.3,1004.84955,1008.3735,1003.1755,36.208332,96.0,0.0,7.8415833,10.374743,5.1171103
1431,2023-12-02 00:00:00+00:00,3.0,20.05,7.7,11.154323,36131.332,0.0,12.387348,67.67129,34709.273,13.552083,21.599998,2.454064,12.13,59.51323,82.81653,38.882793,1021.17914,1023.1,1019.4,1010.17487,1012.2001,1008.24524,46.5,100.0,0.0,9.026124,13.20632,4.1943884
1432,2023-12-03 00:00:00+00:00,3.0,20.35,7.85,12.229497,36077.39,0.0,10.365251,30.55588,34400.652,14.241666,16.56,2.089331,11.9,55.346386,79.09227,28.958265,1022.09155,1024.0,1020.5,1011.1047,1013.0323,1009.7365,58.875,100.0,3.0,9.119988,11.139043,5.7810917
1433,2023-12-04 00:00:00+00:00,3.0,25.2,11.5,15.116729,36026.42,0.0,8.891343,5.812386,31377.1,17.237497,17.64,2.411295,11.19,44.3439,64.88132,20.08542,1019.4583,1021.4,1017.4,1008.61115,1010.4697,1006.86426,66.833336,100.0,2.0,10.270812,13.711323,7.299259
1434,2023-12-05 00:00:00+00:00,3.0,27.5,10.85,15.568306,35977.86,0.0,11.928989,10.713101,34728.457,18.124998,19.44,2.7524028,11.88,38.553345,54.564606,15.842629,1018.7166,1019.9,1017.2,1007.9085,1009.17206,1006.5902,20.708334,100.0,0.0,10.061608,13.702223,6.2671013
1435,2023-12-06 00:00:00+00:00,3.0,24.25,12.9,16.401556,35931.742,0.0,13.246826,165.70639,34730.3,18.168749,21.599998,2.5737348,11.78,49.079132,98.05507,30.904675,1017.99567,1019.3,1016.6,1007.19965,1008.5748,1006.039,12.541667,99.0,0.0,11.749217,15.150396,8.742727
1436,2023-12-07 00:00:00+00:00,3.0,22.05,11.65,13.145123,35888.133,0.0,25.60053,310.25336,30883.793,15.564583,41.039997,2.9874067,10.52,63.446743,100.0,22.139675,1017.60004,1019.5,1015.8,1006.7112,1008.5597,1005.0735,43.541668,100.0,0.0,11.029462,13.510754,6.3958874
1437,2023-12-08 00:00:00+00:00,3.0,19.95,7.65,9.959734,35847.066,0.0,14.759999,22.421425,34740.39,12.681249,24.48,2.382502,12.1,56.943584,92.42748,30.326437,1017.03735,1018.8,1015.4,1006.0451,1007.84094,1004.6976,11.291667,83.0,0.0,7.8916626,11.020276,4.450819
1438,2023-12-09 00:00:00+00:00,3.0,22.2,6.8,9.475253,35808.613,0.0,13.708391,36.05597,34748.52,13.543751,19.8,3.1036053,11.87,27.821936,44.746967,12.836107,1021.7459,1024.3,1018.2,1010.7341,1013.16034,1007.027,20.0,92.0,0.0,5.1524787,9.2109,1.7798123
1439,2023-12-10 00:00:00+00:00,3.0,23.95,6.9,10.427562,35772.824,0.0,10.086427,20.428907,33778.656,14.560416,16.56,2.995822,12.03,20.08415,34.49474,7.8886642,1020.65424,1024.3,1017.2,1009.69183,1013.1466,1006.43896,48.875,100.0,0.0,5.037281,10.650121,0.8277793
1440,2023-12-11 00:00:00+00:00,3.0,23.0,11.45,13.800273,35739.746,0.0,7.5942082,121.13886,33775.63,16.887503,15.119999,2.329728,10.39,29.25543,88.45946,11.648613,1013.8042,1017.0,1011.2,1003.00507,1006.0754,1000.48376,83.666664,100.0,0.0,7.841575,11.720402,4.810172
1441,2023-12-12 00:00:00+00:00,3.0,20.85,9.15,13.022282,35709.438,0.0,9.9571085,125.87508,34784.504,14.397916,17.64,1.9963077,11.61,65.051994,89.41235,31.907093,1012.46674,1014.8,1010.7,1001.58887,1003.80383,1000.076,14.25,100.0,0.0,10.319073,13.068918,7.2567434
1442,2023-12-13 00:00:00+00:00,3.0,20.6,9.9,12.009074,35681.94,0.0,16.135872,314.14502,34324.992,13.4875,27.0,1.8987654,10.88,71.55632,99.00014,32.343887,1016.46246,1018.6,1014.9,1005.5078,1007.5339,1003.9183,33.458332,100.0,0.0,10.187848,12.644695,6.463663
1443,2023-12-14 00:00:00+00:00,3.0,23.35,9.5,12.88784,35657.32,0.0,9.511088,15.04829,34817.547,15.85625,15.119999,2.5871575,11.79,34.75013,46.187187,16.245403,1020.48346,1022.4,1018.8,1009.57355,1011.5282,1007.69666,54.5,100.0,0.0,7.9948297,11.111824,4.1834755
1444,2023-12-15 00:00:00+00:00,3.0,24.95,7.55,11.909644,35635.61,0.0,11.440979,6.87362,34716.816,15.591667,16.56,2.884144,11.83,27.902983,41.77949,8.53903,1019.71655,1021.6,1017.1,1008.8034,1010.624,1006.44666,87.458336,100.0,10.0,6.6205306,10.616653,2.1710715
1445,2023-12-16 00:00:00+00:00,3.0,26.5,7.95,12.453746,35616.875,0.0,10.390226,4.7635427,34857.24,16.089582,25.199999,2.9825938,11.98,28.41526,38.637047,8.871554,1017.62933,1019.2,1015.7,1006.75616,1008.4468,1005.22723,50.541668,100.0,0.0,6.9969,11.635492,2.409533
1446,2023-12-17 00:00:00+00:00,3.0,25.1,10.05,13.935008,35601.156,0.0,9.826088,19.577198,22431.967,17.375002,15.84,2.54811,8.2,25.747047,36.565815,10.832304,1015.7585,1017.9,1013.4,1004.95465,1007.1403,1002.72595,97.458336,100.0,74.0,7.80299,10.646307,3.9123926
1447,2023-12-18 00:00:00+00:00,63.0,23.1,13.1,14.114918,35588.492,4.7000003,13.755579,113.82949,21787.123,16.762499,27.0,2.6346867,7.78,44.091396,79.60582,27.011406,1014.9458,1016.9,1013.1,1004.1302,1006.04565,1002.37646,91.208336,100.0,3.0,10.0727005,13.650854,6.1937237
1448,2023-12-19 00:00:00+00:00,61.0,20.75,14.15,15.572818,35578.938,4.6,16.42247,136.98,21672.062,16.285414,29.16,1.5738081,7.88,78.05662,89.30335,56.72226,1012.925,1014.7,1011.1,1002.11395,1003.80365,1000.4375,93.958336,100.0,41.0,13.690529,15.250769,12.177292
1449,2023-12-20 00:00:00+00:00,65.0,16.0,13.6,13.598559,35572.54,81.2,18.86139,112.78919,0.0,14.674998,31.68,0.65103155,2.84,91.34784,97.76024,83.404236,1012.071,1013.8,1011.1,1001.2095,1002.9097,1000.2313,94.666664,100.0,61.0,13.671402,14.624439,12.8025875
1450,2023-12-21 00:00:00+00:00,65.0,16.35,13.05,13.552184,35569.332,57.3,20.945072,74.54169,0.0,14.71875,37.44,0.74032015,2.99,87.2748,95.566414,76.332016,1014.75824,1017.1,1011.9,1003.86945,1006.17615,1000.97906,99.75,100.0,96.0,13.25974,14.426069,12.022564
1451,2023-12-22 00:00:00+00:00,63.0,17.45,11.3,13.735339,35569.36,17.1,18.59845,68.72034,22874.963,14.331249,30.599998,1.4422874,8.77,82.9479,94.22548,66.50567,1012.68744,1014.9,1010.8,1001.8061,1004.026,999.9326,58.083332,100.0,7.0,12.372296,13.652176,10.604027
1452,2023-12-23 00:00:00+00:00,51.0,17.85,10.85,12.782959,35572.668,0.2,13.363711,80.585915,30971.273,13.766667,22.68,1.3092638,7.93,82.58193,94.889435,66.61091,1016.31683,1018.9,1013.7,1005.3747,1007.8712,1002.6928,49.333332,99.0,4.0,11.786067,14.268515,9.467098
1453,2023-12-24 00:00:00+00:00,3.0,17.8,9.95,12.463238,35579.3,0.0,8.557102,15.977783,35041.844,13.270835,14.759999,1.5213722,10.09,82.99775,91.6861,64.64474,1020.2166,1022.2,1018.7,1009.2138,1011.2402,1007.6231,24.708334,83.0,0.0,11.338387,13.747091,8.787967
1454,2023-12-25 00:00:00+00:00,3.0,18.4,10.1,12.413326,35589.277,0.0,10.483357,357.97867,35052.348,13.516666,15.119999,1.6871781,11.14,72.97344,93.25641,51.930016,1021.1958,1022.5,1019.9,1010.19135,1011.57855,1009.077,32.041668,100.0,0.0,10.475846,13.285273,7.951625
1455,2023-12-26 00:00:00+00:00,3.0,18.15,10.3,12.331619,35602.547,0.0,9.693296,65.718575,29015.113,13.227084,15.119999,1.3588672,8.68,79.264275,92.04549,65.150795,1020.48737,1022.0,1019.1,1009.47974,1011.02716,1008.2386,97.958336,100.0,75.0,10.916427,14.279009,8.122924
1456,2023-12-27 00:00:00+00:00,3.0,17.35,9.6,13.163577,35619.047,0.0,10.990322,215.98409,27186.16,13.545833,17.28,1.3390133,9.21,84.30549,97.10186,68.7809,1021.0708,1022.7,1020.1,1010.0694,1011.70856,1009.08673,86.875,100.0,14.0,11.78247,14.529247,8.825642
1457,2023-12-28 00:00:00+00:00,3.0,17.55,10.55,12.888053,35638.723,0.0,6.519877,8.972524,35103.492,13.487499,11.5199995,1.6296366,11.28,78.368774,97.04184,55.8918,1021.2791,1023.0,1019.8,1010.2732,1011.9881,1008.834,67.708336,100.0,0.0,11.068404,14.033064,7.6031303
1458,2023-12-29 00:00:00+00:00,3.0,17.85,10.55,13.23902,35661.523,0.0,9.565437,176.6115,28123.328,13.78125,16.56,1.2934839,8.61,78.900604,97.09517,64.3668,1019.68756,1021.5,1018.3,1008.7097,1010.5081,1007.3576,87.875,100.0,0.0,11.443337,14.675282,8.511521
1459,2023-12-30 00:00:00+00:00,63.0,15.55,8.5,12.1109085,35687.38,13.400001,12.979984,80.20518,21627.336,12.849999,23.759998,1.0419205,6.8,88.88546,100.0,73.83546,1018.7791,1019.9,1017.6,1007.77606,1008.9044,1006.70844,70.333336,100.0,3.0,11.591171,12.702805,7.71443
1460,2023-12-31 00:00:00+00:00,51.0,15.7,8.95,10.282683,35716.242,0.3,15.459054,78.73157,3831.8706,12.147916,26.28,1.107769,5.72,81.8928,93.77686,71.34346,1019.3875,1021.8,1017.3,1008.3506,1010.80865,1006.3871,81.083336,100.0,11.0,10.153073,12.634924,7.5180445
1461,2024-01-01 00:00:00+00:00,3.0,17.3,7.45,9.844423,35748.035,0.0,9.360001,13.212787,33640.508,11.683333,16.199999,1.7159971,11.39,71.70496,87.06279,44.475185,1018.73334,1020.7,1016.8,1007.6849,1009.46564,1005.66003,45.125,100.0,0.0,8.582119,11.69746,5.7282953
1462,2024-01-02 00:00:00+00:00,3.0,17.2,6.6,10.501084,35782.703,0.0,11.592895,78.45589,35029.137,12.018752,17.64,1.7502146,11.13,75.47233,93.30997,51.530777,1022.675,1024.9,1020.9,1011.5965,1013.9056,1009.6556,22.25,100.0,0.0,9.392938,13.692286,4.870573
1463,2024-01-03 00:00:00+00:00,61.0,16.05,8.5,9.385542,35820.19,5.7999997,19.386591,333.56314,33414.285,11.762501,30.599998,1.9291977,10.18,73.84542,98.0052,52.461792,1018.64154,1022.7,1015.2,1007.59766,1011.5307,1004.3528,49.458332,100.0,3.0,8.927939,10.979174,6.493902
1464,2024-01-04 00:00:00+00:00,3.0,15.2,5.7,7.1961665,35860.426,0.0,18.057508,24.075504,35329.586,9.977083,27.72,1.7432709,10.09,66.69311,79.84212,48.599148,1019.83325,1021.9,1017.7,1008.70703,1010.6267,1006.5969,20.75,99.0,0.0,6.560352,9.7189665,3.5520077
1465,2024-01-05 00:00:00+00:00,3.0,15.95,5.8,7.7637734,35903.344,0.0,10.703569,27.645918,30643.643,10.225001,15.119999,1.7483683,10.67,63.960205,84.64553,46.633076,1020.89594,1022.8,1018.8,1009.7669,1011.7366,1007.84094,28.458334,94.0,0.0,6.504907,10.634274,3.421918
1466,2024-01-06 00:00:00+00:00,3.0,16.8,3.6,7.9367766,35948.887,0.0,12.015589,81.753746,32732.277,10.2625,19.8,1.8952711,11.75,69.063805,91.25395,43.06464,1019.4915,1022.1,1014.7,1008.3782,1011.0092,1003.59283,43.25,100.0,0.0,7.069298,12.957386,1.2884793
1467,2024-01-07 00:00:00+00:00,51.0,13.25,7.1,4.4137,35996.98,0.1,30.432245,329.2242,35468.125,9.766667,48.239998,2.9721646,12.34,56.403355,91.84055,37.38062,1014.17084,1017.2,1011.6,1003.0988,1006.00226,1000.5402,21.833334,98.0,0.0,5.4673505,8.586299,2.2809048
1468,2024-01-08 00:00:00+00:00,0.0,14.45,2.2,4.2868457,36047.57,0.0,21.758419,37.09738,35519.36,7.81875,41.760002,2.1549106,12.41,54.24768,71.87845,31.602118,1022.7832,1026.2,1017.4,1011.5389,1014.8165,1006.1881,0.33333334,8.0,0.0,3.4283512,7.299366,-0.16721106
1469,2024-01-09 00:00:00+00:00,3.0,15.15,3.95,6.21388,36100.586,0.0,11.269782,38.20218,35573.03,9.191667,15.4800005,1.9433817,12.02,53.363537,74.13493,35.45103,1022.4626,1026.2,1018.0,1011.2756,1014.7757,1006.8231,25.083334,98.0,0.0,4.5828176,8.818552,1.077374
1470,2024-01-10 00:00:00+00:00,1.0,15.35,5.35,6.1385875,36155.96,0.0,21.407139,72.13709,35629.047,9.052083,36.0,1.803381,12.08,73.431595,86.88373,54.787354,1015.8166,1018.4,1013.2,1004.6977,1007.1353,1002.06616,1.8333334,20.0,0.0,6.3427567,10.244921,3.3167028
1471,2024-01-11 00:00:00+00:00,3.0,16.15,5.35,6.605346,36213.63,0.0,29.024128,314.0886,35687.363,10.220833,46.44,2.424505,12.62,59.33984,90.102,26.06599,1015.8665,1020.8,1011.8,1004.7928,1009.48047,1000.7399,37.5,100.0,0.0,5.9283633,8.955946,2.9653177
1472,2024-01-12 00:00:00+00:00,3.0,15.8,3.9,6.764087,36273.527,0.0,11.457958,41.760204,35747.89,9.772917,14.759999,2.0651,12.37,52.00356,76.44842,32.611156,1021.1167,1023.9,1019.3,1009.9672,1012.8362,1008.25696,26.625,100.0,0.0,4.951719,8.94875,0.46743584
1473,2024-01-13 00:00:00+00:00,3.0,16.1,6.2,7.68029,36335.918,0.0,13.441071,69.85833,35806.37,10.366668,21.24,1.9840497,12.02,62.976273,81.97297,46.899902,1018.79584,1020.5,1017.6,1007.69556,1009.4634,1006.7328,42.5,99.0,0.0,6.5542026,10.176863,3.0642986
1474,2024-01-14 00:00:00+00:00,3.0,15.65,6.35,7.8603826,36401.383,0.0,13.004922,69.80933,32874.61,9.895832,23.4,1.6061538,11.55,81.40473,92.81519,65.70101,1017.36237,1018.7,1015.5,1006.25977,1007.65027,1004.61957,34.708332,100.0,0.0,7.933363,11.744135,4.3488655
1475,2024-01-15 00:00:00+00:00,3.0,18.05,7.15,10.570035,36469.805,0.0,11.592895,5.946777,35832.2,11.881248,18.359999,1.8020066,11.87,75.552635,92.22386,53.237724,1017.9041,1019.1,1016.5,1006.87225,1008.1678,1005.7112,70.083336,100.0,6.0,9.191848,12.635593,5.927861
1476,2024-01-16 00:00:00+00:00,3.0,19.65,9.05,11.593223,36541.06,0.0,14.693999,202.91292,35847.984,13.047915,25.56,2.001588,12.52,71.55093,96.07612,50.375393,1018.08746,1019.2,1016.8,1007.0983,1008.2761,1005.8473,53.291668,100.0,1.0,9.869609,13.448088,6.9720745
1477,2024-01-17 00:00:00+00:00,3.0,17.95,9.85,11.693585,36615.004,0.0,10.538843,105.80256,31497.53,12.514585,18.359999,1.551465,10.08,85.019196,96.71924,64.375534,1017.4915,1019.0,1015.9,1006.489,1007.89856,1005.1195,86.666664,100.0,40.0,10.807949,13.706844,9.028734
1478,2024-01-18 00:00:00+00:00,3.0,18.7,9.4,12.532739,36691.516,0.0,10.948973,38.899952,31454.096,13.48125,20.16,1.9139313,12.15,81.15397,96.70263,59.2952,1018.5999,1020.0,1017.3,1007.6219,1009.079,1006.4935,70.916664,100.0,8.0,11.307521,14.132996,8.333432
1479,2024-01-19 00:00:00+00:00,3.0,18.35,9.65,13.179147,36770.457,0.0,12.181625,206.93944,22809.244,13.908336,24.119999,1.5877185,9.9,80.920685,95.40011,64.935745,1016.62494,1018.6,1014.2,1005.6848,1007.69965,1003.3949,99.833336,100.0,97.0,11.743688,14.506788,9.092228
1480,2024-01-20 00:00:00+00:00,63.0,15.4,12.45,12.415734,36851.703,23.500002,19.406637,101.64392,287.29202,13.464583,28.8,0.6729658,3.11,88.01646,94.260544,80.97015,1013.2083,1014.9,1011.6,1002.28906,1003.97534,1000.6672,100.0,100.0,100.0,12.1147585,13.227917,11.203993
1481,2024-01-21 00:00:00+00:00,61.0,17.0,12.0,12.825553,36935.117,7.8,15.03835,101.244125,21223.262,13.558334,22.319998,1.1282862,7.02,88.44437,98.04827,69.82042,1012.45416,1014.1,1011.4,1001.5461,1003.1877,1000.44446,90.583336,100.0,46.0,12.227843,13.477188,11.106988
1482,2024-01-22 00:00:00+00:00,63.0,16.7,10.95,12.210118,37020.586,36.4,23.42491,91.09886,8998.419,13.662498,39.239998,0.9439366,4.41,87.84674,98.025375,70.458626,1008.99994,1013.0,1005.6,998.13324,1002.07086,994.88086,87.291664,100.0,15.0,12.272714,13.258963,10.688476
1483,2024-01-23 00:00:00+00:00,3.0,20.65,9.95,13.044896,37107.97,0.0,29.275326,342.43137,31250.379,13.968749,44.639996,2.141715,11.65,82.6285,100.0,45.627407,1012.3875,1016.9,1010.1,1001.4947,1005.8698,999.18524,50.166668,100.0,0.0,11.857689,14.200798,9.683952
1484,2024-01-24 00:00:00+00:00,3.0,17.45,10.5,12.494911,37197.15,0.0,11.874544,73.52306,15865.67,13.216667,18.359999,1.3977332,8.36,84.26673,95.80248,65.19345,1019.47076,1021.4,1017.3,1008.4742,1010.45447,1006.2326,88.583336,100.0,18.0,11.431203,13.5277195,9.181734
1485,2024-01-25 00:00:00+00:00,51.0,17.9,10.55,13.121213,37288.008,0.2,21.638964,185.21796,28800.0,13.66875,36.0,1.5791088,10.73,89.51894,97.08506,68.40253,1020.0835,1021.5,1018.3,1009.09717,1010.3869,1007.4474,56.75,100.0,0.0,12.44468,14.609636,10.054728
1486,2024-01-26 00:00:00+00:00,3.0,21.25,8.0,11.5272875,37380.418,0.0,10.233123,3.2490711,36000.0,13.060417,16.919998,2.295285,13.63,70.34602,91.927124,39.826622,1022.46655,1024.1,1021.3,1011.4295,1012.9525,1010.08093,48.708332,100.0,0.0,9.659597,14.731964,6.1903076
1487,2024-01-27 00:00:00+00:00,3.0,22.45,8.75,12.627903,37474.27,0.0,10.514218,36.901726,36000.0,14.527083,16.199999,2.6653986,13.54,60.737095,76.79245,42.559113,1021.86664,1024.2,1019.6,1010.8916,1013.0378,1008.7874,80.333336,100.0,6.0,10.014968,14.779322,5.998187
1488,2024-01-28 00:00:00+00:00,3.0,23.75,10.85,15.26059,37569.434,0.0,10.799999,18.96554,36000.0,16.695831,13.679999,2.7034793,13.59,58.12602,71.870636,36.864582,1019.65424,1021.3,1018.2,1008.7847,1010.2757,1007.2284,81.791664,100.0,7.0,11.609691,15.248367,7.782858
1489,2024-01-29 00:00:00+00:00,3.0,24.3,11.05,15.800781,37665.81,0.0,10.495713,345.61856,36000.0,17.379166,14.759999,2.9019947,14.06,53.232693,72.74247,34.18102,1019.0876,1020.7,1016.9,1008.2497,1009.9107,1006.1673,20.541666,100.0,0.0,11.630429,16.496277,7.557929
1490,2024-01-30 00:00:00+00:00,3.0,22.95,11.35,15.493039,37763.277,0.0,10.383987,108.00429,33758.113,16.720835,17.64,2.6095066,13.81,57.10664,92.94822,35.722397,1017.12915,1018.8,1015.2,1006.2884,1007.75867,1004.33606,30.166666,100.0,0.0,11.593469,16.074726,8.518571
1491,2024-01-31 00:00:00+00:00,51.0,19.1,10.5,12.989273,37861.723,0.1,17.418196,134.39879,34173.95,14.081252,29.88,2.015466,12.96,77.91225,95.46876,59.78666,1014.9167,1016.9,1013.1,1004.0013,1005.9288,1002.2657,78.666664,99.0,7.0,11.592582,14.81369,8.303732
1492,2024-02-01 00:00:00+00:00,63.0,15.75,9.3,9.248628,37961.043,40.499996,35.543507,91.39454,17973.203,12.039582,56.88,1.4186833,6.59,83.9716,98.663574,67.00786,1008.5627,1013.6,1005.4,997.63885,1002.6094,994.63153,79.125,100.0,23.0,10.273861,12.24869,8.480071
1493,2024-02-02 00:00:00+00:00,63.0,16.5,7.2,9.838376,38061.59,4.6999993,19.809813,227.96817,36000.0,11.489582,31.319998,2.0607762,13.46,80.27157,99.325806,51.969086,1012.51666,1015.8,1009.8,1001.52875,1004.7776,998.6975,24.458334,75.0,2.0,9.2897835,11.084569,6.603302
1494,2024-02-03 00:00:00+00:00,51.0,15.35,6.95,8.957195,38164.234,0.1,18.1041,98.443085,27364.549,11.052085,30.960001,1.9076823,12.51,76.14126,92.754234,55.356174,1016.08746,1017.2,1015.1,1005.04376,1006.2449,1004.17316,76.541664,100.0,15.0,8.4657135,10.309139,5.701828
1495,2024-02-04 00:00:00+00:00,65.0,14.25,10.15,8.799727,38268.87,67.799995,31.534437,99.60785,3800.2368,11.895832,49.32,0.9404297,2.76,83.54084,92.39293,66.292145,1014.4959,1016.7,1012.4,1003.50287,1005.66595,1001.468,97.958336,100.0,72.0,10.107419,11.776962,8.506544
1496,2024-02-05 00:00:00+00:00,65.0,14.35,11.15,10.670644,38375.36,91.899994,22.027763,100.06249,0.0,12.53125,44.28,0.5624356,1.84,91.947334,99.01455,80.82964,1011.08325,1013.1,1008.5,1000.1517,1002.14526,997.55304,100.0,100.0,100.0,11.615975,12.257528,10.7195015
1497,2024-02-06 00:00:00+00:00,63.0,13.9,7.85,9.770379,38483.57,24.9,14.773164,88.52704,11584.504,11.010417,22.68,0.981803,5.73,87.373604,98.023834,62.69337,1005.92084,1008.5,1003.7,994.98676,997.5264,992.88654,98.875,100.0,89.0,9.631732,11.054071,6.9447107
1498,2024-02-07 00:00:00+00:00,63.0,14.4,6.1,7.9611526,38593.367,7.5000005,23.73271,175.43343,36000.0,10.435418,38.16,1.9131163,13.07,82.45122,97.962296,58.44461,1011.47504,1013.6,1007.8,1000.45795,1002.67035,996.75275,56.541668,100.0,5.0,8.5199795,9.939406,5.753227
1499,2024-02-08 00:00:00+00:00,51.0,14.25,3.8,6.874548,38704.62,0.2,14.830076,303.23172,36000.0,9.149999,22.319998,1.8365277,12.96,77.112175,94.53526,50.118435,1015.50006,1018.3,1012.0,1004.3885,1007.1217,1000.9591,33.541668,98.0,0.0,6.7576485,9.692517,2.9174647
1500,2024-02-09 00:00:00+00:00,51.0,14.35,5.9,7.7676163,38817.203,0.2,17.551615,54.605137,36079.633,10.075,25.199999,2.1251485,13.79,75.35691,93.38556,53.030212,1017.4375,1019.4,1015.4,1006.34125,1008.30975,1004.4036,26.125,69.0,0.0,7.4843946,9.492324,4.436982
1501,2024-02-10 00:00:00+00:00,0.0,15.85,4.45,6.9517097,38930.996,0.0,19.855558,7.2801666,36632.875,10.035417,29.88,2.7261965,16.32,62.372803,81.224815,38.120556,1017.1458,1020.0,1015.5,1006.0501,1008.70746,1004.2453,3.4166667,16.0,0.0,6.100582,9.885822,2.505889
1502,2024-02-11 00:00:00+00:00,0.0,17.05,4.1,6.9196324,39045.863,0.0,10.182337,4.9862337,36892.363,9.556249,15.84,2.5771196,16.47,60.933193,81.19737,36.19262,1021.8626,1023.7,1020.1,1010.6958,1012.6192,1008.78,0.0,0.0,0.0,5.4884205,9.587036,1.7442417
1503,2024-02-12 00:00:00+00:00,0.0,17.9,5.3,9.058885,39161.695,0.0,10.086427,357.42932,36859.88,11.447918,15.119999,2.677558,16.54,55.964355,74.724205,39.96721,1019.5793,1022.5,1016.4,1008.5115,1011.216,1005.4854,0.0,0.0,0.0,6.7724805,10.853749,2.8399096
1504,2024-02-13 00:00:00+00:00,3.0,17.5,6.7,9.446767,39278.363,0.0,10.587917,100.77444,36827.625,11.314583,22.68,2.4051547,15.81,72.317215,94.41542,49.86056,1016.47906,1018.0,1014.9,1005.4404,1006.86053,1004.1134,38.0,100.0,0.0,8.406955,13.390507,3.927435
1505,2024-02-14 00:00:00+00:00,51.0,15.9,7.6,9.945016,39395.766,0.1,10.805998,75.963715,27129.418,11.285416,19.08,1.5737348,10.14,82.19667,95.03285,62.93894,1020.36255,1022.3,1018.3,1009.2813,1011.12134,1007.1316,69.833336,100.0,2.0,9.325448,12.15863,6.1747913
1506,2024-02-15 00:00:00+00:00,3.0,17.6,7.65,10.715915,39513.773,0.0,15.349684,62.102936,36763.8,11.756251,26.28,2.296257,15.95,81.88644,98.67195,65.79312,1021.5459,1023.5,1019.1,1010.46954,1012.4078,1008.17145,65.083336,100.0,1.0,9.768868,13.688702,6.471711
1507,2024-02-16 00:00:00+00:00,3.0,18.7,10.35,12.765136,39632.28,0.0,13.891522,82.875046,33420.926,13.53125,22.68,2.1717308,13.77,84.38999,99.3348,64.03745,1019.6418,1021.1,1017.6,1008.6547,1010.0933,1006.729,88.958336,100.0,23.0,11.72599,14.717918,9.863749
1508,2024-02-17 00:00:00+00:00,3.0,17.95,8.85,11.708669,39751.17,0.0,17.208603,179.99998,22193.057,12.358333,27.72,1.5688332,10.12,90.57446,100.0,66.41222,1018.625,1019.8,1016.9,1007.604,1008.83777,1006.09784,85.041664,100.0,18.0,11.24977,13.940943,8.5458145
1509,2024-02-18 00:00:00+00:00,61.0,16.2,10.65,12.862163,39870.348,2.5,9.360001,141.80899,10351.895,13.422917,20.880001,1.2186677,6.84,84.64057,96.10179,71.06717,1017.99164,1019.4,1016.2,1007.01874,1008.3578,1005.2802,93.208336,100.0,64.0,11.690358,13.308317,9.555723
1510,2024-02-19 00:00:00+00:00,63.0,15.25,12.7,12.492284,39989.688,39.799995,20.46941,124.88401,0.0,13.695834,33.839996,0.6994941,3.19,91.19436,96.13761,83.10747,1018.5584,1020.4,1017.1,1007.59015,1009.4009,1006.1096,99.791664,100.0,95.0,12.686332,13.434193,11.886875
1511,2024-02-20 00:00:00+00:00,63.0,14.45,12.9,12.427502,40109.094,45.2,18.472595,108.574135,0.0,13.504166,29.519999,0.62966794,2.72,91.796425,96.46255,84.39229,1019.5334,1020.8,1018.7,1008.54736,1009.8364,1007.70184,99.833336,100.0,97.0,12.565105,13.31641,11.961248
1512,2024-02-21 00:00:00+00:00,63.0,17.5,10.85,13.095744,40228.457,9.500002,15.575981,200.25333,35864.85,13.668752,28.08,2.2861836,15.71,86.12884,97.37894,64.57892,1019.55005,1022.3,1017.4,1008.5696,1011.182,1006.3814,64.5,100.0,7.0,12.0633745,13.586863,10.351994
1513,2024-02-22 00:00:00+00:00,3.0,18.65,8.8,11.699094,40348.14,0.0,15.077082,69.67682,38352.793,12.745831,25.199999,2.5861382,17.37,80.15707,93.55838,62.93252,1022.0083,1024.7,1020.2,1010.9653,1013.7133,1009.27875,35.583332,100.0,0.0,10.523718,14.513435,7.2439175
1514,2024-02-23 00:00:00+00:00,3.0,22.3,8.65,13.001958,40469.035,0.0,9.693296,17.300613,34782.418,14.564583,15.84,2.9918747,16.59,62.435623,82.231,30.60012,1017.92914,1021.7,1014.8,1006.9971,1010.57104,1004.12756,81.416664,100.0,9.0,10.061919,16.230385,6.229555
1515,2024-02-24 00:00:00+00:00,3.0,21.65,11.15,14.695969,40591.06,0.0,12.4811535,89.06081,21392.713,16.05625,18.0,2.4094033,11.8,59.71027,91.44358,34.502525,1016.825,1017.8,1015.9,1005.9629,1006.92114,1004.9908,85.5,100.0,3.0,11.345683,15.722923,8.302535
1516,2024-02-25 00:00:00+00:00,3.0,19.4,11.35,14.035087,40714.117,0.0,12.287555,220.23633,29444.723,14.6624975,19.8,2.1645775,13.21,75.5989,94.56333,54.487373,1017.3042,1018.6,1016.3,1006.3852,1007.77026,1005.3754,95.75,100.0,53.0,11.876313,14.854019,9.197456
1517,2024-02-26 00:00:00+00:00,63.0,16.05,10.4,12.251473,40838.09,5.2000003,12.313894,238.95833,2885.9175,12.822918,19.44,1.088937,6.0,87.33124,98.35465,71.03879,1016.62494,1018.5,1014.5,1005.64404,1007.45435,1003.509,93.0,100.0,5.0,11.388512,12.71846,9.813484
1518,2024-02-27 00:00:00+00:00,3.0,18.05,9.75,13.148772,40962.89,0.0,13.246826,197.7005,37538.016,13.487502,21.599998,2.2740257,15.08,86.672485,100.0,64.80492,1015.4417,1016.7,1014.2,1004.4981,1005.72723,1003.4337,54.125,100.0,0.0,11.924946,13.933067,9.687574
1519,2024-02-28 00:00:00+00:00,3.0,19.95,9.75,13.452882,41088.414,0.0,16.485485,179.48846,39360.27,13.868752,28.08,2.7630374,18.59,85.15811,100.0,71.275536,1016.9124,1018.4,1015.8,1005.96704,1007.36304,1004.9649,9.875,100.0,0.0,12.150951,16.425901,8.264598
1520,2024-02-29 00:00:00+00:00,51.0,16.8,11.2,12.8283205,41214.555,0.90000004,16.548256,185.52238,24046.137,13.789582,28.8,1.5919311,9.75,86.42038,100.0,69.5211,1020.52496,1022.1,1018.8,1009.5389,1011.1584,1007.77606,82.333336,100.0,22.0,12.235821,13.408693,9.8436775
1521,2024-03-01 00:00:00+00:00,55.0,16.35,11.55,12.546308,41341.223,5.1,16.610792,175.82297,18969.488,13.639583,27.72,1.7541693,10.44,79.99857,91.11616,66.272545,1020.39166,1021.7,1018.7,1009.40137,1010.7436,1007.742,93.916664,100.0,53.0,11.398545,12.531509,10.019965
1522,2024-03-02 00:00:00+00:00,61.0,14.7,11.2,11.563324,41468.312,9.799999,25.570139,236.87077,18104.193,13.3625,42.12,1.264361,8.07,86.30215,93.05412,72.706535,1016.72504,1018.3,1015.7,1005.7639,1007.3178,1004.79126,83.375,100.0,23.0,11.825643,12.626577,10.2464695
1523,2024-03-03 00:00:00+00:00,51.0,16.55,9.9,11.045745,41595.74,1.0,27.381306,242.95622,31903.104,12.724999,44.28,2.3193152,15.18,79.44731,95.114746,60.385124,1016.95844,1018.0,1015.1,1005.9697,1007.04956,1004.2257,58.333332,100.0,1.0,10.425965,12.14793,8.984351
1524,2024-03-04 00:00:00+00:00,3.0,18.45,7.65,10.257123,41723.395,0.0,17.654688,71.09533,41097.754,11.795834,29.88,2.7287035,18.84,78.71172,93.12632,49.881893,1018.47076,1020.1,1017.7,1007.4297,1009.06384,1006.66675,39.041668,100.0,2.0,9.415136,12.475414,6.8062124
1525,2024-03-05 00:00:00+00:00,3.0,18.5,8.05,11.270123,41851.203,0.0,13.755579,116.13634,40896.02,12.535416,28.08,2.9058578,19.12,78.32855,93.139496,54.828266,1017.3582,1018.8,1015.5,1006.35724,1007.8162,1004.5556,37.625,100.0,0.0,10.087814,13.256559,6.573126
1526,2024-03-06 00:00:00+00:00,63.0,15.55,8.85,10.073993,41979.05,19.5,19.881649,118.66069,16189.562,11.764584,30.239998,1.3104954,8.1,87.679146,97.35535,65.67938,1013.12915,1016.3,1009.8,1002.14545,1005.2374,998.8389,83.916664,100.0,24.0,10.387279,12.344963,7.939539
1527,2024-03-07 00:00:00+00:00,61.0,18.4,7.7,11.031497,42106.863,2.5,17.377226,285.02707,37528.062,12.299999,31.319998,2.609514,17.35,79.01904,91.99118,50.896496,1012.2041,1016.6,1010.0,1001.25,1005.51495,999.0214,22.541666,86.0,0.0,9.933111,13.197693,6.2176666
1528,2024-03-08 00:00:00+00:00,2.0,18.75,8.1,11.415184,42234.54,0.0,14.982228,353.04742,41750.93,12.414582,26.28,2.9094274,19.84,80.76104,93.27433,59.061882,1019.32495,1021.4,1017.1,1008.2979,1010.3556,1005.98804,8.916667,54.0,0.0,10.246312,13.923925,6.6955786
1529,2024-03-09 00:00:00+00:00,3.0,20.7,8.65,13.015878,42361.992,0.0,12.55879,99.00169,41412.5,14.349998,21.96,3.4253364,20.54,63.496006,85.43838,50.46058,1019.5208,1020.9,1017.5,1008.565,1009.82184,1006.68195,61.208332,100.0,0.0,10.238835,15.309471,6.400923
1530,2024-03-10 00:00:00+00:00,3.0,20.25,9.0,12.401132,42489.12,0.0,14.707222,172.51921,40290.48,13.947915,25.56,2.9800208,17.93,64.666046,95.112854,39.554916,1018.24176,1019.9,1016.3,1007.2849,1008.779,1005.44666,62.75,100.0,0.0,9.942386,13.193085,6.6732006
1531,2024-03-11 00:00:00+00:00,3.0,18.6,8.85,11.659583,42615.85,0.0,18.59845,133.46568,36690.125,12.920835,31.319998,2.5593605,16.6,82.78629,100.0,53.601254,1018.2083,1019.9,1017.1,1007.2133,1008.8274,1005.9605,71.041664,100.0,0.0,10.923286,12.997801,8.115604
1532,2024-03-12 00:00:00+00:00,3.0,18.35,9.55,12.147134,42742.08,0.0,17.339897,136.76625,40595.496,13.154168,29.88,2.6125908,17.02,82.13851,95.0807,59.60739,1019.3291,1021.1,1017.9,1008.3308,1010.1633,1006.95825,69.125,100.0,7.0,11.102317,13.815109,8.85642
1533,2024-03-13 00:00:00+00:00,3.0,19.55,9.2,12.475078,42868.145,0.0,18.079027,99.13876,41439.08,13.743749,32.399998,2.7277594,17.11,79.4918,93.793594,55.242928,1015.0915,1018.1,1011.9,1004.16113,1007.0507,1001.04694,68.166664,100.0,11.0,11.359031,14.27557,8.412277
1534,2024-03-14 00:00:00+00:00,3.0,20.2,8.25,11.497659,42994.86,0.0,18.806337,73.71119,42512.203,14.047916,33.12,3.985363,22.19,54.748486,91.6861,19.03949,1009.73755,1012.3,1007.4,998.87524,1001.29266,996.746,21.208334,93.0,0.0,8.592118,11.030514,6.2712955
1535,2024-03-15 00:00:00+00:00,3.0,17.55,8.25,10.56978,43122.168,0.0,16.055353,120.99985,41246.414,12.527084,27.359999,2.6060143,15.99,67.26745,92.630005,49.317017,1010.07916,1014.8,1007.4,999.157,1003.7771,996.4766,75.333336,99.0,20.0,9.001651,11.813456,4.769662
1536,2024-03-16 00:00:00+00:00,3.0,18.9,9.0,12.398113,43249.996,0.0,18.089775,162.78378,40620.844,13.641666,32.399998,2.7615216,16.92,75.91967,95.14469,55.154545,1016.31256,1018.0,1014.9,1005.36523,1006.9269,1003.8855,56.041668,100.0,0.0,10.8906555,13.457838,7.554262
1537,2024-03-17 00:00:00+00:00,3.0,20.05,8.7,12.584434,43378.254,0.0,13.363711,98.84167,42574.527,13.647919,24.119999,3.0614738,19.3,77.89749,93.18141,54.58566,1017.90845,1018.9,1016.2,1006.9434,1008.0075,1005.3607,29.666666,98.0,0.0,11.091308,14.872042,7.2871323
1538,2024-03-18 00:00:00+00:00,3.0,23.0,8.55,14.253774,43506.86,0.0,21.485697,83.52173,43023.867,15.185417,35.64,3.1298764,18.06,73.37853,91.767204,41.861473,1017.29584,1018.3,1016.2,1006.3946,1007.3159,1005.56683,25.791666,90.0,0.0,11.949237,15.275843,7.1964893
1539,2024-03-19 00:00:00+00:00,1.0,22.25,10.7,15.046851,43635.727,0.0,13.044722,68.05129,43133.004,15.729169,25.919998,3.6515024,21.25,71.714935,88.10317,54.401943,1016.83344,1018.2,1014.4,1005.95825,1007.15155,1003.6719,9.5,46.0,0.0,12.366599,16.326912,8.52455
1540,2024-03-20 00:00:00+00:00,3.0,22.1,11.8,16.357843,43764.785,0.0,13.246826,186.95285,43200.0,16.339582,24.84,3.5750928,21.59,75.34711,96.458466,61.40421,1015.99176,1017.5,1014.5,1005.1492,1006.511,1003.75977,18.5,100.0,0.0,13.410073,17.260286,9.790512
1541,2024-03-21 00:00:00+00:00,3.0,21.9,10.7,14.910678,43893.953,0.0,17.0763,166.51689,43200.0,15.1125,29.16,3.5664375,21.8,81.72488,99.34643,58.00016,1018.34155,1019.8,1017.5,1007.42773,1008.93335,1006.5053,33.041668,100.0,0.0,12.903633,16.489296,9.319521
1542,2024-03-22 00:00:00+00:00,3.0,21.8,11.65,14.587979,44023.133,0.0,18.289274,182.12102,36226.105,14.912501,32.039997,3.2654564,19.46,83.65114,100.0,53.01044,1017.69995,1019.8,1015.0,1006.78546,1008.77856,1004.21234,96.083336,100.0,43.0,12.904206,15.669462,11.254639
1543,2024-03-23 00:00:00+00:00,63.0,17.75,10.55,12.077404,44152.258,6.7999997,28.146843,220.98564,32400.0,13.772916,44.639996,2.503732,14.95,81.26628,100.0,51.77364,1011.9333,1015.6,1009.0,1001.0389,1004.645,998.015,60.125,100.0,1.0,11.623776,13.61227,8.8502035
1544,2024-03-24 00:00:00+00:00,51.0,17.1,6.9,8.875503,44281.234,0.70000005,21.67487,294.55338,37043.523,11.833333,36.719997,3.2946267,18.4,67.06469,89.57361,45.85171,1008.8249,1010.3,1007.3,997.8897,999.37634,996.5594,38.083332,99.0,0.0,8.237446,10.820857,5.7913113
1545,2024-03-25 00:00:00+00:00,3.0,18.2,5.2,9.652201,44409.99,0.0,19.33639,108.91445,39600.0,11.689583,34.2,3.419925,21.77,70.17183,90.08305,46.110493,1012.82916,1015.4,1010.4,1001.84393,1004.34534,999.3766,37.666668,100.0,0.0,8.386288,12.56776,4.1390247
1546,2024-03-26 00:00:00+00:00,3.0,19.5,9.2,11.675483,44538.438,0.0,21.749481,126.945724,43200.0,13.318749,39.6,3.5129855,22.05,72.58253,88.89175,47.35855,1017.1084,1019.9,1015.3,1006.1401,1008.8255,1004.1941,22.625,100.0,0.0,10.193263,12.918949,7.3870506
1547,2024-03-27 00:00:00+00:00,3.0,20.3,8.45,12.267876,44666.49,0.0,17.238699,159.0071,43200.0,13.556251,29.519999,3.5689514,21.91,74.35607,97.373825,53.823112,1020.79584,1022.7,1019.6,1009.7962,1011.7914,1008.7355,53.125,100.0,0.0,10.616668,14.861736,6.3357925
1548,2024-03-28 00:00:00+00:00,3.0,20.15,9.35,12.923884,44794.066,0.0,20.929594,220.04282,32400.0,13.656249,37.079998,3.2755806,20.44,82.01414,98.343025,49.33475,1017.7,1020.4,1014.9,1006.7378,1009.3163,1004.05786,50.291668,100.0,4.0,11.516425,14.167892,8.817415
1549,2024-03-29 00:00:00+00:00,51.0,16.75,9.4,10.692897,44921.082,0.9,20.316889,160.42503,38567.12,13.095833,34.56,3.2787004,19.0,71.840675,100.0,45.15697,1013.3249,1015.3,1010.2,1002.38983,1004.30786,999.271,72.875,100.0,0.0,9.915376,10.81372,9.335091
1550,2024-03-30 00:00:00+00:00,63.0,14.35,10.05,9.499375,45047.445,29.200006,24.482647,119.239655,24549.584,11.918751,41.760002,1.8783585,11.12,81.3037,96.11976,67.90589,1007.1416,1009.2,1004.8,996.2292,998.2664,993.9197,97.75,100.0,79.0,9.896724,11.637775,8.62104
1551,2024-03-31 00:00:00+00:00,63.0,15.5,9.3,9.359448,45173.08,7.4,20.898611,101.48388,26866.545,11.841664,35.28,2.1146796,13.36,79.97054,93.16834,61.791275,1008.61664,1010.1,1007.0,997.68475,999.05475,996.19946,74.083336,100.0,0.0,9.648731,11.441906,8.173778
1552,2024-04-01 00:00:00+00:00,2.0,18.25,6.75,10.746287,45297.883,0.0,20.26899,260.95428,43200.0,12.224999,33.48,3.291604,22.33,77.26065,91.73673,59.583412,1014.70844,1019.8,1010.3,1003.72394,1008.7092,999.24664,17.875,70.0,0.0,9.670063,13.3861885,5.880354
1553,2024-04-02 00:00:00+00:00,0.0,22.45,9.6,14.1817465,45422.18,0.0,14.24163,80.253,43200.0,14.943749,25.919998,4.098668,24.5,71.404785,91.212204,44.862583,1023.04584,1024.7,1020.4,1012.0743,1013.7923,1009.2812,0.0,0.0,0.0,11.562099,16.764719,7.3771105
1554,2024-04-03 00:00:00+00:00,0.0,22.95,11.35,15.056844,45546.727,0.0,15.30741,155.81265,43200.0,15.810418,27.359999,4.217648,24.65,70.28005,98.04298,49.389973,1020.0125,1024.1,1015.6,1009.10614,1013.01483,1004.58386,0.16666667,4.0,0.0,12.253806,16.836569,8.258854
1555,2024-04-04 00:00:00+00:00,53.0,16.0,8.35,10.416848,45671.48,1.6000001,23.023119,197.82285,27989.13,12.679166,39.96,2.1940744,12.64,78.62447,99.66887,59.892754,1013.45825,1015.3,1012.2,1002.5058,1004.27167,1001.26636,80.833336,100.0,10.0,10.332713,12.311625,6.318363
1556,2024-04-05 00:00:00+00:00,61.0,13.65,5.7,6.4896693,45796.36,3.8999996,24.482647,291.30273,33720.637,9.445833,45.36,2.510137,17.04,72.47031,88.90905,47.38457,1014.34576,1018.2,1013.1,1003.2591,1006.92334,1001.91785,47.5,97.0,0.0,6.60619,8.86641,4.4669657
1557,2024-04-06 00:00:00+00:00,0.0,17.5,2.65,7.7591996,45921.277,0.0,17.826363,52.594578,43341.78,10.091666,33.12,3.8224077,25.48,67.76806,92.23478,40.15152,1022.5208,1025.2,1019.0,1011.36743,1014.1625,1007.662,1.9583334,10.0,0.0,6.601,10.596495,1.4562941
1558,2024-04-07 00:00:00+00:00,3.0,18.8,6.7,10.259557,46046.16,0.0,15.03835,221.54335,42114.727,12.266666,28.44,3.910819,24.35,60.939594,83.271095,39.101616,1018.41235,1021.9,1014.6,1007.3889,1010.6725,1003.57904,41.708332,100.0,0.0,7.927625,11.376627,4.978546
1559,2024-04-08 00:00:00+00:00,0.0,25.45,6.6,12.880195,46170.918,0.0,11.592895,351.74756,43264.637,14.875,25.56,4.710417,25.67,56.080734,82.31297,10.365527,1014.12915,1015.7,1011.4,1003.24713,1004.6538,1000.93524,0.041666668,1.0,0.0,9.0613575,15.691105,4.870573
1560,2024-04-09 00:00:00+00:00,0.0,26.45,7.1,14.278338,46295.47,0.0,21.638964,290.8977,43785.87,16.777084,37.44,5.405759,26.09,44.736927,69.77403,14.57438,1017.14575,1018.7,1016.1,1006.3025,1008.0479,1005.0185,0.0,0.0,0.0,9.458905,13.091293,4.0324173
1561,2024-04-10 00:00:00+00:00,0.0,28.8,12.3,17.066437,46419.74,0.0,16.075521,140.34717,43748.316,19.24375,30.960001,5.770565,25.89,39.2702,71.85004,20.710054,1016.69586,1018.6,1014.3,1005.94977,1007.90375,1003.6508,0.0,0.0,0.0,11.089137,15.516447,6.947338
1562,2024-04-11 00:00:00+00:00,0.0,29.0,13.75,18.422134,46543.63,0.0,20.87379,200.18588,43711.04,19.364584,37.44,5.218067,25.77,54.854572,87.45627,25.702105,1012.05835,1015.4,1008.6,1001.3663,1004.49805,997.9533,0.375,2.0,0.0,13.232719,17.53609,9.81477
1563,2024-04-12 00:00:00+00:00,3.0,20.9,11.75,13.799291,46667.062,0.0,21.068459,152.20541,34187.27,15.254165,39.239998,3.6604629,20.65,75.131134,100.0,49.2067,1012.6167,1016.4,1009.8,1001.77,1005.44403,998.858,64.916664,100.0,0.0,12.277598,14.363638,10.737147
1564,2024-04-13 00:00:00+00:00,61.0,18.15,10.0,11.043813,46789.945,6.2000003,29.601109,147.54533,7424.859,13.874999,47.519997,2.263098,8.4,71.23933,88.75521,45.394894,1017.09576,1018.7,1016.0,1006.1496,1007.5879,1005.1423,78.666664,100.0,0.0,10.630283,12.581799,8.19786
1565,2024-04-14 00:00:00+00:00,61.0,14.1,7.45,9.740255,46912.188,4.5999994,19.376562,190.49138,8707.562,11.302086,33.48,1.5082603,9.14,80.07805,89.376785,70.90495,1019.7666,1021.4,1018.7,1008.6931,1010.34796,1007.6309,52.916668,100.0,0.0,9.172599,11.28327,5.999302
1566,2024-04-15 00:00:00+00:00,3.0,19.4,6.45,11.831295,47033.707,0.0,15.716793,229.89905,41197.68,12.797917,28.08,3.718481,23.59,77.64621,97.62062,49.465057,1018.56256,1020.8,1015.9,1007.5578,1009.8776,1005.09546,30.416666,99.0,0.0,10.16986,13.113106,6.10441
1567,2024-04-16 00:00:00+00:00,0.0,25.6,10.45,16.42523,47154.395,0.0,19.483284,220.26654,44659.133,17.11875,36.0,4.823764,26.65,62.07272,87.75803,37.089474,1016.33746,1018.1,1014.3,1005.51825,1007.21985,1003.66675,0.25,5.0,0.0,12.372977,17.287663,8.651516
1568,2024-04-17 00:00:00+00:00,3.0,25.9,10.95,16.671711,47274.17,0.0,16.199999,173.04247,44908.57,17.277082,29.519999,4.853833,26.24,67.57452,94.51538,34.25403,1015.59576,1016.6,1014.0,1004.79034,1005.8432,1003.4308,52.416668,100.0,0.0,13.029796,16.09859,9.74856
1569,2024-04-18 00:00:00+00:00,3.0,22.8,11.7,15.467853,47392.934,0.0,14.512064,189.05777,32400.0,16.047915,30.599998,3.8349788,21.3,75.71404,100.0,40.41807,1014.8125,1015.8,1013.7,1003.97095,1004.85236,1002.9957,58.833332,100.0,0.0,12.982257,15.647648,11.6514015
1570,2024-04-19 00:00:00+00:00,3.0,21.8,11.6,14.956258,47510.586,0.0,17.581125,202.33429,35958.535,15.402085,33.12,4.066605,24.0,76.675735,100.0,47.934216,1014.6584,1015.5,1013.0,1003.7946,1004.612,1002.3228,48.0,100.0,0.0,12.549832,15.098999,11.405067
1571,2024-04-20 00:00:00+00:00,3.0,23.2,10.6,15.328602,47627.023,0.0,16.992609,210.28023,34422.367,15.702083,30.960001,4.084281,23.21,75.299706,99.337135,44.519154,1015.87085,1017.5,1013.8,1005.0048,1006.5757,1003.1813,38.416668,100.0,0.0,12.639836,15.787256,10.405267
1572,2024-04-21 00:00:00+00:00,3.0,25.7,11.4,16.718927,47742.152,0.0,19.64228,224.1353,39347.37,16.812502,36.0,4.5899982,25.33,77.38101,100.0,41.64442,1014.375,1016.7,1012.0,1003.5652,1005.7389,1001.31555,35.416668,100.0,0.0,13.832067,17.2408,11.244316
1573,2024-04-22 00:00:00+00:00,3.0,24.15,12.05,16.552458,47856.26,0.0,18.668005,208.3483,36539.45,16.643751,33.839996,4.0985837,23.07,77.77665,100.0,47.792416,1012.25415,1013.8,1010.5,1001.462,1002.91516,999.9531,67.166664,100.0,2.0,13.833686,16.960796,11.968498
1574,2024-04-23 00:00:00+00:00,51.0,20.05,13.3,15.08472,47970.082,0.2,16.363178,181.78987,24882.389,16.283335,30.239998,3.1268382,16.64,70.41324,82.3208,55.79012,1015.5666,1017.2,1013.9,1004.72736,1006.25244,1003.01794,74.208336,100.0,2.0,12.796589,14.607466,11.309597
1575,2024-04-24 00:00:00+00:00,3.0,21.7,10.6,14.292939,48083.56,0.0,18.043148,194.92026,45918.19,15.524999,34.56,4.045908,23.4,69.308975,95.114746,40.28055,1017.4084,1018.3,1015.8,1006.51996,1007.40094,1005.0644,48.416668,100.0,4.0,11.820129,14.051487,9.916035
1576,2024-04-25 00:00:00+00:00,51.0,19.7,13.0,14.243505,48196.613,0.8000001,17.84816,215.02975,39374.14,15.537498,32.399998,3.3719935,18.98,67.478294,80.91749,49.713795,1017.3791,1018.8,1016.0,1006.4924,1007.9719,1005.22754,92.5,100.0,43.0,11.755611,13.6075535,10.431745
1577,2024-04-26 00:00:00+00:00,3.0,23.15,12.15,14.717267,48309.152,0.0,26.649727,217.3313,43766.043,16.366667,46.44,4.0174985,21.33,67.7511,87.102745,37.993744,1012.87494,1016.4,1008.3,1002.0661,1005.421,997.78674,44.583332,100.0,2.0,12.420181,14.811462,10.3253765
1578,2024-04-27 00:00:00+00:00,0.0,23.8,10.2,14.797478,48421.082,0.0,24.195107,192.308,46651.582,16.2875,43.199997,4.9423695,27.39,63.132263,92.68561,34.476364,1014.32086,1016.1,1012.1,1003.49316,1005.2055,1001.15985,4.4166665,17.0,0.0,11.693179,15.033735,8.737288
1579,2024-04-28 00:00:00+00:00,0.0,24.45,10.7,15.826,48532.312,0.0,21.178896,212.90524,46694.484,17.1,38.519997,5.096445,27.27,57.182953,73.33799,38.10636,1015.12494,1016.9,1013.0,1004.31854,1005.9857,1002.305,0.125,2.0,0.0,11.816547,15.794159,7.663868
1580,2024-04-29 00:00:00+00:00,0.0,25.45,12.4,17.79342,48642.758,0.0,21.578989,218.36235,47025.625,18.562502,38.88,5.310338,27.73,59.530903,88.54011,31.78219,1012.25,1014.5,1009.5,1001.528,1003.6379,998.9403,0.125,1.0,0.0,13.302476,16.367794,10.697258
1581,2024-04-30 00:00:00+00:00,3.0,26.05,12.3,17.287825,48752.312,0.0,20.674156,185.80054,41846.574,17.785421,37.8,5.0091343,26.7,69.07171,92.078415,38.17541,1010.7083,1012.3,1009.0,999.97406,1001.4909,998.4723,15.666667,100.0,0.0,13.776113,17.421442,11.373394
1582,2024-05-01 00:00:00+00:00,3.0,23.15,14.25,16.873865,48860.887,0.0,23.03156,205.52577,39275.547,17.322912,41.039997,4.463486,25.85,71.403984,94.94162,47.562065,1010.6416,1011.7,1008.8,999.8926,1000.89923,998.1835,38.916668,100.0,0.0,13.797874,16.18244,12.841167
1583,2024-05-02 00:00:00+00:00,3.0,24.9,12.5,17.132883,48968.383,0.0,18.678415,207.34981,36725.363,17.166666,35.28,4.3775816,24.24,74.95614,94.01415,45.994896,1011.6169,1013.7,1009.8,1000.85065,1002.8483,999.2426,28.666666,100.0,0.0,13.9985695,17.362349,10.527743
1584,2024-05-03 00:00:00+00:00,3.0,23.2,12.15,16.61041,49074.7,0.0,18.075441,187.99738,33351.605,16.956251,34.56,4.100061,22.95,75.62586,97.0783,48.327568,1011.36676,1012.8,1010.0,1000.5959,1002.0265,999.40125,34.416668,100.0,0.0,13.901653,16.400417,11.7903595
1585,2024-05-04 00:00:00+00:00,51.0,22.1,13.4,15.479247,49179.73,0.3,21.203358,217.47247,16170.874,16.210417,37.44,2.9941664,15.84,75.875084,96.789406,51.02813,1012.2876,1013.0,1011.7,1001.48004,1002.1763,1000.80975,92.041664,100.0,2.0,13.321091,15.651241,11.655136
1586,2024-05-05 00:00:00+00:00,53.0,22.15,12.35,13.530621,49283.375,1.3000001,34.349354,302.29233,48138.562,16.554167,55.079998,5.814476,26.96,50.95932,89.43585,11.833096,1012.41675,1015.6,1010.9,1001.62054,1004.67535,999.9958,35.541668,100.0,0.0,10.326619,12.89856,7.016635
1587,2024-05-06 00:00:00+00:00,1.0,22.3,8.75,13.295597,49385.527,0.0,21.67487,207.29948,48175.777,15.366668,39.6,5.163859,28.6,56.646404,87.95212,31.837708,1015.4749,1017.4,1013.6,1004.6001,1006.3757,1002.9852,7.0833335,28.0,0.0,10.106511,13.177465,6.5139723
1588,2024-05-07 00:00:00+00:00,1.0,24.05,10.7,15.565522,49486.074,0.0,19.008545,192.16052,48211.742,17.095833,35.64,5.3504176,28.65,55.918564,84.425766,33.05833,1012.4958,1014.6,1010.5,1001.71747,1003.6634,999.8021,3.3333333,38.0,0.0,11.640645,15.173149,7.592846
1589,2024-05-08 00:00:00+00:00,3.0,25.05,11.8,16.77154,49584.914,0.0,20.592503,211.15053,38262.98,17.28125,37.8,4.9155045,26.54,69.39563,92.15836,38.491844,1010.53345,1012.2,1008.3,999.78253,1001.3381,997.7796,17.833334,100.0,0.0,13.378274,16.33053,9.136899
1590,2024-05-09 00:00:00+00:00,3.0,26.0,12.4,16.887617,49681.938,0.0,21.470612,209.68509,37694.246,17.268751,38.16,4.648931,24.62,71.069,92.40439,39.188255,1013.0791,1015.4,1011.3,1002.3006,1004.49066,1000.8255,21.75,100.0,0.0,13.544414,17.055307,11.24882
1591,2024-05-10 00:00:00+00:00,3.0,23.9,11.3,15.726551,49777.02,0.0,22.782625,240.75125,48253.734,16.218748,41.039997,4.718109,27.23,74.844734,94.824554,45.776096,1014.02924,1015.2,1012.8,1003.20197,1004.29474,1002.1031,27.375,100.0,0.0,13.056905,16.47583,10.702787
1592,2024-05-11 00:00:00+00:00,3.0,23.35,11.0,15.82811,49870.05,0.0,18.504139,217.33325,37436.39,16.108335,35.28,4.3073454,24.16,77.04774,98.68025,47.82344,1013.42084,1014.5,1011.5,1002.596,1003.5588,1000.90533,56.208332,100.0,1.0,13.200828,16.34263,10.8074255
1593,2024-05-12 00:00:00+00:00,3.0,25.25,12.5,17.15344,49961.27,0.0,19.469976,202.25475,38011.227,17.29375,36.719997,4.7628627,26.09,75.15882,97.09628,43.544163,1013.34174,1015.0,1011.1,1002.56134,1004.12305,1000.4303,36.958332,100.0,0.0,14.07288,17.38344,12.141525
1594,2024-05-13 00:00:00+00:00,3.0,23.55,12.7,16.596235,50051.316,0.0,18.328207,190.6929,38421.79,17.039583,34.2,4.442214,24.87,74.17363,96.454384,47.201023,1013.82916,1015.0,1012.4,1003.0351,1004.0475,1001.69305,65.25,100.0,1.0,13.80388,16.404913,12.273277
1595,2024-05-14 00:00:00+00:00,3.0,23.15,13.45,16.589003,50140.14,0.0,17.566378,187.14098,44120.484,17.185415,34.92,4.7018714,26.43,69.90232,87.99039,47.180134,1012.925,1014.2,1010.9,1002.14624,1003.28094,1000.31354,38.208332,100.0,1.0,13.457511,16.022207,12.021732
1596,2024-05-15 00:00:00+00:00,3.0,21.3,13.1,15.624992,50227.66,0.0,18.504139,225.14655,32086.053,16.145834,32.760002,3.5199752,19.74,73.461235,89.13261,52.8807,1012.92084,1014.2,1010.9,1002.104,1003.2561,1000.245,67.791664,100.0,1.0,12.966094,15.215565,11.8798485
1597,2024-05-16 00:00:00+00:00,3.0,22.6,12.65,15.443341,50313.785,0.0,19.406637,227.15796,33919.33,15.891667,36.0,3.932617,22.43,75.55158,92.7104,48.99756,1014.06665,1015.1,1012.5,1003.2276,1004.1426,1001.83545,62.625,100.0,3.0,12.90611,15.790966,11.456871
1598,2024-05-17 00:00:00+00:00,3.0,22.25,12.75,16.05569,50398.434,0.0,17.610588,187.08115,32770.625,16.410416,31.68,3.8535259,22.11,75.76779,90.89437,52.605328,1014.3,1015.5,1012.1,1003.4781,1004.5402,1001.45404,69.583336,100.0,3.0,13.471032,16.00474,11.724237
1599,2024-05-18 00:00:00+00:00,3.0,22.9,13.85,16.724815,50481.51,0.0,22.545315,205.74065,45957.008,17.425,41.039997,4.7492666,27.09,69.211784,84.60469,48.44701,1015.2166,1016.8,1014.4,1004.42267,1005.85675,1003.5088,42.791668,100.0,0.0,13.634831,15.9644985,12.12355
1600,2024-05-19 00:00:00+00:00,3.0,21.65,10.8,14.880844,50562.926,0.0,19.35314,197.5925,37245.08,15.71875,36.719997,4.249492,24.78,73.01115,100.0,45.597332,1016.5125,1018.0,1015.0,1005.6411,1007.059,1004.1023,28.666666,100.0,0.0,12.447326,14.489117,10.74502
1601,2024-05-20 00:00:00+00:00,51.0,21.65,12.15,14.723412,50642.6,0.8,20.390114,184.85158,34909.113,15.695831,36.719997,3.7642574,21.48,73.7289,95.487854,47.78789,1014.80414,1016.5,1013.2,1003.9505,1005.62213,1002.37604,51.041668,100.0,0.0,12.548058,14.804207,11.063193
1602,2024-05-21 00:00:00+00:00,3.0,22.6,11.35,15.178123,50720.44,0.0,22.104116,204.96893,49617.77,16.112497,39.96,4.602084,26.77,71.53377,93.25898,47.214123,1013.9541,1015.0,1012.2,1003.1242,1004.1174,1001.55493,22.25,99.0,0.0,12.636417,15.533434,10.513154
1603,2024-05-22 00:00:00+00:00,3.0,23.2,11.75,15.774231,50796.348,0.0,19.453327,196.54976,37242.867,16.233332,36.0,4.3380723,25.01,75.2148,97.39211,47.10569,1014.1582,1015.4,1012.6,1003.3309,1004.4945,1001.94,36.875,100.0,0.0,13.161507,16.019682,11.389038
1604,2024-05-23 00:00:00+00:00,51.0,22.55,13.8,15.886857,50870.23,0.2,17.917007,172.30736,32729.48,16.777082,34.2,3.9162486,21.38,70.226814,86.29523,47.398766,1013.47906,1014.8,1012.1,1002.67975,1003.9101,1001.4792,70.833336,100.0,2.0,13.173355,15.5121975,11.804916
1605,2024-05-24 00:00:00+00:00,51.0,21.55,12.95,15.673905,50941.992,0.2,19.228851,211.39021,24951.201,16.427084,33.48,3.2738798,17.22,73.24405,91.51075,53.05604,1013.12085,1014.1,1011.6,1002.31244,1003.26447,1000.93945,73.333336,100.0,8.0,13.208256,15.539621,11.615644
1606,2024-05-25 00:00:00+00:00,3.0,21.45,12.1,14.871938,51011.543,0.0,17.31746,147.82768,45791.344,16.38125,32.760002,4.3745604,24.38,67.395676,93.29727,44.47981,1014.8833,1016.3,1013.6,1004.0542,1005.4053,1002.66254,47.666668,100.0,4.0,12.437687,14.182718,10.971879
1607,2024-05-26 00:00:00+00:00,3.0,23.05,12.6,16.09639,51078.79,0.0,18.11841,179.69112,37775.633,16.877083,33.839996,4.245839,23.46,70.15569,91.79192,45.060898,1015.86255,1017.1,1014.8,1005.0412,1006.22864,1004.14557,39.166668,100.0,0.0,13.207208,15.909864,11.663631
1608,2024-05-27 00:00:00+00:00,3.0,23.85,11.7,16.590029,51143.625,0.0,18.089775,199.99522,39700.746,16.922916,35.28,4.631832,26.13,74.4221,99.670425,47.438538,1016.40826,1017.8,1015.2,1005.5821,1006.9117,1004.5647,22.0,100.0,0.0,13.69469,16.62129,11.616161
1609,2024-05-28 00:00:00+00:00,3.0,24.25,11.95,16.698582,51205.965,0.0,18.864824,193.09494,40575.156,16.916666,35.28,4.7851906,27.09,74.64773,99.6721,45.66507,1016.69165,1017.8,1015.6,1005.8621,1006.87604,1004.973,39.0,100.0,0.0,13.681759,16.71468,11.86783
1610,2024-05-29 00:00:00+00:00,3.0,24.65,12.0,16.680815,51265.7,0.0,18.075441,189.23657,39203.957,17.13125,34.92,4.6841526,25.43,72.482506,97.0783,41.862488,1016.09576,1017.8,1014.2,1005.2801,1006.80585,1003.53046,42.875,100.0,0.0,13.594868,16.691202,11.639862
1611,2024-05-30 00:00:00+00:00,2.0,26.1,11.9,18.069036,51322.742,0.0,20.240198,221.13228,50039.465,18.085417,37.079998,5.3551445,29.4,72.079445,97.39413,44.156662,1013.51666,1015.0,1011.6,1002.7632,1004.2344,1001.0592,3.7083333,55.0,0.0,14.424954,18.011774,11.573832
1612,2024-05-31 00:00:00+00:00,3.0,24.5,13.4,17.28318,51376.99,0.0,19.174856,208.293,36143.566,17.304167,34.92,4.35327,24.09,76.73326,97.11299,45.77476,1012.38745,1013.4,1010.8,1001.6184,1002.51953,1000.22516,54.208332,100.0,0.0,14.330116,17.111172,12.906015
1613,2024-06-01 00:00:00+00:00,3.0,24.1,13.35,16.887531,51428.562,0.0,18.11841,205.74554,38102.2,16.897917,34.2,4.376401,24.92,74.84362,91.24171,47.506298,1012.77936,1014.4,1011.3,1001.9913,1003.53705,1000.7288,52.875,100.0,0.0,13.772331,16.843885,12.353485
1614,2024-06-02 00:00:00+00:00,3.0,23.4,14.15,17.476562,51477.863,0.0,14.917212,175.11922,36209.797,17.845833,30.960001,4.196616,22.72,69.87084,88.34174,47.94538,1012.8,1013.5,1011.1,1002.04694,1002.68567,1000.54846,70.416664,100.0,1.0,14.087508,16.315748,12.597084
1615,2024-06-03 00:00:00+00:00,3.0,25.15,14.85,18.268345,51524.867,0.0,18.218275,194.87822,26820.893,18.243748,34.92,4.2454324,22.51,72.58173,86.99067,47.87859,1011.62494,1013.4,1009.6,1000.8987,1002.5478,999.0641,86.375,100.0,7.0,14.772873,17.854334,13.211966
1616,2024-06-04 00:00:00+00:00,3.0,26.95,13.95,19.780441,51569.527,0.0,18.075441,200.5384,43005.707,19.360415,33.12,5.235909,27.3,71.64609,94.3104,43.44326,1010.48334,1011.8,1009.2,999.8091,1001.01135,998.74725,54.083332,100.0,1.0,15.587033,18.613214,13.285276
1617,2024-06-05 00:00:00+00:00,3.0,27.65,14.0,20.052567,51611.793,0.0,19.35314,210.35068,41238.777,19.389584,36.0,5.085449,26.74,75.59754,97.43602,44.14453,1011.37915,1012.2,1010.3,1000.6965,1001.5386,999.748,40.375,100.0,0.0,16.1101,19.278652,13.681803
1618,2024-06-06 00:00:00+00:00,3.0,26.0,15.1,20.36934,51651.637,0.0,18.089775,220.48389,39468.06,19.506248,35.64,4.894182,26.35,77.43786,98.72157,51.879734,1011.29175,1012.3,1009.6,1000.61456,1001.5596,999.0679,47.875,100.0,0.0,16.5178,19.155403,14.88913
1619,2024-06-07 00:00:00+00:00,3.0,26.6,14.95,19.771006,51689.01,0.0,16.80857,193.5098,32748.504,19.25,32.760002,4.475033,23.3,76.00065,96.82728,47.25482,1011.94165,1013.2,1011.1,1001.2486,1002.44434,1000.51825,53.041668,100.0,1.0,16.097721,18.92468,14.558956
1620,2024-06-08 00:00:00+00:00,3.0,25.1,16.1,19.300508,51723.875,0.0,16.641972,194.14761,34005.33,19.222918,33.12,4.41411,23.25,72.24706,85.96127,49.037067,1013.0042,1014.0,1011.8,1002.29956,1003.18036,1001.1896,64.666664,100.0,0.0,15.680965,17.933867,14.427643
1621,2024-06-09 00:00:00+00:00,51.0,24.25,15.35,19.121857,51756.18,0.1,17.072504,207.98259,36592.543,19.004166,33.48,4.580077,24.63,69.6755,85.0472,49.264572,1013.7459,1014.6,1012.9,1003.0256,1003.84235,1002.25665,64.583336,100.0,0.0,15.158923,17.270021,13.631203
1622,2024-06-10 00:00:00+00:00,3.0,26.15,13.0,18.69024,51785.906,0.0,22.065973,224.82309,43218.656,18.285418,40.32,4.9927526,27.23,76.09098,99.67376,45.870712,1013.0459,1015.0,1011.1,1002.30524,1004.1883,1000.48627,33.583332,100.0,0.0,15.141641,18.324764,12.924845
1623,2024-06-11 00:00:00+00:00,3.0,25.25,13.5,18.572119,51812.99,0.0,17.884428,205.43304,36638.46,18.072916,34.92,4.6270475,25.46,78.36494,98.7072,50.69339,1012.39575,1013.5,1011.2,1001.6548,1002.65424,1000.5582,46.5,100.0,0.0,15.262282,18.321095,13.32103
1624,2024-06-12 00:00:00+00:00,3.0,27.2,14.6,19.646765,51837.414,0.0,17.713316,202.12915,43200.0,19.470835,32.399998,5.228346,26.57,70.57751,91.91389,40.70885,1013.925,1015.6,1012.3,1003.2183,1004.8428,1001.7413,33.625,100.0,0.0,15.548299,18.299986,13.64715
1625,2024-06-13 00:00:00+00:00,3.0,25.65,13.55,18.743368,51859.13,0.0,19.586119,219.73851,40280.348,18.535416,38.519997,5.193062,27.7,74.931526,99.67642,42.602524,1014.45404,1015.6,1013.6,1003.70776,1004.7557,1002.76984,36.875,100.0,0.0,15.176559,17.572796,13.442659
1626,2024-06-14 00:00:00+00:00,3.0,27.95,13.7,20.126669,51878.1,0.0,16.548256,180.95218,46048.023,19.979166,34.2,5.6069083,28.27,67.90279,92.222626,40.158596,1013.0833,1015.4,1010.4,1002.4029,1004.53735,999.9138,27.166666,88.0,0.0,15.596275,19.145765,12.701744
1627,2024-06-15 00:00:00+00:00,3.0,29.4,14.4,21.158377,51894.297,0.0,17.429354,178.49617,50400.0,21.252083,34.56,6.193897,29.37,61.93477,96.50429,30.087484,1009.01666,1011.1,1006.7,998.4248,1000.35565,996.3729,13.833333,98.0,0.0,15.83409,18.763603,13.907768
1628,2024-06-16 00:00:00+00:00,3.0,29.0,15.1,21.552666,51907.68,0.0,19.373219,186.94753,50400.0,21.345835,36.36,6.068499,29.38,65.53002,95.58821,33.468212,1006.73755,1008.0,1005.2,996.17365,997.374,994.8509,7.25,81.0,0.0,16.496037,18.990496,14.57399
1629,2024-06-17 00:00:00+00:00,3.0,25.75,14.95,19.644646,51918.22,0.0,20.364674,182.94775,39779.098,19.727081,38.519997,5.234027,27.03,70.266945,94.04791,45.22184,1006.29584,1007.7,1004.7,995.6795,997.00085,994.2817,33.083332,100.0,0.0,15.813404,17.939722,14.250519
1630,2024-06-18 00:00:00+00:00,3.0,27.5,14.7,20.443663,51925.88,0.0,20.696087,199.22112,43200.0,20.154167,39.239998,5.4369297,27.55,69.29815,89.845215,40.53394,1007.45844,1009.4,1006.2,996.8448,998.7047,995.4305,19.041666,100.0,0.0,16.035494,18.924122,13.52099
1631,2024-06-19 00:00:00+00:00,3.0,27.55,15.9,20.771975,51930.63,0.0,22.401142,201.1413,48382.6,20.458332,41.039997,5.4677057,28.14,69.04447,88.20348,42.70995,1009.74164,1011.0,1008.9,999.1154,1000.3352,998.1625,28.833334,100.0,0.0,16.324873,18.943365,14.526056
1632,2024-06-20 00:00:00+00:00,3.0,28.1,14.95,20.723791,51932.438,0.0,22.828087,208.73969,50095.36,20.564585,40.32,5.8546095,29.13,67.20061,95.2744,38.629063,1008.6916,1010.1,1007.0,998.07965,999.36816,996.52466,5.7083335,94.0,0.0,16.063688,19.276722,14.360147
1633,2024-06-21 00:00:00+00:00,1.0,29.5,14.5,21.505707,51931.27,0.0,20.746122,207.48291,50400.0,21.360415,38.16,6.2513127,29.85,63.17444,93.734055,34.281017,1007.2957,1008.4,1005.7,996.726,997.7751,995.3492,4.125,43.0,0.0,16.117369,19.632254,13.531082
1634,2024-06-22 00:00:00+00:00,3.0,32.3,15.35,23.5543,51927.125,0.0,19.881649,212.26096,50400.0,22.764582,37.44,6.390994,29.38,65.470985,99.36022,32.8211,1009.4541,1011.6,1008.5,998.91095,1000.9684,997.7888,10.541667,100.0,0.0,17.604538,20.923878,15.08963
1635,2024-06-23 00:00:00+00:00,3.0,32.1,18.15,24.565382,51920.016,0.0,21.178896,213.13069,50400.0,24.5625,39.239998,5.867621,23.27,54.5838,86.44161,27.48893,1011.1333,1012.7,1009.5,1000.6374,1002.10156,999.19525,30.666666,87.0,1.0,17.783213,20.237167,16.223404
1636,2024-06-24 00:00:00+00:00,2.0,33.4,19.95,24.263853,51910.0,0.0,25.862436,198.51071,50400.0,24.754168,45.719997,6.7874146,27.99,48.07046,71.0736,24.987906,1012.0291,1013.3,1010.1,1001.531,1002.6651,999.68304,17.208334,72.0,0.0,17.00926,19.64661,15.488903
1637,2024-06-25 00:00:00+00:00,0.0,29.45,18.45,23.377893,51897.1,0.0,19.174856,199.66113,50400.0,23.010416,36.719997,6.101259,28.44,59.268005,80.58931,34.23765,1012.9333,1014.6,1012.1,1002.3648,1003.88086,1001.5903,2.0833333,10.0,0.0,17.299204,19.412752,15.329166
1638,2024-06-26 00:00:00+00:00,1.0,29.85,17.3,23.217634,51881.367,0.0,18.440998,185.65318,50400.0,22.604166,34.56,6.0242224,28.38,63.645786,86.91605,37.329765,1013.4583,1014.8,1011.1,1002.8694,1004.1581,1000.7227,4.0,37.0,0.0,17.477333,20.10423,15.747919
1639,2024-06-27 00:00:00+00:00,3.0,30.25,16.9,22.73717,51862.84,0.0,19.602652,179.50821,43271.836,22.106249,36.36,5.675007,26.67,67.02975,91.47565,39.956573,1010.37085,1012.9,1007.7,999.7961,1002.19507,997.33575,22.125,100.0,0.0,17.507368,20.77562,15.062927
1640,2024-06-28 00:00:00+00:00,3.0,29.5,16.6,22.961107,51841.56,0.0,16.746773,185.15381,43864.92,22.066666,33.12,5.76371,27.68,68.80222,95.94393,42.25869,1009.2207,1010.5,1008.1,998.65704,999.8907,997.6812,16.208334,100.0,0.0,17.703842,20.552431,15.720976
1641,2024-06-29 00:00:00+00:00,3.0,29.45,15.6,22.011444,51817.562,0.0,18.668005,211.49539,50202.156,21.383333,35.28,6.0108724,29.28,68.35393,98.09509,35.96189,1011.4998,1012.7,1010.5,1000.88745,1002.0027,999.8276,12.041667,97.0,0.0,16.869637,19.66226,15.1614895
1642,2024-06-30 00:00:00+00:00,3.0,32.25,14.85,23.087744,51790.9,0.0,19.881649,204.78308,50400.0,22.495832,37.079998,6.5840816,29.71,66.33774,100.0,27.243397,1012.0291,1013.2,1010.2,1001.44867,1002.4454,999.9067,24.041666,100.0,0.0,17.244585,20.361197,14.823727
1643,2024-07-01 00:00:00+00:00,3.0,31.65,16.15,23.327097,51761.61,0.0,18.289274,189.60847,47307.875,22.629166,34.92,6.302435,29.17,65.88236,97.48556,33.207848,1010.9834,1012.8,1008.4,1000.41974,1002.17035,998.10156,9.833333,99.0,0.0,17.592556,20.632067,15.625572
1644,2024-07-02 00:00:00+00:00,3.0,31.05,15.8,22.763876,51729.75,0.0,20.808498,207.68614,39600.0,21.785416,38.519997,5.8297834,27.42,71.43812,100.0,37.838135,1009.7876,1011.6,1007.5,999.2067,1000.88855,997.14777,33.208332,100.0,0.0,17.614824,20.988298,15.780457
1645,2024-07-03 00:00:00+00:00,3.0,30.0,15.7,22.456778,51695.35,0.0,20.592503,221.35057,48067.32,21.579168,38.519997,5.872061,28.4,71.8371,100.0,38.000416,1010.91254,1013.7,1009.6,1000.3129,1002.93524,998.83484,21.541666,100.0,1.0,17.531338,20.208735,15.56962
1646,2024-07-04 00:00:00+00:00,3.0,29.25,15.7,22.786135,51658.465,0.0,18.391737,210.45923,49535.977,21.71875,35.28,5.796762,28.44,70.542435,98.41278,43.315388,1013.3208,1014.4,1011.4,1002.7011,1003.82404,1000.9421,28.958334,100.0,0.0,17.575975,20.584717,15.496798
1647,2024-07-05 00:00:00+00:00,1.0,34.7,16.65,25.516006,51619.14,0.0,17.373497,190.98059,50316.547,24.302078,34.56,6.433239,28.23,62.411602,92.92566,32.844707,1009.5542,1013.0,1006.5,999.06323,1002.2813,996.2225,7.2083335,33.0,0.0,18.572906,22.624165,15.518837
1648,2024-07-06 00:00:00+00:00,3.0,32.35,17.95,25.635612,51577.426,0.0,18.59845,169.292,36652.895,23.86875,34.92,5.654713,25.67,71.26433,99.68597,40.947556,1009.8916,1011.6,1008.4,999.3841,1000.99506,997.72815,31.25,100.0,0.0,19.644747,22.574127,17.879322
1649,2024-07-07 00:00:00+00:00,3.0,31.25,18.2,24.85689,51533.367,0.0,15.683774,188.06314,42664.797,23.225,32.760002,5.79369,27.54,70.38769,95.69016,38.006718,1012.0376,1013.8,1010.4,1001.48517,1003.13617,1000.0008,20.583334,100.0,0.0,18.950956,21.139856,17.278973
1650,2024-07-08 00:00:00+00:00,3.0,29.2,16.6,23.232904,51487.008,0.0,19.008545,204.97858,43200.0,21.854166,36.719997,5.661681,27.99,72.59904,97.49033,44.682335,1009.8584,1011.3,1008.0,999.2801,1000.59174,997.5753,28.083334,100.0,0.0,18.015749,20.933784,16.255787
1651,2024-07-09 00:00:00+00:00,3.0,33.25,15.7,24.046553,51438.402,0.0,19.35314,205.15596,45369.797,22.685417,36.0,6.0896215,28.26,69.98126,99.36196,33.522396,1009.29584,1010.3,1008.1,998.7514,999.6441,997.8214,15.666667,100.0,0.0,18.213728,22.162626,15.606209
1652,2024-07-10 00:00:00+00:00,0.0,35.2,16.75,25.691153,51387.605,0.0,17.654688,197.17192,50400.0,24.206251,33.48,6.4777656,28.91,66.35127,99.6831,31.140245,1010.0208,1011.1,1009.1,999.52216,1000.8531,998.3841,1.0,6.0,0.0,19.03187,22.75912,16.563969
1653,2024-07-11 00:00:00+00:00,3.0,32.2,16.3,23.83622,51334.42,0.0,20.696087,192.25504,43200.0,22.462502,38.88,5.73583,27.46,72.51101,100.0,41.82062,1010.9876,1012.9,1008.9,1000.4185,1002.2655,998.4538,22.041666,100.0,0.0,18.527525,22.608715,16.283995
1654,2024-07-12 00:00:00+00:00,3.0,30.65,16.05,22.59078,51278.45,0.0,25.264202,209.29402,39600.0,21.556252,45.0,4.9329767,23.54,72.9342,99.68141,39.966286,1011.23755,1013.1,1009.4,1000.6343,1002.41113,999.06323,50.916668,100.0,0.0,17.784578,20.97098,15.995266
1655,2024-07-13 00:00:00+00:00,3.0,30.9,17.0,23.553965,51219.773,0.0,21.382906,214.76831,50400.0,22.610415,38.88,5.7327247,27.33,67.94441,98.4273,38.897343,1013.3125,1015.1,1011.1,1002.7254,1004.4137,1000.4086,19.333334,97.0,0.0,18.086792,20.959726,16.508598
1656,2024-07-14 00:00:00+00:00,1.0,29.65,17.75,23.755636,51158.48,0.0,19.228851,217.79562,50400.0,22.602081,37.44,5.520213,26.69,69.449,94.7706,44.831345,1016.24585,1018.1,1015.0,1005.6279,1007.371,1004.47675,6.7083335,29.0,0.0,18.360575,21.124155,16.752686
1657,2024-07-15 00:00:00+00:00,1.0,29.35,17.15,23.148737,51094.69,0.0,22.183128,211.7955,50400.0,22.137499,39.96,5.6765685,27.74,70.11822,94.74707,42.64001,1015.30817,1017.9,1012.6,1004.68353,1007.1441,1002.16425,5.1666665,30.0,0.0,17.973095,20.676744,16.484684
1658,2024-07-16 00:00:00+00:00,2.0,28.95,16.55,23.064445,51028.49,0.0,16.704155,187.85712,47805.43,22.166666,33.12,5.683562,27.54,67.69648,92.92038,42.79174,1014.47925,1016.3,1012.3,1003.86395,1005.62256,1001.84314,9.0,76.0,0.0,17.67065,20.29826,15.710276
1659,2024-07-17 00:00:00+00:00,3.0,30.7,17.4,23.428612,50959.973,0.0,19.8,187.25793,42218.89,22.554167,35.64,5.3813624,24.79,67.84632,88.91924,39.47071,1013.69995,1015.6,1011.2,1003.1065,1004.8629,1000.7649,18.958334,94.0,0.0,18.034826,21.203398,15.789238
1660,2024-07-18 00:00:00+00:00,3.0,31.45,18.2,24.7152,50889.25,0.0,19.107151,199.03731,43119.254,23.22917,36.36,5.728835,26.91,70.25441,95.08798,42.007294,1013.9041,1015.1,1012.6,1003.3325,1004.4007,1002.152,24.083334,100.0,0.0,18.964537,22.214897,16.98169
1661,2024-07-19 00:00:00+00:00,3.0,33.9,16.9,25.029037,50816.418,0.0,20.746122,207.4701,43086.645,23.547918,37.8,6.0462356,27.32,69.53942,99.367805,32.49834,1013.76245,1015.6,1011.4,1003.2022,1004.8097,1001.09796,15.916667,100.0,0.0,18.922825,22.42807,16.813795
1662,2024-07-20 00:00:00+00:00,1.0,35.85,16.9,25.889849,50741.56,0.0,20.746122,210.47614,50204.598,25.008333,38.16,6.7734814,28.18,61.3033,99.05305,25.392122,1012.2542,1013.9,1010.2,1001.7597,1003.3089,999.9241,3.75,30.0,0.0,18.73347,21.640688,16.77675
1663,2024-07-21 00:00:00+00:00,1.0,34.0,18.4,25.815369,50664.777,0.0,20.466246,204.07748,50128.516,24.854164,38.16,6.4205275,27.7,60.20988,92.13838,28.878595,1011.2375,1012.3,1009.8,1000.75024,1001.6557,999.448,4.6666665,38.0,0.0,18.814112,21.10575,17.180075
1664,2024-07-22 00:00:00+00:00,1.0,32.05,18.4,25.328445,50586.17,0.0,20.746122,210.72803,50050.61,24.287497,38.519997,6.185491,27.45,62.235363,92.72323,33.637127,1010.5334,1012.1,1008.3,1000.03375,1001.45935,997.93085,5.5,24.0,0.0,18.706543,21.633331,17.154758
1665,2024-07-23 00:00:00+00:00,0.0,32.65,18.95,25.822294,50505.832,0.0,20.466246,212.23079,49970.977,24.537498,37.8,6.134299,27.28,62.685425,85.97073,34.438404,1012.1335,1014.5,1011.1,1001.62616,1003.8468,1000.42126,2.7083333,19.0,0.0,19.037018,21.8517,17.163597
1666,2024-07-24 00:00:00+00:00,0.0,33.05,19.5,26.048738,50423.855,0.0,20.421871,203.14035,49889.7,25.002083,38.519997,6.278739,27.19,59.973156,87.94991,32.242577,1015.45,1017.1,1014.2,1004.9246,1006.53723,1003.74786,0.45833334,3.0,0.0,19.011269,22.043268,17.217121
1667,2024-07-25 00:00:00+00:00,0.0,35.8,19.55,26.675924,50340.324,0.0,22.159746,197.20381,49806.88,25.727083,40.32,6.5944476,27.46,57.137737,85.21726,28.89437,1015.0417,1017.1,1012.2,1004.54486,1006.42865,1001.7822,0.20833333,4.0,0.0,19.095383,22.793879,17.218624
1668,2024-07-26 00:00:00+00:00,0.0,34.05,18.1,25.692978,50255.33,0.0,18.043148,185.73372,49722.594,24.770834,34.92,6.362127,27.63,59.4424,88.10873,31.17548,1011.5916,1013.9,1009.1,1001.0971,1003.2478,998.8815,0.29166666,3.0,0.0,18.645262,22.043737,16.459871
1669,2024-07-27 00:00:00+00:00,3.0,30.95,16.65,23.247528,50168.965,0.0,19.107151,191.35365,42774.785,22.593752,36.0,5.9579334,27.61,65.11313,98.73673,35.0925,1010.95844,1012.5,1009.4,1000.3947,1001.83,998.9816,11.875,100.0,0.0,17.560743,20.457016,15.688885
1670,2024-07-28 00:00:00+00:00,3.0,28.9,15.15,21.597704,50081.316,0.0,17.826363,204.50592,49549.984,21.297918,34.2,5.8448806,28.46,65.65546,97.14598,34.48031,1012.5501,1013.9,1011.8,1001.92334,1003.14264,1001.2092,8.541667,100.0,0.0,16.4378,18.981434,14.800619
1671,2024-07-29 00:00:00+00:00,3.0,28.65,14.7,21.698751,49992.473,0.0,18.391737,207.79752,49461.83,21.177084,35.64,5.7415648,28.27,67.51913,100.0,38.551884,1013.92084,1015.1,1012.1,1003.2752,1004.3862,1001.58575,4.875,99.0,0.0,16.559069,19.216812,14.672663
1672,2024-07-30 00:00:00+00:00,3.0,30.15,14.6,21.802177,49902.51,0.0,19.174856,201.30698,49372.555,21.316666,36.0,5.935085,28.5,68.11119,100.0,32.34311,1013.2583,1015.0,1011.1,1002.6241,1004.18304,1000.6555,12.75,100.0,0.0,16.62581,19.276306,14.571955
1673,2024-07-31 00:00:00+00:00,2.0,30.1,15.2,21.793,49811.176,0.0,20.304129,204.7924,49281.83,21.19375,37.8,5.7374544,28.1,69.535805,98.40547,36.053104,1012.7082,1014.1,1010.7,1002.07587,1003.39325,1000.25275,8.875,56.0,0.0,16.826128,19.822918,14.994226
1674,2024-08-01 00:00:00+00:00,3.0,30.7,14.8,22.157995,49717.824,0.0,18.864824,205.56451,42419.73,21.502083,34.92,4.6790223,21.21,71.12359,100.0,37.072964,1014.7124,1017.0,1013.2,1004.07007,1006.2662,1002.41125,49.208332,100.0,0.0,17.360926,20.438944,14.773371
1675,2024-08-02 00:00:00+00:00,1.0,33.4,18.4,25.700935,49622.543,0.0,20.929594,216.01085,48980.555,24.889585,38.16,6.249178,26.5,58.3374,85.64195,31.354916,1015.56256,1017.0,1013.4,1005.03143,1006.3477,1003.064,3.125,31.0,0.0,18.600302,21.625456,16.670362
1676,2024-08-03 00:00:00+00:00,0.0,35.45,18.05,25.477125,49525.445,0.0,22.322903,207.71169,48998.14,24.879168,40.32,6.446411,27.18,57.162384,87.55274,26.299706,1012.87085,1015.1,1010.0,1002.36646,1004.4278,999.6937,0.29166666,2.0,0.0,18.260778,21.489845,16.349459
1677,2024-08-04 00:00:00+00:00,3.0,33.95,16.95,25.05517,49426.645,0.0,18.844202,200.96985,47660.85,24.345833,35.64,6.1971292,26.52,59.854034,95.95462,29.560108,1010.7542,1012.2,1008.5,1000.25287,1001.5134,998.1836,49.416668,100.0,0.0,18.193384,21.378801,16.18829
1678,2024-08-05 00:00:00+00:00,3.0,36.35,18.2,26.193956,49326.246,0.0,24.014996,208.12532,48562.508,25.349998,42.839996,6.5025773,26.99,58.121384,91.84416,25.676004,1010.81683,1012.3,1009.3,1000.3497,1001.6915,999.02277,31.791666,98.0,1.0,18.779234,22.311665,16.303862
1679,2024-08-06 00:00:00+00:00,0.0,38.25,18.1,26.501196,49224.35,0.0,24.014996,188.09435,48699.25,25.287498,42.839996,6.2583504,26.63,61.90773,95.08431,23.376684,1012.73334,1014.9,1011.1,1002.24457,1004.27167,1000.70886,2.75,16.0,0.0,19.278152,22.830753,17.506561
1680,2024-08-07 00:00:00+00:00,3.0,32.95,19.3,25.950502,49121.074,0.0,17.447933,173.75089,48475.043,24.529167,33.48,5.647374,25.37,64.70444,97.539246,29.355444,1014.5125,1016.4,1012.4,1003.9802,1005.8039,1002.1299,28.541666,98.0,0.0,19.26997,21.40927,17.70664
1681,2024-08-08 00:00:00+00:00,3.0,30.35,18.5,24.108168,49016.51,0.0,18.584509,190.4277,47518.48,23.164581,35.28,5.563434,25.91,65.62272,90.98499,36.435593,1012.6167,1014.4,1010.3,1002.0567,1003.72986,999.7816,12.833333,80.0,0.0,18.282003,20.31192,16.254997
1682,2024-08-09 00:00:00+00:00,1.0,31.6,16.75,23.503729,48910.766,0.0,20.972897,212.83496,46979.066,22.800003,38.519997,5.7518473,26.28,63.885788,90.33992,33.69255,1011.23755,1012.9,1008.7,1000.6777,1002.18774,998.4389,3.5416667,35.0,0.0,17.586264,21.008963,14.45071
1683,2024-08-10 00:00:00+00:00,1.0,34.2,17.95,25.464462,48803.938,0.0,20.898613,201.52087,47839.246,24.281248,38.16,5.9478917,26.23,62.812153,91.5288,33.414513,1011.18335,1012.4,1009.8,1000.676,1001.80316,999.4988,5.4166665,48.0,0.0,18.71324,22.50892,16.671116
1684,2024-08-11 00:00:00+00:00,2.0,34.15,19.0,27.141638,48696.12,0.0,18.947083,192.45824,47533.59,25.402082,36.36,5.925272,26.29,62.54872,92.755325,32.649033,1012.76666,1013.8,1012.0,1002.283,1003.453,1001.43964,22.875,79.0,0.0,19.798597,22.851452,17.135086
1685,2024-08-12 00:00:00+00:00,3.0,32.5,19.65,26.462982,48587.41,0.0,19.346441,206.71074,47394.07,24.916664,36.36,5.880608,26.12,64.77793,92.21591,36.009216,1012.6541,1014.0,1010.5,1002.1551,1003.37964,1000.048,7.7916665,91.0,0.0,19.672941,21.853695,18.426323
1686,2024-08-13 00:00:00+00:00,0.0,33.1,18.4,25.454956,48477.902,0.0,21.129883,199.23337,46861.656,24.177084,38.519997,5.9575195,26.47,65.63816,94.79594,30.173935,1012.62915,1013.6,1011.4,1002.1035,1003.1263,1000.9886,0.125,1.0,0.0,18.960615,21.43304,17.720772
1687,2024-08-14 00:00:00+00:00,0.0,32.75,17.75,25.373459,48367.688,0.0,20.26899,201.39432,47193.215,24.149996,37.079998,5.943004,26.7,64.60182,94.17146,31.517084,1013.5,1015.1,1012.2,1002.9646,1004.4978,1001.89984,0.16666667,1.0,0.0,18.8487,22.170698,16.851372
1688,2024-08-15 00:00:00+00:00,0.0,33.55,18.4,26.068954,48256.86,0.0,23.090569,208.05537,46664.215,25.197916,41.039997,6.269197,26.65,58.435146,91.57531,27.648748,1011.8792,1013.7,1009.6,1001.39703,1003.0463,999.2485,0.125,2.0,0.0,18.767157,21.071037,17.346085
1689,2024-08-16 00:00:00+00:00,3.0,34.1,17.95,25.855375,48145.5,0.0,21.533897,200.02126,40226.785,24.318748,38.519997,5.8246536,25.63,68.33174,99.37762,32.010323,1011.29175,1013.0,1009.8,1000.785,1002.2921,999.41376,21.5,100.0,0.0,19.4918,22.24707,17.428532
1690,2024-08-17 00:00:00+00:00,3.0,29.85,19.1,24.527678,48033.703,0.0,18.171976,199.7541,37023.8,23.133333,34.92,5.1989555,24.33,71.07029,98.45222,39.30712,1012.4583,1013.8,1011.5,1001.89923,1003.24347,1001.1014,29.958334,100.0,0.0,19.018293,20.706175,17.960613
1691,2024-08-18 00:00:00+00:00,3.0,30.45,16.85,23.706133,47921.555,0.0,22.180206,223.41516,43969.78,22.402084,40.32,5.3942075,25.62,72.65487,100.0,37.546154,1012.9875,1014.0,1011.6,1002.39594,1003.32465,1001.221,28.25,100.0,0.0,18.414745,20.422459,16.837893
1692,2024-08-19 00:00:00+00:00,3.0,33.75,16.9,25.181396,47809.133,0.0,19.914215,212.9387,45140.582,24.254166,36.36,6.1772294,26.45,62.36408,98.426704,25.164745,1013.4084,1014.7,1011.9,1002.8762,1004.2297,1001.56586,8.375,91.0,0.0,18.263367,20.694845,16.505667
1693,2024-08-20 00:00:00+00:00,0.0,37.25,18.3,26.423676,47696.145,0.0,20.188908,202.7554,45475.12,26.372917,37.079998,6.760843,26.72,48.99823,78.51768,15.687062,1012.675,1014.0,1010.6,1002.2239,1003.4554,1000.459,0.0,0.0,0.0,17.798513,19.705362,15.616949
1694,2024-08-21 00:00:00+00:00,0.0,35.6,17.55,25.669191,47581.89,0.0,23.051247,193.49062,44673.688,24.787498,40.68,6.1366997,26.02,60.41322,94.76281,22.577553,1012.89575,1014.8,1010.9,1002.38824,1004.18335,1000.6699,0.16666667,2.0,0.0,18.61389,21.158438,16.324635
1695,2024-08-22 00:00:00+00:00,3.0,30.75,18.4,23.745417,47466.434,0.0,20.150354,188.58563,42527.94,22.820837,37.079998,5.4502163,25.25,69.07658,100.0,37.142303,1012.8709,1014.1,1011.2,1002.2957,1003.4529,1000.72656,18.375,100.0,0.0,18.386154,20.888025,16.18829
1696,2024-08-23 00:00:00+00:00,3.0,29.25,16.8,21.91894,47349.875,0.0,20.746122,178.80199,43363.496,21.710417,37.44,5.358301,25.17,66.2876,95.6495,37.208168,1013.69574,1015.2,1012.6,1003.0727,1004.4505,1002.1607,15.666667,94.0,0.0,16.991735,19.437935,15.490229
1697,2024-08-24 00:00:00+00:00,3.0,28.6,15.2,21.43294,47232.31,0.0,19.513195,184.5738,43701.902,21.29375,36.0,5.3360524,25.58,65.59133,99.04683,33.664734,1015.6501,1017.0,1014.3,1004.991,1006.2807,1003.7699,7.875,92.0,0.0,16.470247,19.005356,14.36335
1698,2024-08-25 00:00:00+00:00,0.0,30.1,16.5,22.511671,47113.82,0.0,24.651457,201.52267,44162.21,22.383333,43.199997,5.575987,25.43,62.08939,90.59449,32.70783,1016.32916,1017.5,1015.1,1005.7019,1006.82446,1004.6782,0.0,0.0,0.0,16.943357,19.493994,15.319796
1699,2024-08-26 00:00:00+00:00,0.0,33.05,17.1,23.95253,46994.508,0.0,23.469128,208.94379,43898.43,23.458334,40.68,5.739034,25.5,59.82642,89.23909,27.007095,1016.20844,1017.8,1014.0,1005.6199,1007.1608,1003.6374,0.0,0.0,0.0,17.416584,19.959574,15.051613
1700,2024-08-27 00:00:00+00:00,0.0,32.55,17.3,24.10566,46874.457,0.0,20.150354,202.84734,43917.004,23.168749,36.719997,5.519033,25.17,65.349785,92.95974,32.84513,1014.2917,1015.6,1012.3,1003.7133,1004.9643,1001.8343,0.29166666,2.0,0.0,18.087046,21.144335,16.029476
1701,2024-08-28 00:00:00+00:00,3.0,29.8,16.0,22.008791,46753.75,0.0,20.371038,220.64966,39985.035,21.016665,36.719997,4.915491,24.06,74.12839,100.0,38.969116,1013.9753,1015.4,1012.0,1003.32355,1004.65753,1001.4711,27.375,100.0,0.0,17.379217,20.085829,15.944929
1702,2024-08-29 00:00:00+00:00,3.0,27.75,15.15,21.151905,46632.48,0.0,20.26899,227.31612,40846.152,20.285418,37.8,4.794771,24.49,75.63375,99.680885,44.601784,1014.8625,1016.5,1013.7,1004.1758,1005.74963,1003.12134,31.0,100.0,0.0,16.940628,19.51107,15.089233
1703,2024-08-30 00:00:00+00:00,3.0,27.35,15.45,21.155243,46510.727,0.0,17.566378,216.32098,36000.0,20.04375,34.2,4.358298,22.32,78.781555,100.0,46.236977,1015.46246,1017.1,1014.4,1004.7607,1006.37616,1003.80365,45.125,100.0,0.0,17.1335,19.720657,15.391243
1704,2024-08-31 00:00:00+00:00,3.0,31.2,15.85,23.0712,46388.574,0.0,18.391737,205.59946,39600.0,21.772917,34.56,4.834966,23.0,74.35141,100.0,40.76223,1013.8416,1016.0,1011.2,1003.21796,1005.22375,1000.74414,24.833334,100.0,0.0,18.077389,21.577171,15.830811
1705,2024-09-01 00:00:00+00:00,3.0,32.3,17.25,24.63457,46266.11,0.0,17.826363,203.05661,39600.0,22.947916,34.2,5.018987,23.27,73.188324,100.0,38.91038,1011.9417,1013.4,1009.9,1001.3799,1002.73083,999.4557,15.125,100.0,0.0,19.034039,22.354086,17.166014
1706,2024-09-02 00:00:00+00:00,3.0,33.1,17.9,25.580256,46143.406,0.0,20.570463,204.16089,43200.0,23.835419,37.44,5.2576704,23.56,71.28918,100.0,37.395832,1011.71686,1013.0,1009.6,1001.18854,1002.3751,999.2139,14.583333,100.0,0.0,19.552145,22.890764,17.86164
1707,2024-09-03 00:00:00+00:00,3.0,34.15,18.2,26.162703,46020.547,0.0,22.782625,196.41365,43210.523,24.64583,41.760002,5.473294,23.68,66.51937,100.0,30.833317,1011.4168,1013.3,1009.7,1000.92,1002.67194,999.2819,11.166667,100.0,0.0,19.499975,22.82622,18.125889
1708,2024-09-04 00:00:00+00:00,0.0,40.9,19.75,29.56913,45897.61,0.0,21.407139,220.61609,43509.336,29.4,35.64,6.9160686,23.89,44.83508,85.7787,16.438581,1011.2708,1013.2,1009.0,1000.9373,1002.7296,999.0704,0.20833333,1.0,0.0,19.611639,22.90273,17.611645
1709,2024-09-05 00:00:00+00:00,3.0,42.75,24.0,32.159225,45774.67,0.0,20.60823,232.38823,43528.926,32.73125,35.64,7.4038005,23.73,29.588667,50.20012,13.800312,1010.3457,1012.2,1007.7,1000.1345,1001.82794,997.6832,4.9583335,94.0,0.0,19.454699,22.249405,17.168566
1710,2024-09-06 00:00:00+00:00,3.0,45.65,23.75,32.07619,45651.81,0.0,27.959743,183.98242,43200.0,32.8875,47.88,7.377341,22.91,28.825731,57.643856,8.576662,1009.0042,1010.7,1006.8,998.8127,1000.4789,996.7231,15.416667,96.0,0.0,19.485264,21.854263,17.021997
1711,2024-09-07 00:00:00+00:00,3.0,38.75,22.3,30.9783,45529.1,0.0,17.49615,204.12999,43200.0,29.779167,33.12,6.38814,22.9,48.877308,84.205246,19.407364,1008.0085,1010.1,1005.5,997.72235,999.5627,995.41486,6.375,85.0,0.0,20.845526,23.134754,18.738829
1712,2024-09-08 00:00:00+00:00,1.0,42.1,25.2,32.205177,45406.62,0.0,19.64228,228.73402,43200.0,32.77292,35.64,6.8528986,22.35,28.433962,48.7459,14.160279,1006.92505,1008.1,1005.5,996.7507,997.845,995.58606,10.041667,43.0,0.0,19.363623,22.292597,17.40903
1713,2024-09-09 00:00:00+00:00,0.0,42.35,26.3,32.386284,45284.07,0.0,25.277023,244.92897,43330.125,33.899998,44.28,8.441731,23.43,24.368431,44.931248,10.289102,1008.0625,1009.5,1006.1,997.9145,999.29913,996.2442,0.0,0.0,0.0,19.237574,22.311714,17.238264
1714,2024-09-10 00:00:00+00:00,0.0,33.9,19.05,26.285894,45160.723,0.0,22.26477,204.78934,43350.16,26.252085,39.239998,6.1014566,23.41,49.653393,83.287865,21.147493,1009.10834,1010.8,1007.8,998.69244,1000.53265,997.39435,0.0,0.0,0.0,18.44124,21.084919,17.017418
1715,2024-09-11 00:00:00+00:00,3.0,28.05,15.35,21.268171,45036.645,0.0,15.941944,156.06845,43200.0,20.91667,32.039997,4.736881,22.75,70.53733,100.0,37.7319,1008.0625,1010.2,1006.0,997.4697,999.6045,995.50006,27.375,100.0,0.0,16.794025,18.685612,15.327269
1716,2024-09-12 00:00:00+00:00,3.0,27.5,15.15,20.997536,44911.906,0.0,17.58481,159.17548,38833.918,20.666666,33.48,4.4652576,21.97,69.55809,96.20926,42.10288,1006.3958,1007.8,1005.1,995.812,997.12354,994.7416,17.583334,100.0,0.0,16.558771,19.022575,14.640913
1717,2024-09-13 00:00:00+00:00,3.0,28.15,16.9,22.140825,44786.598,0.0,17.826363,204.58763,32823.96,21.154167,34.56,4.074193,19.82,72.79987,92.34601,43.71396,1008.8916,1010.9,1007.3,998.29974,1000.1998,996.62695,33.833332,100.0,0.0,17.48322,19.618927,15.971146
1718,2024-09-14 00:00:00+00:00,3.0,27.55,18.05,22.143549,44660.797,0.0,19.914215,230.1079,33865.953,21.070833,36.719997,3.9969354,20.22,73.758995,90.12405,46.903664,1011.125,1012.4,1009.8,1000.50684,1001.77075,999.3044,47.458332,100.0,0.0,17.586824,19.670452,16.49056
1719,2024-09-15 00:00:00+00:00,3.0,26.15,17.3,20.788866,44534.582,0.0,19.576189,216.10422,32074.363,20.258331,35.64,3.61347,17.98,72.75131,93.55415,45.3312,1011.2542,1012.7,1009.6,1000.6058,1002.0371,999.01605,65.333336,100.0,7.0,16.713093,18.22641,15.71999
1720,2024-09-16 00:00:00+00:00,51.0,23.95,17.05,18.994308,44408.027,0.8000001,21.261345,210.29561,42035.91,19.833334,38.16,4.106397,19.38,64.31049,79.92791,37.764828,1011.06665,1012.7,1010.1,1000.4051,1001.9201,999.55005,53.375,100.0,0.0,15.249408,16.379675,14.45929
1721,2024-09-17 00:00:00+00:00,2.0,25.2,14.45,18.42655,44281.23,0.0,19.296135,163.87534,42703.668,19.05208,34.92,4.2923255,21.99,65.914215,90.44432,36.650646,1013.37494,1015.0,1011.9,1002.6599,1004.2911,1001.34546,7.75,59.0,0.0,14.6055765,16.293173,12.441418
1722,2024-09-18 00:00:00+00:00,1.0,25.95,14.9,19.56238,44154.242,0.0,18.837324,196.46008,42618.12,19.491665,36.0,3.9110103,19.94,70.71148,95.58821,40.226524,1011.00836,1012.4,1008.9,1000.3342,1001.627,998.41907,7.7083335,44.0,0.0,15.661526,17.86847,13.714806
1723,2024-09-19 00:00:00+00:00,51.0,24.05,17.1,20.104097,44027.156,0.5,20.140705,218.63474,24122.666,19.777082,33.48,2.7280133,12.61,71.30259,87.458275,48.7296,1011.28754,1012.7,1009.8,1000.6216,1001.9826,999.24634,67.666664,100.0,1.0,16.123337,17.438057,15.451584
1724,2024-09-20 00:00:00+00:00,3.0,26.3,15.9,19.84303,43900.047,0.0,22.702845,223.14322,38708.22,19.562498,40.32,3.5838892,17.79,72.43523,91.42834,43.48869,1011.55835,1012.7,1010.5,1000.88116,1001.9953,999.9425,32.5,100.0,0.0,16.004063,18.04258,14.512342
1725,2024-09-21 00:00:00+00:00,3.0,26.05,14.9,18.996603,43772.99,0.0,17.81909,162.28409,27961.902,18.822916,32.760002,3.280887,16.69,76.11165,90.79759,47.10668,1012.6543,1014.0,1011.5,1001.9383,1003.27075,1001.02,30.041666,100.0,0.0,15.751431,18.76175,13.829502
1726,2024-09-22 00:00:00+00:00,3.0,27.05,14.7,20.576345,43646.062,0.0,19.083395,221.71602,35076.97,19.693747,34.92,3.9447956,19.94,78.43663,99.35701,47.528423,1011.89996,1013.7,1009.7,1001.22266,1002.8946,999.1527,19.0,100.0,0.0,16.760315,19.42874,14.599901
1727,2024-09-23 00:00:00+00:00,3.0,30.65,15.0,21.381418,43519.34,0.0,17.673029,203.49854,34992.418,20.237501,32.399998,4.0256195,19.38,79.38371,100.0,40.09452,1009.8125,1012.2,1006.8,999.1757,1001.3697,996.2971,32.083332,100.0,0.0,17.251692,20.996353,14.793203
1728,2024-09-24 00:00:00+00:00,3.0,28.2,15.65,20.417667,43392.895,0.0,20.696087,205.90031,34755.562,19.497915,37.079998,3.6235719,18.69,82.23722,100.0,44.71865,1009.64996,1010.8,1007.6,998.9898,1000.02924,997.2502,45.708332,100.0,1.0,17.070473,19.865108,15.53315
1729,2024-09-25 00:00:00+00:00,3.0,25.35,14.9,19.571117,43266.812,0.0,17.288435,213.82361,36037.14,18.929167,32.760002,3.5397282,18.62,80.773964,99.68043,51.54499,1010.10406,1011.5,1008.2,999.4189,1000.7275,997.6239,45.583332,100.0,0.0,16.387482,18.669027,14.801161
1730,2024-09-26 00:00:00+00:00,3.0,26.15,13.75,18.724932,43141.156,0.0,17.179394,179.91156,34285.14,18.300001,32.039997,3.598369,19.11,80.4555,100.0,48.99887,1010.85004,1012.4,1009.8,1000.13354,1001.6456,999.2086,39.0,100.0,0.0,15.699803,18.82612,13.643917
1731,2024-09-27 00:00:00+00:00,3.0,26.55,13.5,18.66181,43016.023,0.0,15.697197,202.0783,34907.727,18.16875,29.519999,3.631916,19.12,80.825005,100.0,44.6805,1010.3709,1012.2,1008.2,999.65424,1001.3381,997.6878,44.625,100.0,0.0,15.576005,18.804607,13.42819
1732,2024-09-28 00:00:00+00:00,3.0,27.25,13.55,18.828287,42891.473,0.0,19.09358,218.94362,33813.062,18.458334,35.28,3.7344608,18.9,78.79157,100.0,42.21259,1010.97906,1012.3,1009.8,1000.2666,1001.43884,999.23376,42.416668,100.0,0.0,15.556212,18.607931,13.514513
1733,2024-09-29 00:00:00+00:00,3.0,26.95,14.0,19.641924,42767.195,0.0,18.102308,212.91197,37176.52,19.333334,33.48,4.0653205,19.9,74.79688,100.0,38.020058,1011.4707,1013.1,1009.2,1000.7846,1002.39667,998.69836,43.125,100.0,0.0,15.79363,18.008957,13.967703
1734,2024-09-30 00:00:00+00:00,3.0,33.6,14.15,21.606905,42642.418,0.0,19.797543,199.9755,40261.67,20.97083,34.92,4.389156,19.57,72.54636,99.677795,26.416368,1010.92914,1012.7,1009.0,1000.3055,1001.9754,998.7258,20.666666,99.0,0.0,16.729195,20.170555,13.832386
1735,2024-10-01 00:00:00+00:00,3.0,32.7,15.4,22.40848,42517.207,0.0,15.833861,198.64964,38224.953,21.383333,30.239998,4.067349,18.56,73.85331,100.0,31.062378,1012.21674,1014.5,1009.8,1001.59564,1003.74786,999.341,40.041668,100.0,0.0,17.528032,20.721874,15.368433
1736,2024-10-02 00:00:00+00:00,3.0,34.2,15.6,23.46829,42391.645,0.0,14.037692,161.42343,39864.887,22.891668,26.64,4.351618,18.48,64.97071,96.53213,29.823486,1008.925,1011.5,1005.6,998.39056,1000.78815,995.27673,16.583334,98.0,0.0,17.528957,22.079502,15.160091
1737,2024-10-03 00:00:00+00:00,0.0,34.35,17.3,24.062239,42265.816,0.0,14.275713,151.55415,39829.492,23.358332,27.359999,4.4559107,18.78,64.045235,90.90539,27.978203,1008.1125,1010.0,1006.1,997.60406,999.29456,995.9069,2.125,19.0,0.0,18.002335,21.805166,15.135044
1738,2024-10-04 00:00:00+00:00,3.0,31.65,15.95,22.57564,42139.8,0.0,16.029099,197.88608,32037.137,21.487497,29.519999,3.3101053,14.41,75.67517,100.0,36.442547,1011.9333,1013.6,1010.4,1001.31964,1002.87115,999.68506,51.583332,100.0,1.0,17.96114,21.051601,15.931517
1739,2024-10-05 00:00:00+00:00,3.0,30.0,16.3,22.232124,42013.7,0.0,14.957339,193.43744,38333.004,20.785416,28.8,3.672586,17.66,80.82958,100.0,40.823536,1013.53326,1015.1,1011.9,1002.878,1004.4171,1001.58594,50.625,100.0,0.0,17.995058,20.984217,16.250666
1740,2024-10-06 00:00:00+00:00,3.0,33.35,15.55,22.476015,41887.59,0.0,16.704155,187.12488,29641.799,21.147917,30.599998,3.6967134,16.69,78.63494,100.0,32.68576,1012.88354,1014.9,1010.4,1002.24664,1004.1411,1000.0127,42.708332,100.0,0.0,17.905754,21.54336,15.455261
1741,2024-10-07 00:00:00+00:00,3.0,33.15,15.7,23.067339,41761.555,0.0,15.580141,194.18848,36726.168,21.802084,29.16,3.8379626,16.72,75.90991,100.0,31.729395,1010.97504,1012.6,1008.7,1000.38153,1001.889,998.20013,62.208332,100.0,4.0,18.12835,21.648949,15.679745
1742,2024-10-08 00:00:00+00:00,3.0,31.4,14.65,21.377542,41635.69,0.0,15.30741,204.60312,34192.46,20.579168,28.44,3.7717624,17.14,75.59459,100.0,30.909126,1010.28754,1011.9,1008.7,999.6577,1001.12134,998.2158,43.75,100.0,0.0,16.911871,19.639841,14.622309
1743,2024-10-09 00:00:00+00:00,3.0,29.65,14.7,20.542767,41510.082,0.0,17.728857,207.30423,32400.0,19.672915,30.960001,3.6232622,17.05,79.319046,100.0,34.406544,1012.9541,1014.5,1011.6,1002.26434,1003.72864,1001.2261,42.208332,100.0,0.0,16.64341,19.49493,14.664291
1744,2024-10-10 00:00:00+00:00,3.0,29.4,14.9,20.754375,41384.816,0.0,15.530151,208.45518,32400.0,20.164581,28.44,3.6261663,16.65,73.523254,100.0,33.983852,1014.95416,1016.7,1013.6,1004.26117,1005.8253,1003.05786,58.5,100.0,0.0,16.39766,19.121233,14.837563
1745,2024-10-11 00:00:00+00:00,3.0,31.35,14.9,21.70565,41259.984,0.0,15.210799,208.43967,39293.117,21.65625,28.44,4.013549,17.29,62.37195,94.04568,20.694876,1015.8125,1017.1,1015.0,1005.1639,1006.3512,1004.42566,56.791668,100.0,1.0,16.064646,18.179878,14.200556
1746,2024-10-12 00:00:00+00:00,3.0,28.25,13.0,19.946281,41135.688,0.0,16.712881,180.51077,39579.383,19.577085,30.599998,3.5657797,17.16,74.4548,97.47308,34.669827,1016.64575,1018.5,1015.4,1005.9139,1007.6529,1004.7717,26.75,98.0,0.0,16.029339,18.705294,12.608557
1747,2024-10-13 00:00:00+00:00,3.0,26.7,13.55,18.367096,41012.0,0.0,19.313757,184.8279,32400.0,18.189583,33.839996,3.077579,15.37,78.03063,98.38692,40.56946,1015.97076,1017.7,1014.3,1005.19586,1006.82605,1003.84863,24.0,100.0,0.0,15.254571,18.200123,13.195072
1748,2024-10-14 00:00:00+00:00,3.0,25.7,14.8,19.168755,40889.027,0.0,15.035119,163.39294,32102.867,18.800001,27.72,2.9513404,14.76,77.646706,100.0,45.4893,1016.9626,1018.7,1015.5,1006.2,1007.8283,1004.96967,37.416668,100.0,0.0,15.869796,18.041403,14.295513
1749,2024-10-15 00:00:00+00:00,3.0,24.7,14.5,18.75005,40766.863,0.0,15.12964,180.20177,26824.676,18.187502,27.359999,2.5648994,13.23,81.53406,98.71715,52.72341,1016.1499,1017.7,1013.7,1005.37396,1006.81085,1003.15497,36.875,100.0,0.0,15.82389,18.155397,14.11307
1750,2024-10-16 00:00:00+00:00,3.0,23.7,15.65,18.814932,40645.6,0.0,18.089775,205.57439,25044.715,18.279165,32.039997,2.5136929,13.23,79.62243,92.88334,55.80187,1013.85004,1015.7,1011.6,1003.10223,1004.866,1000.9665,87.083336,100.0,12.0,15.733579,17.73337,14.791853
1751,2024-10-17 00:00:00+00:00,51.0,22.4,15.9,18.79658,40525.336,1.0,16.045261,171.45036,21215.701,18.383331,26.64,1.7503953,8.07,77.66828,87.47635,56.573837,1010.7874,1012.7,1008.4,1000.0765,1001.96063,997.82184,92.291664,100.0,64.0,15.640693,16.761183,14.268141
1752,2024-10-18 00:00:00+00:00,3.0,27.7,13.8,17.715025,40406.176,0.0,11.701385,85.07311,39233.6,19.445833,23.4,3.8172178,16.86,50.883595,100.0,8.397678,1012.3418,1015.8,1009.8,1001.65015,1004.8656,999.01953,17.666666,100.0,0.0,12.177532,15.507265,5.538904
1753,2024-10-19 00:00:00+00:00,2.0,27.95,10.55,15.249518,40287.77,0.0,17.595861,276.02747,39238.953,18.925001,30.599998,4.543119,16.29,23.684967,40.0758,12.364798,1016.4832,1018.1,1015.3,1005.7273,1007.3982,1004.2464,15.541667,76.0,0.0,8.662213,12.88574,3.2786098
1754,2024-10-20 00:00:00+00:00,0.0,29.7,13.85,17.684092,40169.266,0.0,20.808498,306.51566,39188.65,20.645836,36.0,4.4952207,16.01,30.789146,43.430687,14.993638,1017.82086,1019.6,1016.6,1007.1148,1008.8498,1006.0106,0.0,0.0,0.0,11.00174,14.242292,7.574477
1755,2024-10-21 00:00:00+00:00,3.0,30.6,16.6,19.661638,40050.734,0.0,20.652988,207.24504,39137.836,22.027084,34.92,4.2309046,15.24,34.221863,59.259106,15.214337,1016.76666,1018.6,1014.9,1006.1219,1007.90375,1004.3161,42.833332,100.0,0.0,12.557927,15.314295,9.544059
1756,2024-10-22 00:00:00+00:00,0.0,32.2,17.1,21.177286,39932.29,0.0,17.873556,217.85245,39086.54,23.220835,30.599998,4.104867,16.0,32.123848,54.00264,15.359582,1015.83746,1017.5,1014.0,1005.2453,1006.80426,1003.49066,0.0,0.0,0.0,13.174702,15.97485,10.718074
1757,2024-10-23 00:00:00+00:00,0.0,32.75,16.8,21.687819,39814.016,0.0,17.072504,192.34311,39034.773,23.287498,29.16,4.030912,16.03,37.54865,86.86892,14.756102,1015.3542,1017.1,1013.9,1004.7693,1006.3995,1003.46796,0.125,3.0,0.0,13.919116,16.745937,11.149831
1758,2024-10-24 00:00:00+00:00,3.0,30.1,15.05,19.547726,39696.027,0.0,17.460928,184.38998,37409.223,20.397917,29.88,3.6007476,15.7,54.994663,90.21508,24.273567,1012.97504,1014.9,1010.5,1002.3112,1004.067,1000.1459,34.458332,100.0,0.0,14.12167,17.178719,10.742831
1759,2024-10-25 00:00:00+00:00,3.0,27.2,12.1,17.996502,39578.434,0.0,15.2501545,201.88515,38894.195,18.0875,28.08,3.2031863,15.45,74.13842,99.67275,30.693214,1014.9499,1017.1,1013.2,1004.18134,1006.19293,1002.359,48.583332,100.0,0.0,14.4844885,16.907818,11.878498
1760,2024-10-26 00:00:00+00:00,3.0,30.0,13.25,19.084932,39461.332,0.0,14.178927,210.73254,38346.93,19.395834,24.84,3.1172535,13.83,66.292656,97.43799,24.274445,1016.3376,1017.8,1014.7,1005.60114,1007.04517,1004.3242,99.375,100.0,95.0,14.538989,17.017557,11.839661
1761,2024-10-27 00:00:00+00:00,3.0,27.95,13.95,19.341291,39344.84,0.0,14.428097,181.93924,32400.0,19.545834,25.919998,3.037274,13.85,65.678604,85.51161,32.137627,1015.26666,1017.0,1013.7,1004.5485,1006.15216,1003.09827,94.958336,100.0,51.0,14.960335,17.580635,12.194788
1762,2024-10-28 00:00:00+00:00,51.0,23.7,15.9,18.4508,39229.066,0.1,22.970285,153.86653,32350.217,18.735416,39.239998,2.6505437,13.02,73.56524,95.3259,48.18479,1012.26263,1014.5,1009.4,1001.5485,1003.71387,998.79877,53.25,100.0,1.0,15.413581,16.986467,13.267101
1763,2024-10-29 00:00:00+00:00,1.0,23.15,11.75,13.555893,39114.12,0.0,23.586184,309.5076,36874.344,16.564583,40.68,3.8712375,14.7,48.434753,86.91963,16.920965,1012.49994,1016.0,1011.0,1001.70245,1005.0483,1000.3358,5.625,48.0,0.0,10.021489,12.864271,8.081153
1764,2024-10-30 00:00:00+00:00,3.0,23.85,11.4,13.888668,39000.12,0.0,14.292725,49.295937,36258.81,16.537502,24.48,3.3307326,13.55,45.739132,60.242313,22.250734,1018.37915,1020.6,1016.4,1007.51764,1009.7473,1005.4459,33.041668,100.0,0.0,9.914035,12.725796,7.2589083
1765,2024-10-31 00:00:00+00:00,0.0,23.1,11.2,14.037936,38887.19,0.0,17.460928,201.37062,38376.098,16.458336,31.68,3.2343078,15.09,43.968433,85.63838,23.568241,1016.98755,1018.8,1015.1,1006.1382,1007.8653,1004.3389,0.0,0.0,0.0,9.664291,12.995506,5.4031143
1766,2024-11-01 00:00:00+00:00,3.0,23.15,11.5,14.26084,38775.434,0.0,17.477621,252.38342,38263.656,16.239582,31.68,3.0282202,14.86,52.647247,95.200134,26.48186,1013.82904,1015.7,1012.0,1003.00543,1004.7115,1001.32996,14.166667,100.0,0.0,10.491792,12.855482,7.177471
1767,2024-11-02 00:00:00+00:00,51.0,20.5,11.8,14.713367,38664.984,0.2,20.381372,152.0089,19094.484,15.493751,33.839996,1.8057449,8.95,77.22532,95.17622,50.90286,1013.0999,1014.9,1011.5,1002.25714,1004.0484,1000.8098,77.375,100.0,4.0,12.798595,14.443256,9.377881
1768,2024-11-03 00:00:00+00:00,3.0,25.85,12.75,14.44402,38555.957,0.0,26.988598,325.1464,37339.86,17.802084,43.92,4.3269963,14.39,46.461063,96.1391,12.928604,1010.73334,1013.3,1008.1,999.99945,1002.4412,997.6831,15.5,100.0,0.0,10.655493,13.183655,8.422178
1769,2024-11-04 00:00:00+00:00,0.0,24.45,9.55,12.603183,38448.49,0.0,18.533009,7.753034,37914.062,15.974999,28.44,3.5879586,14.78,33.631535,47.71306,13.673005,1016.49585,1018.5,1013.8,1005.6329,1007.72125,1002.91895,0.0,0.0,0.0,7.8615513,11.461456,4.124652
1770,2024-11-05 00:00:00+00:00,3.0,24.4,10.0,14.518933,38342.695,0.0,13.538345,114.88443,37600.746,16.993752,24.119999,3.3204784,14.64,42.473434,86.68751,21.070992,1013.96674,1017.2,1010.4,1003.1687,1006.23346,999.54816,41.958332,100.0,0.0,9.9388075,14.354639,4.8912115
1771,2024-11-06 00:00:00+00:00,3.0,24.45,11.25,13.292512,38238.707,0.0,13.184308,44.35502,37288.066,17.104166,24.48,3.81125,14.81,27.787172,66.90736,4.931729,1012.35425,1017.0,1010.1,1001.57733,1005.98566,999.1796,55.041668,100.0,0.0,7.353166,10.312659,3.2365084
1772,2024-11-07 00:00:00+00:00,0.0,22.9,7.7,10.224992,38136.664,0.0,17.468348,27.323833,37573.113,14.3499975,30.599998,3.7541726,14.82,24.316507,49.190365,7.578544,1019.15826,1021.2,1017.4,1008.20514,1010.1916,1006.29047,0.0,0.0,0.0,5.453279,10.106204,1.4354672
1773,2024-11-08 00:00:00+00:00,0.0,24.5,10.2,12.182944,38036.22,0.0,17.750774,359.6852,37262.734,16.343752,29.16,3.846289,14.62,19.056799,32.07712,8.5057125,1018.9958,1021.3,1016.1,1008.1197,1010.33716,1005.37225,0.0,0.0,0.0,6.099894,9.143082,3.1786222
1774,2024-11-09 00:00:00+00:00,3.0,26.0,11.75,13.996295,37936.51,0.0,15.315873,86.877914,36952.758,17.549997,25.199999,3.6084368,14.48,24.374817,37.572433,10.675541,1014.929,1016.7,1013.0,1004.1412,1005.6988,1002.40735,6.375,85.0,0.0,7.7818675,11.114664,4.4925337
1775,2024-11-10 00:00:00+00:00,3.0,25.95,11.9,15.217075,37837.61,0.0,15.210799,172.6525,35266.633,17.622917,26.64,3.0506136,13.99,39.399937,97.07265,15.723281,1015.22925,1016.6,1014.0,1004.44135,1005.6262,1003.08124,79.416664,100.0,0.0,9.8727255,14.1697445,6.245407
1776,2024-11-11 00:00:00+00:00,3.0,19.95,8.55,12.873998,37739.63,0.0,16.199999,181.5481,36333.85,14.077084,31.319998,2.2387402,13.38,75.32894,97.70857,44.650864,1016.60406,1017.8,1015.3,1005.67,1006.83417,1004.4703,21.541666,87.0,0.0,11.191117,13.684858,8.113634
1777,2024-11-12 00:00:00+00:00,2.0,21.85,10.75,12.218633,37642.68,0.0,21.863146,346.49945,36326.51,15.014584,33.12,2.969588,14.05,44.59079,88.416664,21.176414,1017.3542,1019.3,1016.0,1006.44727,1008.44055,1005.31683,15.5,77.0,0.0,8.584987,10.997044,5.6544046
1778,2024-11-13 00:00:00+00:00,0.0,26.0,6.8,13.043803,37546.88,0.0,9.906544,289.2901,36320.773,16.287502,21.24,2.7780318,14.26,24.757805,38.811157,9.448029,1017.7417,1019.9,1016.3,1006.8745,1009.0841,1005.7826,0.8333333,15.0,0.0,6.696654,10.424663,0.84410524
1779,2024-11-14 00:00:00+00:00,3.0,23.8,12.15,14.014668,37452.344,0.0,10.583326,184.85303,36316.586,16.437498,26.28,2.5035262,13.93,37.3631,88.02556,15.332691,1013.66656,1016.6,1010.4,1002.8521,1005.6796,999.64825,4.3333335,82.0,0.0,8.712012,12.496094,4.9808083
1780,2024-11-15 00:00:00+00:00,51.0,18.6,10.95,12.524369,37359.195,0.3,14.248452,289.5608,35100.08,14.487499,32.399998,2.5439367,12.06,62.409008,96.406204,29.30516,1010.9626,1012.7,1009.3,1000.1052,1001.8346,998.60046,26.041666,97.0,0.0,10.124921,12.750891,6.047024
1781,2024-11-16 00:00:00+00:00,0.0,20.3,5.8,9.838534,37267.547,0.0,11.594292,310.4859,35704.715,12.629167,30.239998,2.4615035,13.78,45.458515,67.54897,14.437838,1013.10004,1014.8,1011.6,1002.1473,1003.8821,1000.92694,0.375,3.0,0.0,6.466478,9.93837,2.598199
1782,2024-11-17 00:00:00+00:00,0.0,20.0,5.6,9.55997,37177.53,0.0,11.4862,144.88133,35703.97,12.616666,29.16,2.435174,13.72,35.872322,61.21157,16.192865,1014.4792,1016.3,1012.6,1003.51117,1005.3978,1001.8746,3.1666667,19.0,0.0,5.630367,9.199683,0.4272089
1783,2024-11-18 00:00:00+00:00,3.0,19.25,8.85,11.228428,37089.266,0.0,12.313894,7.5947375,35399.44,13.416667,28.08,2.396598,13.34,53.899853,76.12179,33.651646,1015.0959,1017.0,1013.6,1004.15314,1006.0922,1002.8674,18.833334,97.0,0.0,8.362148,11.7411785,5.143717
1784,2024-11-19 00:00:00+00:00,3.0,20.8,7.55,11.446786,37002.88,0.0,6.7469993,13.675682,35095.285,13.464583,20.880001,2.0615788,13.03,53.835236,84.606094,24.29507,1017.70844,1019.5,1016.0,1006.7381,1008.5578,1004.9891,63.041668,100.0,3.0,8.114925,10.44309,5.7152767
1785,2024-11-20 00:00:00+00:00,3.0,23.95,7.95,12.035397,36918.5,0.0,8.574123,245.40022,35404.438,15.008334,20.519999,2.560953,13.61,31.812048,50.04248,11.648843,1020.7334,1022.9,1019.6,1009.7878,1012.0617,1008.5034,8.125,90.0,0.0,6.77976,9.93769,2.4812155
1786,2024-11-21 00:00:00+00:00,3.0,25.5,9.6,13.436638,36836.258,0.0,8.287822,231.4949,35102.2,16.172916,20.16,2.3988278,13.76,30.28485,67.656685,7.980216,1019.7666,1021.8,1017.7,1008.8755,1010.8803,1006.93317,28.75,100.0,0.0,7.415111,11.25769,2.715898
1787,2024-11-22 00:00:00+00:00,0.0,23.65,8.6,13.147392,36756.28,0.0,7.1684303,194.30449,35107.953,14.7625,19.44,2.2464263,13.36,54.91812,89.35724,19.69436,1017.32916,1019.3,1015.3,1006.4117,1008.1855,1004.5166,0.0,0.0,0.0,9.303817,11.5120945,4.8236485
1788,2024-11-23 00:00:00+00:00,51.0,14.3,8.5,11.333991,36678.703,0.6,5.414979,112.52828,1719.0756,11.881251,13.679999,0.51129174,2.63,85.47775,99.663475,70.559746,1015.92926,1017.5,1014.5,1004.9196,1006.4263,1003.5701,81.375,100.0,1.0,10.265547,11.44293,8.260673
1789,2024-11-24 00:00:00+00:00,51.0,18.65,11.15,14.257777,36603.668,1.1,8.893166,245.25902,30715.283,14.508334,22.319998,1.6735324,10.21,79.152306,96.41175,52.18579,1017.50006,1019.9,1015.1,1006.5733,1008.8198,1004.17883,77.625,100.0,5.0,12.085793,12.980562,10.7195015
1790,2024-11-25 00:00:00+00:00,3.0,19.75,9.35,13.717656,36531.297,0.0,3.563818,345.25638,15138.036,14.510417,13.32,1.2526093,6.76,67.53362,97.687935,42.756058,1020.45825,1022.0,1019.6,1009.4986,1010.96625,1008.7495,72.25,100.0,5.0,10.701022,14.10976,7.655074
1791,2024-11-26 00:00:00+00:00,51.0,17.85,12.95,15.604434,36461.73,0.1,4.510787,190.34863,0.0,15.687499,14.4,0.8197033,3.59,72.66424,90.56337,56.095806,1019.26245,1020.5,1017.7,1008.3616,1009.6539,1006.8798,81.916664,100.0,7.0,12.542806,15.600607,10.4105015
1792,2024-11-27 00:00:00+00:00,3.0,21.45,14.0,17.69,36395.113,0.0,9.3962755,230.96901,30122.506,16.783335,25.199999,1.6318702,9.84,85.760345,96.23221,57.834927,1016.7957,1018.2,1014.9,1005.9619,1007.35803,1004.17773,77.416664,100.0,3.0,15.04491,16.027824,13.437984
1793,2024-11-28 00:00:00+00:00,3.0,23.5,11.5,15.024751,36331.207,0.0,6.6087217,260.45087,34762.082,16.254168,20.519999,2.208559,12.14,58.079895,100.0,22.717112,1016.79175,1018.5,1014.8,1005.9365,1007.54987,1004.2029,61.083332,100.0,5.0,10.903632,13.310642,5.4096003
1794,2024-11-29 00:00:00+00:00,3.0,22.65,9.25,11.767461,36269.35,0.0,5.6521144,28.963926,23596.014,15.03125,16.199999,1.63027,8.1,23.378237,32.5319,8.593758,1016.9416,1017.8,1015.7,1006.0388,1006.9474,1005.0847,78.875,100.0,1.0,5.8510528,8.682457,2.9104562
1795,2024-11-30 00:00:00+00:00,3.0,25.45,9.3,13.104682,36209.59,0.0,4.514377,38.50067,27700.395,16.34583,15.84,1.9960941,10.92,22.737389,34.134953,6.8810577,1017.54596,1018.8,1016.1,1006.68427,1007.9535,1005.3848,77.625,100.0,4.0,6.4842696,11.028334,2.715942
1796,2024-12-01 00:00:00+00:00,3.0,24.45,12.85,14.841929,36152.004,0.0,7.519175,222.35739,34737.902,17.352081,20.16,2.2156088,12.18,32.287018,62.686752,11.794342,1019.0791,1020.4,1018.0,1008.2409,1009.6196,1007.3856,32.083332,100.0,0.0,8.75895,11.626551,5.8025455
1797,2024-12-02 00:00:00+00:00,3.0,22.6,10.35,13.446109,36096.664,0.0,3.7799997,323.84164,34397.637,15.747917,12.24,1.8169594,11.48,36.459023,52.720406,18.720455,1019.2251,1020.5,1017.6,1008.3256,1009.62054,1006.79034,59.333332,100.0,0.0,8.188245,11.73834,5.117882
1798,2024-12-03 00:00:00+00:00,3.0,21.45,10.85,13.627425,36043.66,0.0,6.299999,134.32286,33769.812,15.168748,17.64,1.8820038,10.8,52.358677,87.96834,35.9018,1019.3166,1021.1,1018.2,1008.3947,1010.0857,1007.45624,72.25,100.0,0.0,9.758399,13.229422,4.8163204
1799,2024-12-04 00:00:00+00:00,3.0,19.7,10.3,13.171666,35993.05,0.0,4.0449967,132.03899,29084.121,13.743751,14.759999,1.6494776,10.66,74.31457,95.75369,51.590702,1021.1084,1022.8,1019.6,1010.11346,1011.7979,1008.83527,29.291666,100.0,0.0,10.8018875,13.720112,8.585531
1800,2024-12-05 00:00:00+00:00,0.0,21.2,7.45,11.92505,35944.926,0.0,5.004518,138.44745,34733.78,13.045834,15.84,1.766992,11.99,67.65324,94.78866,28.356953,1019.60004,1021.7,1017.5,1008.5937,1010.66376,1006.6038,0.125,1.0,0.0,9.273107,11.932823,6.157811
1801,2024-12-06 00:00:00+00:00,3.0,25.0,5.95,11.682575,35899.36,0.0,5.0432134,228.9184,34737.516,14.006248,16.919998,2.0537298,12.12,44.97698,100.0,13.90939,1017.9666,1019.7,1016.6,1007.01105,1008.77094,1005.7636,10.0,99.0,0.0,7.2882314,11.749901,1.1293678
1802,2024-12-07 00:00:00+00:00,0.0,26.25,6.8,12.694077,35856.42,0.0,4.896529,344.99863,34743.074,15.954165,12.24,2.1839573,12.31,23.117758,34.50347,9.509134,1018.42084,1020.3,1017.3,1007.5342,1009.526,1006.60126,0.0,0.0,0.0,6.320112,10.416883,1.1764455
1803,2024-12-08 00:00:00+00:00,3.0,21.2,9.6,12.367534,35816.2,0.0,8.019601,117.03801,30505.266,14.699998,19.44,2.2652082,10.76,44.479828,98.68641,26.530285,1018.02924,1019.8,1016.7,1007.103,1008.9261,1005.8924,50.333332,100.0,0.0,8.415767,12.772791,3.1784453
1804,2024-12-09 00:00:00+00:00,3.0,19.65,9.7,11.730798,35778.758,0.0,6.2613096,49.185028,34749.637,13.014583,16.919998,1.6748118,10.97,70.65105,99.66835,26.534918,1019.3625,1021.8,1017.9,1008.35846,1010.7337,1007.0374,40.541668,100.0,0.0,9.590762,10.907968,6.161566
1805,2024-12-10 00:00:00+00:00,3.0,20.15,5.1,8.292906,35744.18,0.0,6.623413,17.673391,34770.312,12.285416,16.199999,2.1778815,12.56,15.072915,34.43731,6.442657,1024.6041,1027.2,1022.4,1013.5137,1016.1352,1011.2848,15.958333,100.0,0.0,2.9843094,6.635071,-1.2471333
1806,2024-12-11 00:00:00+00:00,3.0,22.15,5.15,8.912633,35712.54,0.0,6.4323244,344.758,25147.324,12.929166,13.679999,1.8836558,8.69,14.402328,22.220217,5.934202,1019.8792,1025.0,1015.3,1008.86285,1013.7581,1004.48505,96.958336,100.0,29.0,3.182167,7.099436,-0.96368456
1807,2024-12-12 00:00:00+00:00,51.0,15.55,6.65,9.262345,35683.902,0.4,6.489992,142.06665,26694.07,11.76875,19.44,1.3703586,7.51,43.410397,86.85427,14.549294,1015.10834,1017.5,1013.4,1004.103,1006.4263,1002.27747,58.458332,100.0,0.0,6.0178866,10.791894,0.25246763
1808,2024-12-13 00:00:00+00:00,3.0,17.8,5.85,10.3667,35658.355,0.0,7.388775,64.29652,34725.504,11.789585,21.599998,1.6323547,10.92,72.21915,87.6139,46.404934,1020.4209,1022.4,1017.7,1009.3577,1011.39655,1006.5853,26.416666,100.0,0.0,8.728594,11.497211,3.603778
1809,2024-12-14 00:00:00+00:00,3.0,19.4,8.75,11.695644,35635.965,0.0,9.92778,243.9859,22267.723,13.045834,22.68,1.6874136,9.62,66.35049,86.64452,38.364647,1021.9541,1023.5,1021.0,1010.9229,1012.51105,1009.95416,88.541664,100.0,19.0,9.27348,12.094822,5.764084
1810,2024-12-15 00:00:00+00:00,3.0,18.8,6.2,10.1263075,35616.8,0.0,6.2405767,19.290138,34848.516,11.75,16.199999,1.7024795,11.62,66.62534,94.00362,34.85052,1021.3167,1023.1,1020.0,1010.2422,1012.0718,1009.1962,12.166667,98.0,0.0,8.036592,10.623094,3.972373
1811,2024-12-16 00:00:00+00:00,3.0,22.0,7.45,10.863347,35600.934,0.0,7.4520864,245.60968,33740.266,13.5,20.880001,2.1036115,11.62,41.8636,75.41871,17.175854,1019.8501,1020.9,1018.8,1008.85724,1010.0318,1008.0243,63.708332,100.0,0.0,6.827576,10.071331,2.7932248
1812,2024-12-17 00:00:00+00:00,3.0,23.25,9.05,12.582504,35588.434,0.0,7.42159,111.25057,34890.32,14.908333,18.359999,2.0534375,11.45,41.982212,72.85435,20.772348,1019.22076,1021.3,1017.5,1008.28906,1010.32166,1006.74286,18.625,94.0,0.0,8.1128645,11.4941025,4.3262157
1813,2024-12-18 00:00:00+00:00,0.0,26.0,11.25,14.561211,35579.29,0.0,5.2694216,18.970594,34913.832,17.541662,16.199999,2.1569717,11.64,25.077082,34.269073,13.255915,1019.125,1021.2,1016.9,1008.29175,1010.4276,1006.27563,0.0,0.0,0.0,7.886459,11.590227,4.6380787
1814,2024-12-19 00:00:00+00:00,3.0,26.35,9.05,13.882802,35573.348,0.0,3.964089,86.42364,34939.637,16.539585,12.24,1.9776584,11.25,32.058548,77.019196,11.85935,1018.8293,1020.5,1017.5,1007.9612,1009.7185,1006.8026,43.625,100.0,0.0,7.9307427,11.210788,3.286982
1815,2024-12-20 00:00:00+00:00,3.0,21.55,8.65,13.032437,35570.582,0.0,7.8149853,196.73605,32400.0,13.716664,17.64,1.7776952,10.9,75.351845,96.99882,34.668053,1020.7917,1022.5,1019.4,1009.79816,1011.4118,1008.5921,44.958332,100.0,0.0,10.737557,12.798874,8.279163
1816,2024-12-21 00:00:00+00:00,3.0,19.2,6.85,11.465408,35570.965,0.0,7.7900705,216.20702,34997.664,12.320832,22.68,1.7471532,11.31,79.45626,100.0,45.42299,1021.47925,1023.5,1019.8,1010.42474,1012.4751,1008.89404,64.333336,100.0,0.0,9.923076,12.885635,6.3785152
1817,2024-12-22 00:00:00+00:00,3.0,20.3,10.1,13.223172,35574.473,0.0,6.7757506,160.26299,25684.506,14.314584,16.199999,1.433358,8.24,64.57301,92.02744,30.971624,1019.67914,1021.0,1017.5,1008.72076,1010.0587,1006.78845,86.291664,100.0,6.0,10.123481,12.029543,7.7320404
1818,2024-12-23 00:00:00+00:00,3.0,20.6,9.85,13.398717,35581.07,0.0,6.1858225,107.31573,34275.0,14.154166,16.199999,1.6174116,10.28,70.75585,89.75854,46.548626,1019.56256,1020.8,1018.4,1008.59955,1009.8532,1007.6897,87.125,100.0,16.0,10.80875,13.851349,7.9680576
1819,2024-12-24 00:00:00+00:00,51.0,17.4,10.45,12.8376045,35590.734,0.1,17.87718,202.28566,15361.893,13.291665,38.519997,1.1333137,5.9,86.58602,100.0,47.288654,1018.31244,1020.9,1016.5,1007.331,1009.8974,1005.5881,83.666664,100.0,17.0,11.750794,14.073246,8.203078
1820,2024-12-25 00:00:00+00:00,3.0,17.6,8.35,11.020537,35603.43,0.0,21.782974,326.91736,33866.066,13.254167,46.44,2.0663505,11.07,59.1577,90.27744,39.422325,1017.90424,1019.9,1016.3,1006.92535,1008.9839,1005.31445,53.333332,100.0,2.0,8.759116,10.564762,6.324992
1821,2024-12-26 00:00:00+00:00,3.0,18.25,8.4,10.822224,35619.13,0.0,8.613709,81.4459,27549.59,12.495833,24.84,1.598392,10.27,63.181324,89.30169,40.22711,1017.85004,1019.6,1016.0,1006.84235,1008.5902,1005.22186,87.791664,100.0,28.0,8.488204,11.117819,5.236161
1822,2024-12-27 00:00:00+00:00,3.0,16.15,9.35,11.368905,35637.793,0.0,8.731391,95.31445,23920.734,12.062501,19.08,0.9376982,5.96,86.34054,99.335594,68.7017,1018.06256,1019.3,1016.8,1007.0368,1008.307,1005.9429,79.458336,100.0,11.0,10.522976,12.680601,8.779583
1823,2024-12-28 00:00:00+00:00,3.0,17.45,8.95,11.359981,35659.39,0.0,6.384293,87.41054,27108.764,11.943749,16.199999,1.3263811,9.15,85.19823,99.333755,57.618923,1019.30835,1020.8,1018.4,1008.2641,1009.70215,1007.5296,89.916664,100.0,1.0,10.258864,12.855988,8.008345
1824,2024-12-29 00:00:00+00:00,3.0,18.15,7.75,11.301456,35683.883,0.0,6.156947,187.89563,35149.918,11.835415,19.44,1.627985,11.34,84.881256,98.98582,53.123043,1019.70404,1021.4,1018.5,1008.6509,1010.34186,1007.60986,23.75,100.0,0.0,10.0834055,12.912033,7.4088707
1825,2024-12-30 00:00:00+00:00,3.0,19.2,8.25,11.24722,35711.24,0.0,6.3690495,55.518936,33264.938,12.170834,19.08,1.5996218,10.91,80.185356,100.0,45.845722,1017.575,1019.7,1015.9,1006.5574,1008.58496,1005.11194,61.875,100.0,0.0,9.87016,12.846186,8.100784
1826,2024-12-31 00:00:00+00:00,3.0,18.15,7.1,10.552366,35741.418,0.0,4.913044,39.173664,30664.19,11.702083,18.359999,1.5625864,10.78,73.27612,95.3408,38.27174,1017.19165,1018.9,1016.0,1006.16064,1007.91705,1004.9136,68.625,100.0,0.0,8.713305,10.582419,6.5033426
